systemId,yearCons,length_km_wrong,areaSquare_km2
1105000028,1973.0,7.304056273690643,0.004209070073134234
4305000003,1971.0,0.743785514578452,0.07982247573023238
1105000077,1969.0,0.28426614875412703,0.013917274521989048
1105200078,1960.0,1.0690563398501014,0.004811883707384999
1105000060,1963.0,3.983313579466689,0.013896313066064016
4305000004,1965.0,0.6841450074173457,0.24458014558045169
4305000007,1956.0,1.4726090097307802,0.12398626103776803
4305000014,1950.0,0.6500788901150579,0.8188638454522269
4305000015,1950.0,1.6479861793815578,1.915846599532445
4305000016,1950.0,11.23930758318214,4.2221268667299805
4305000017,1958.0,16.730118983236185,0.08561752957144887
4305000018,1958.0,2.1426653807317213,0.05250231704712141
4305000019,1960.0,12.727044132114203,0.10561471612837299
1105100066,1955.0,53.00696215970026,0.15489014884864122
4305000020,1966.0,13.974532109639966,2.8904175594912083
1105100038,1950.0,10.852607056801208,0.02491722718095692
1105200038,1950.0,26.303149763971316,0.006122990238102543
4305000022,1984.0,26.88555041946131,0.48976339112422723
1105000045,1960.0,4.808408605581542,0.003343253705736317
4305000023,1967.0,3.8618733184798386,0.5071039407731582
4305000024,1967.0,3.2170493216919764,0.17491326128440696
1105000051,1965.0,2.104874556213401,0.004699431590137264
4305000027,1948.0,17.218052287990535,0.48779272386452566
4305000030,1960.0,2.532537791170961,0.14520026553556178
4305000031,1960.0,4.560072606061795,0.044230452764883084
4305000032,1958.0,0.6395176300355095,0.8102661259836907
4305000033,1973.0,8.999281273837989,0.9171408928761241
4305000035,1973.0,7.121174861319566,0.5551431440142214
4305000034,1961.0,0.6975181141108545,0.26800440980265855
4305000036,1958.0,6.197384354707546,0.10343785714426793
4305000037,1973.0,2.3337696644318147,0.07614717444631429
4305000038,1958.0,4.529534066078456,0.0446551866997675
4305000039,1963.0,55.15093405613718,0.07541403516312005
4305000040,1966.0,1.1857625736070743,8.070756342158342
4305000041,1951.0,2.5899665262086327,0.10241795985399114
4305000042,1963.0,1.2502570216480502,0.1137326857274405
4505000019,1961.0,15.663568972649145,0.018226111722664407
4505000020,1961.0,8.264090505281823,0.04418616002706624
4305000043,1976.0,6.975341533863264,0.03194294791112471
4305000044,1963.0,4.225529954822354,0.05353080058612948
4305000046,1977.0,5.271129232634109,0.17211753401615024
4305000047,1983.0,1.8684722245124719,0.09791575671274046
4305000048,1983.0,4.022540282205698,0.025011487948473722
4305000049,1985.0,1.5337876419075869,0.14940397244784756
4305000049,1985.0,9.794985221592167,0.14940397244784756
4305000050,1975.0,72.86194393057818,1.0364645364529474
1105000067,1976.0,4.550366873350911,0.0584894254736834
1105000072,1976.0,7.990860590969305,0.19217449774073142
1105000015,1948.0,6.971125826270122,0.03302430957256946
4305000051,1969.0,3.2777390894723597,2.4983735477153224
4305000051,1969.0,1.023328011349043,2.4983735477153224
4305000052,1979.0,6.787352526949798,0.07290080015208504
4305000054,1967.0,1.3288086439575957,0.2040433241700815
4305000055,1967.0,3.532393569928257,0.1593699941555062
1105000068,1965.0,1.9078433253785998,0.06412675052390289
4305000058,1993.0,0.727874367098902,0.03959581896045774
4305000059,1993.0,1.4066085477226264,0.03605864766785918
1105000055,1963.0,1.335752250178987,0.07130169528388247
1105000019,1960.0,3.0199834970540795,0.0025920465677899676
4305000061,1965.0,3.695902319745957,1.6516699980153873
1105300080,1960.0,2.329681755167152,0.002135067833736263
4505000037,1960.0,1.2727296324763075,0.023661880455389177
4505000001,1960.0,4.352740750411412,0.20191560766463593
4505000002,1960.0,11.106229073604739,0.016325721901067326
4505000003,1960.0,2.7418374679267616,0.044643562507063174
4505000004,1960.0,4.356881979632287,0.01033943214983637
2305150001,1984.0,3.8434005006713696,0.1925238154956477
2305150003,1984.0,23.37580570418866,0.011156603545015253
4805000001,1960.0,3.420598121245333,0.31522259705284345
1305000136,1960.0,6.968615558730042,0.13268663985455306
1305000345,1959.0,6.0059894086656,0.21262044879013975
4505000005,1989.0,5.336673340675029,0.026229016859411692
2305150002,1984.0,2.3581681723383396,0.11563848641184137
2305150004,1984.0,1.84375547539515,0.16152165714540992
2305370001,1949.0,1.3876506033352698,0.493606287239921
2305540001,1992.0,1.0735939823410456,2.2981806894184222
2305040001,1971.0,16.30842165784351,4.073551250732172
2305040001,1971.0,2.2780179886499408,4.073551250732172
4505000006,1971.0,0.38198890226244697,1.1614246937370183
4805000003,1964.0,21.495868037938294,0.7178413692342853
2305020001,1959.0,0.995562806308938,0.8970547133233563
2305180001,1964.0,11.488678549195594,0.04717519830099732
2305020002,1974.0,4.426868383691665,0.6738977360593844
500005000002,1976.0,0.1282013849583505,0.11486752272272797
500005000002,1976.0,22.794213508172167,0.11486752272272797
2305350001,1982.0,0.2242700358027062,1.2250639728002863
4805000004,1952.0,2.115201710072485,0.03303437508262336
2305600003,1954.0,1.226583948103006,0.03357431925837462
2305600004,1954.0,3.2382339071700996,0.21406103955643874
4805000005,1954.0,1.2976170979962773,0.10288129190752333
2305290002,1964.0,4.358334747008017,0.04407181403729334
2305020003,1974.0,1.031662382945783,0.21722274120537943
2305100001,1964.0,1.926991901335176,1.6960973162025506
2305400001,1981.0,4.024662357696111,1.1285088245406445
4805000006,1985.0,5.6076476986607195,0.5893365625757621
2305410001,1967.0,6.7928396690851365,0.5608407543335654
2305050001,1964.0,1.6846424162736455,0.03452165865793085
4805000008,1972.0,0.5864675332431302,0.32396357148723376
2305160001,1951.0,2.841819140085514,0.04788894209658886
4805000009,1962.0,24.915769264914342,0.19317725031590977
4805000010,1962.0,2.132562665025951,0.4031177509246498
4505000008,1988.0,1.898216993159373,0.014465733579949161
4505000009,1988.0,1.355583516880636,0.8102340694694903
4505000010,1988.0,9.14834297469638,0.1193546839553102
4505000007,1988.0,0.7011252195643496,0.6386026693982209
2305110001,1967.0,3.83188363911766,3.821717490410095
2305130001,1961.0,1.829856007161269,4.111241261382964
1205000023,1960.0,2.561342589239511,0.22287104466343594
2305420001,1968.0,0.8623015874269604,0.25394214585686975
2305140001,1965.0,5.764735234750607,0.17969438356322456
2305430001,1959.0,1.5762734458566061,0.12253292915595394
2305430002,1959.0,1.0559917315167942,0.02075790582762146
2305440001,1977.0,17.86276019877392,6.626068219637579
4505000011,1964.0,2.8987231008921173,1.5646672319239254
4505000013,1974.0,2.330881872878401,0.21932846374149814
4505000014,1952.0,1.4168370146958744,0.08246555395342882
1205000092,1952.0,6.454995705032459,0.004902012354475186
2305520001,1971.0,3.9590430823534812,0.009071542292367346
1305000004,1969.0,4.779193212321404,0.19301144015508673
2305470001,1976.0,0.9473861218153464,0.5275708781634888
2305020004,1974.0,1.7203945848177982,0.7897516363163203
2305490002,1964.0,2.7434865632869236,0.17896263415437502
2305490001,1964.0,10.208902859181297,0.06471137155872995
1305000581,1964.0,1.6360984728571006,0.004628991635494991
2305130002,1961.0,3.707949798437153,1.2684654100928952
1205000032,1960.0,1.1458524972567221,0.28416835563967147
4805000002,1968.0,3.9831014319114884,0.029898097998065844
2305330001,1986.0,1.406588046786885,18.127112933078674
4505000015,1978.0,0.7850693544948499,0.3135291765337122
2305180002,1964.0,11.220785551197977,0.17596587431166194
500005000024,1971.0,2.158746310175281,0.47083825779362315
2305520003,1971.0,6.259448468374966,0.04048091014588993
2305500001,1977.0,1.2378908779985018,0.6789866722272423
2305500001,1977.0,1.2378908779985018,0.6789866722272423
1205000104,1948.0,2.301534439805489,0.0106831160488707
2305190001,1948.0,15.951654212116429,0.24176674281412722
2305200001,1994.0,7.090352549458755,5.437518750673717
2305530001,1963.0,0.46433404152486674,0.13035830751221747
2305530002,1963.0,2.381309800436858,0.017789166024852088
2305530003,1963.0,0.7934893463535471,0.11829831207104617
2305530004,1963.0,1.7238801498623544,0.06475857339501362
2305530006,1963.0,0.5233764604323243,0.00928929428581319
2305530005,1963.0,1.7661976644742021,0.06840454008961733
4505000016,1974.0,17.45686252127934,0.10926984864503993
4505000017,1974.0,9.467017876108073,0.1750915575044939
4505000018,1974.0,1.7004370389411714,0.04528642804430783
2305220001,1971.0,41.41065891965502,0.7787303792459336
4605000001,1971.0,1.3175703839777144,0.3631726702205751
1105100081,1961.0,5.972548017920702,0.0744087500891209
1105200081,1961.0,8.334081255685499,0.25686292026022617
1105300081,1961.0,2.4603763314760485,0.28755417729412985
4505000032,1961.0,10.219082454314718,0.2856076907495162
4505000030,1961.0,2.151730485706313,0.765235515630313
4505000031,1961.0,3.314834158091256,0.04570070827203983
4505000029,1961.0,9.202798147843064,0.02946164633692207
4505000034,1961.0,1.8198910034433962,0.26320641502613956
4505000033,1961.0,3.0341379074490336,0.4258058965586448
2305010001,1950.0,2.5918085829986754,0.2408287810971684
2305080001,1948.0,0.8512991809645345,1.993315017514393
2305120001,1976.0,0.9052430871281805,7.109638241484193
2305170002,1955.0,6.908432214673494,0.17402349472560313
2305170003,1955.0,5.133076617541065,0.06101522552288923
2305320001,1950.0,6.978741761934959,9.413677175000684
2305170001,1955.0,3.240032948292401,1.6475193589172554
2305320002,1955.0,9.435196511968606,5.3531941440406
2305550001,1961.0,0.7108749097733496,0.5256288929486775
2305550002,1961.0,7.273190655427505,0.04192008653522364
1205000048,1964.0,2.310837725941676,0.015590934778531603
2305560001,1973.0,4.4531476072758585,0.15111676036143326
2305560002,1973.0,6.163032872218526,0.08632787076050082
4505000028,1958.0,0.24604480127943051,0.21140609882356
2305330002,1986.0,1.826529637112665,0.7621952745711411
2305380001,1954.0,26.309670425528086,0.0567323635022062
4505000027,1966.0,2.5829067212224706,0.289995683819051
4505000021,1978.0,13.69176150067817,6.616770746963553
4605000002,1995.0,1.6610772060955348,0.6733629475400892
4605000007,1994.0,3.4569108472488894,1.6436734286377448
2305100002,1964.0,6.814086044369865,0.3508689277828511
1205000103,1948.0,1.365112257647613,0.0050944565240625276
4505000022,1971.0,5.574199476458319,0.030699169690177573
4505000023,1971.0,3.1764592642226783,0.04306977771439379
4505000024,1965.0,9.700026484460084,0.17673438426763177
4505000025,1976.0,33.38352768795881,0.005651089601067899
4505000026,1976.0,2.896634863891298,0.004675754503947054
2305570001,1949.0,22.51297643711601,0.13300284616971902
4605000005,1989.0,2.8089384676946914,0.177468401922576
2305010002,1950.0,2.5131604597408153,0.22373175135939466
2305080002,1948.0,29.156984455852562,0.04289840213344251
2305120002,1976.0,2.9192246410268057,10.400655269414326
2305270001,1969.0,9.219357943271067,0.2944190400109512
2305270002,1969.0,7.398366377292674,0.1392091309901781
2305320003,1952.0,1.7286962776948784,1.191560277785515
2305170004,1955.0,3.5211160404319806,0.5692335492406073
2305170005,1955.0,2.815684661450346,0.43698235817553244
4805000015,1962.0,2.9169806696473737,0.4131870819235689
2305280001,1951.0,1.851719156959645,3.6833992446549915
2305380003,1954.0,2.5046876595906657,0.0829071105628219
2305580001,1954.0,1.3597440638813754,0.8514322180420482
1305000617,1979.0,1.119258218808812,1.3988778635668653
1205000211,1950.0,3.1229882747985447,0.17183589429396728
1205000245,1960.0,11.591797689698174,0.027885382537032908
2305130003,1961.0,0.24442666439858568,2.8016846016281267
2305380002,1954.0,25.185843382145837,0.0197114791372004
4805000016,1960.0,11.788806565386173,0.252913738334452
2305050002,1964.0,12.737273504933842,0.06320588024915659
2305100003,1964.0,1.3189041338103233,0.6538744876505563
2305160002,1951.0,7.028793547062106,0.03336977445745798
2305170006,1955.0,1.9500212219467072,1.9859191610704374
2305310001,1948.0,15.739937709984009,0.5336640401311864
2305330003,1987.0,21.299116180960283,8.767153684592326
2305340005,1951.0,0.792440038488267,0.15516390152405646
2305340003,1951.0,1.1340061557648706,0.2154584040482572
2305340001,1951.0,7.775315228545571,0.38880103987962755
2305340002,1951.0,18.420858032952413,0.08347960961737615
2305340007,1951.0,6.72805477413086,0.2000471576882426
2305340008,1951.0,5.977473117891039,0.1159969261358275
2305340006,1951.0,13.659104706292046,0.18395091132684552
2305340004,1951.0,19.082105193175973,0.15721905517775928
1405000063,1968.0,3.626393856108733,0.6303770339505462
3405000107,1958.0,8.228307047535864,52.843382949249445
3405000057,1964.0,3.789763889865235,12.542753285802565
6105001001,1983.0,4.509464549736539,0.5802457547748134
3405000039,1955.0,2.3912675935727736,201.31227425016658
3405000095,1966.0,2.7082505727668487,274.5608528767807
3405000007,1952.0,1.615853425495394,172.5963209225537
3405000006,1952.0,2.24326622426632,140.72911526759697
3405000016,1952.0,1.774784613282802,393.5308017703326
3405000015,1951.0,2.6947347064397076,576.6784355482528
3405000014,1952.0,0.5691261474490157,784.8882040603404
5905000015,1968.0,0.40961994656138667,33.873425206394884
5905000002,1968.0,3.2423853428971032,2.3098033132715106
3405000017,1995.0,0.3018024296334224,538.4849888348435
3405000108,1969.0,0.6177546248912581,1.9591947341637947
3405000041,1955.0,10.466188286009,374.1201425129322
3405000042,1956.0,3.5918667559441455,83.01473729489668
3405000020,1971.0,2.360459104466927,10.440406856204385
3405000036,1956.0,2.4640645373740426,20.728314816673137
3405000050,1966.0,5.408600097955184,2247.4228825265754
3405000051,1968.0,1.2894214732192297,141.30456054332996
3405000076,1967.0,4.3351309124174895,194.60809703865414
3405000102,1967.0,10.111656527817882,3.1525496714187153
3405000053,1961.0,2.9370854864189,1828.408120746079
3405000106,1966.0,21.234717756184253,0.49013308861965965
3405000030,1957.0,1.622264291085307,7.579133182238363
3405000032,1962.0,14.526563691192747,84.19962947639476
3405000033,1962.0,33.2423267797575,48.40597688933602
3405000034,1961.0,1.0055202820456435,28.940963625557135
3405000035,1973.0,10.000368657945954,95.45468496104043
3405000031,1973.0,5.712503149881921,70.76076935879712
3405000044,1953.0,4.274950520222247,23.966578101747583
3405000045,1953.0,1.9491774600003777,23.387450488878127
3405000038,1956.0,4.637543319411793,271.1152663372211
390005000001,1974.0,2.174053845707042,29.966499565456512
5405000002,1950.0,1.7262394577435125,9.77275708707163
4105000002,1957.0,12.048897513794662,0.25051841413180004
3405000063,1964.0,2.2062225515015146,57.962084697062544
3405000043,1956.0,1.263836489323641,100.70124355297774
6105009001,1962.0,0.9634524897680293,0.31392909807371067
6105009002,1962.0,0.3266893567544646,5.199209472422332
6105009003,1962.0,0.6509723487558878,4.326254588920969
6105009004,1962.0,1.1620452913694546,5.320030482862268
6105011001,1959.0,3.6490664371900188,6.041513424484322
6105005003,1987.0,15.545032004000308,0.021870952280639518
6105005002,1987.0,10.00170269237944,0.08432153762139329
6105005001,1987.0,6.091210904371276,0.2545304706890148
6105004001,1993.0,7.859478578145227,0.1893477751149631
1405000036,1985.0,3.0055681490922415,0.4554178709534431
3405000121,1964.0,5.105829993428069,1.695297582393308
3405000122,1964.0,1.827765484166473,2.0873305452367705
3405000115,1969.0,9.699399086020774,20.43055870104878
3405000117,1963.0,3.060404683982264,110.42125770220709
3405000114,1967.0,2.586435717743164,456.680479688071
3405000072,1970.0,2.2958797644181272,4.306873698117199
3405000065,1962.0,5.939113401262016,7.922534574243869
3405000073,1962.0,34.297132636976464,7.405978496552681
3405000118,1964.0,1.4596130962838942,5.3388150497951905
3405000119,1964.0,4.362116927036576,6.511972394348479
3405000047,1959.0,3.369385719693881,540.7138042771222
3405000046,1957.0,0.5414276120803189,449.51993504830784
3405000001,1991.0,1.5445790902573666,145.14977953076877
3405000010,1995.0,1.360035971367524,474.4919701033981
3405000052,1961.0,8.210280063210215,112.6789656849829
3405000055,1960.0,1.4370417898871672,423.2030393290373
3405000056,1966.0,2.1147601109531937,394.89649911457894
3405000037,1959.0,4.748395421765821,428.4055028654888
6105008001,1962.0,13.34794414367341,31.556443829963108
3405000064,1959.0,12.483511824602687,35.242320231693334
2705000001,1961.0,5.6483726490411446,0.8623120889299181
2705000002,1961.0,2.3282629812575895,0.010380547574708406
2405000001,1986.0,0.8477264373108082,0.21047497498948275
340005099012,1986.0,10.288185365269557,0.03272753226007688
340005099013,1986.0,7.979896194799881,0.03332273629270781
2405000014,1950.0,3.907659153800039,0.952856906277764
2405000014,1950.0,0.8816413557246959,0.952856906277764
2405000014,1950.0,1.4799942148276408,0.952856906277764
2405000015,1950.0,14.1369352441091,0.01735895560197515
2405000003,1982.0,1.0840925210053947,0.1423770152529541
2405000004,1949.0,1.392601543151131,0.26933959521194
2405000031,1949.0,4.017396871306064,0.09482664614631948
2405000005,1949.0,1.8326564940584897,0.12046974932913491
2405000006,1977.0,0.5732717401335403,0.014190719766351601
2405000006,1977.0,1.5970061695822741,0.014190719766351601
2405000007,1977.0,2.590890921919172,0.8564233453392228
1205000258,1986.0,6.805330335481047,0.05845070267648174
340005099004,1986.0,1.1306652370703747,0.6864531052608078
2405000008,1948.0,1.4453970906449718,0.16346887532698615
2405000030,1958.0,2.0622100816464672,0.06960476973467572
2405000009,1986.0,3.257685943541636,0.08798273908438863
2405000010,1989.0,13.306949253744802,0.04770260435258816
340005099001,1987.0,1.1054367200019308,0.9529797610005434
340005099001,1987.0,13.21959302661969,0.9529797610005434
340005099001,1987.0,3.1637604724716786,0.9529797610005434
340005099001,1987.0,0.44371609282571894,0.9529797610005434
340005099001,1987.0,0.38061174226967964,0.9529797610005434
2405000011,1985.0,1.363751962395475,0.03333895530642845
2705000019,1967.0,1.1269011019945248,0.11077110475518252
2705000007,1967.0,4.623704704237153,0.15017588388980954
2405000024,1958.0,7.183122708593516,0.5360967111710395
2405000025,1958.0,15.266966390292318,0.06022522675610793
340005099006,1986.0,16.42198157497418,0.47057683970463093
340005099008,1988.0,8.163162786221651,19.148160323024552
1505000058,1988.0,2.448304710739511,0.7441091467640175
1505000242,1988.0,4.2852362321578905,0.07013963126985467
2405000021,1992.0,2.2661136539014097,8.91866329318575
340005099014,1987.0,1.3466043020144483,1.3537343179656975
2405000020,1986.0,1.7661976644742021,1.2904410233054218
2405000018,1949.0,1.9378089694737988,0.05408389410290438
2405000019,1949.0,2.682685617011017,0.18352543136581365
2705000006,1987.0,2.1616326165390154,0.03944326266311482
2405000026,1973.0,0.5044568021377382,1.3846409593869604
2405000012,1972.0,2.858692101028892,2.18456999016523
2405000013,1972.0,0.9342771274148868,0.7296761832538717
2405000028,1981.0,3.246367056533594,0.27515517939043627
2405000022,1981.0,0.36042088759521956,0.10909552159633984
2405000029,1981.0,5.845076184045272,0.09162304408467882
2705000010,1948.0,2.323370059900358,2.2845965492686586
2705000011,1948.0,2.009767143115772,1.555435910166711
340005099017,1990.0,0.9624571874263553,0.07361875722549328
340005099016,1990.0,10.086202380697278,0.02181142149638317
2405000023,1995.0,3.861295053014561,0.09967148756016934
2705000020,1975.0,2.151730485706313,0.13550302527688787
2705000022,1975.0,0.5401222200713979,0.09285696731876267
2405000027,1988.0,4.789791859246781,0.4529322077855741
3305000027,1972.0,62.92130151151062,0.05156624956489655
3305000001,1953.0,14.750465736046001,1.441436462092633
3305000002,1953.0,9.556158185865543,0.14795361002495702
4205000006,1995.0,1.3572891976474872,2.7544113041068266
4905000064,1982.0,1.4393080667023823,0.13856487025206918
4905000032,1955.0,2.588160118432155,0.12956462887225237
3905000002,1960.0,1.5491242898600794,212.87629808559083
4905000033,1959.0,0.3874601335626827,0.5567478365618395
4905000066,1959.0,0.4045631703582351,0.07580715451812241
4905000034,1959.0,2.990329522147874,0.28845199450517617
3905000041,1949.0,4.2154990569391275,4.7943776660247
3905440001,1952.0,1.8991650822015902,8.68922631250013
3905440001,1952.0,33.06487243763638,8.68922631250013
3905000022,1950.0,31.108424118730934,1.1959722580987782
3305000003,1959.0,24.27843202771816,1.0501641055815556
1305000625,1956.0,17.320298786741134,0.041270951951999174
3305000005,1983.0,1.869085849258619,5.578991954912822
3905000003,1948.0,62.248370305712534,8.827926928085072
1505000042,1972.0,4.5189724669054,0.06246771603158245
4005000002,1950.0,3.0649258261879897,13639.157353503895
4005000002,1950.0,3.0649258261879897,13639.157353503895
4005000002,1950.0,36.36526149397951,13639.157353503895
4005000002,1950.0,36.36526149397951,13639.157353503895
4005000002,1950.0,14.67858778705115,13639.157353503895
4005000002,1950.0,14.67858778705115,13639.157353503895
4005000002,1950.0,3.870232607921356,13639.157353503895
4005000002,1950.0,3.870232607921356,13639.157353503895
4905000035,1967.0,5.450876982077554,0.43876128799292224
4905000036,1967.0,1.7319562394842112,0.012103811057647093
4905000072,1955.0,1.8360653043879094,0.057729817794251244
4905000037,1955.0,1.084827057033095,0.17602914674232825
3905000023,1955.0,1.4847804599161258,2.6972873711065466
4905000039,1961.0,3.2190563729986974,0.04172264047617714
4905000040,1961.0,0.8553616885072364,0.006481188345008992
3905000004,1981.0,0.3019988977128942,0.6893119806944658
3905000005,1951.0,6.978741761934959,1.677282396978869
4905000041,1987.0,2.325626480558578,0.4739931986621795
4905000007,1949.0,1.9575735407949246,4.204034466719603
3905000006,1971.0,0.6098653659361184,24.918202290737394
4905000005,1987.0,5.378278315899899,0.1423995859271305
3905100001,1994.0,1.7775392002172707,42.68088859759663
3905110001,1970.0,3.315491970676757,1.7667646991768993
4905000019,1970.0,1.9311526970389712,0.18796867558846952
4905000023,1970.0,2.304559081566032,0.09985771188607832
4905000074,1952.0,1.8871420242367978,0.001355538878146574
4905000044,1960.0,0.8460800443807445,0.08671465643183639
4905000045,1960.0,2.9873295213916755,0.03233745588037625
3905000026,1988.0,2.288427096649674,0.010423970476538742
3905000027,1950.0,4.123202316699916,12.518465994936706
3905000009,1953.0,2.0521787521653074,0.2426437716191347
3905100002,1994.0,2.917605740807361,0.21556346729912026
3905100003,1994.0,0.31328807846613216,2.687949967146455
1505000946,1987.0,1.3317708047562882,0.7263103571572137
4905000046,1954.0,7.647451197275732,0.06784955359622365
3905000011,1949.0,26.906965641229213,20.196852533857356
4905000006,1957.0,2.4302182747332677,0.054387336172622376
4905000031,1979.0,0.8429443287405513,2.3065707068473214
4905000029,1979.0,21.764598664625577,1.6143549457457584
4905000030,1979.0,3.6070407646082923,2.2013091856966875
3905000040,1974.0,0.7411417066901129,204.70598790390048
3905000042,1949.0,2.840931915600842,65.03626793957814
3905000028,1954.0,14.999529561676994,197.37465353486496
3905000015,1976.0,1.1517697421182786,83.60741477676463
3305000016,1956.0,2.063936343437886,1.4734566968810623
4905000050,1973.0,3.3727901287378157,0.05320054634021769
4005000001,1950.0,1.4968401382680034,66.8586404705337
4005000001,1950.0,1.4968401382680034,66.8586404705337
4005000001,1950.0,1.4968401382680034,66.8586404705337
4005000001,1950.0,32.44586452804702,66.8586404705337
4005000001,1950.0,32.44586452804702,66.8586404705337
4005000001,1950.0,32.44586452804702,66.8586404705337
4005000001,1950.0,132.58064141174643,66.8586404705337
4005000001,1950.0,132.58064141174643,66.8586404705337
4005000001,1950.0,132.58064141174643,66.8586404705337
3905000016,1971.0,1.5459830276648334,2.2275802787806342
3905270002,1950.0,8.100719600433163,0.1959511701958576
3905270001,1950.0,8.13745987252924,0.14830277927714094
3905270003,1950.0,1.5683513499539556,2.006437080426348
3905270004,1950.0,3.9935837185642065,1.3164371724549142
3905000030,1954.0,8.935401280889879,8.899485670181555
4905000056,1976.0,5.689754857800247,0.03916452767387736
3905000031,1951.0,2.445318500835068,1.778674704990678
4905000008,1952.0,0.5376371696466261,2.0703781743286656
4905000010,1952.0,0.41721402325219403,5.10654826744543
3905000032,1949.0,2.6879658730544183,44.82955566354585
3905000032,1949.0,4.65117492205845,44.82955566354585
3305000019,1950.0,3.2564072552419705,3.0985106807884257
3305000020,1988.0,7.286404542862605,1.6323274338607017
4205000004,1991.0,2.189902580364619,0.6614858185630604
4205000005,1991.0,5.272779293700114,0.19624603952283
3305000021,1951.0,2.969501878783075,0.9700174503460464
3305000022,1950.0,1.1070243825876407,7.745974599381336
4905000011,1951.0,3.794881147118222,1.8973892136711685
4905000012,1951.0,0.25445356789487883,1.4378993134062952
3305000023,1959.0,0.49503807109302866,0.23192651531514408
1305000548,1950.0,1.0720110406967367,0.007003749107699679
1305000551,1950.0,4.275872852242058,0.04371299719688504
1305000551,1950.0,5.183582611045149,0.04371299719688504
1305000551,1950.0,10.249541131657118,0.04371299719688504
3905000033,1952.0,2.5524110860589317,26.93262612044437
4905000057,1985.0,1.0815072884853727,0.09096601313085988
1505000935,1972.0,9.949259823849927,2.591405193704553
3905000034,1971.0,4.630812075968732,19.519587523164965
4905000058,1966.0,15.265652406124811,0.13559968965490765
3305000024,1960.0,2.1425739455661623,0.2881632511228892
3905000017,1953.0,5.962228176337605,1.0655924333975257
3305000026,1951.0,1.5363436298563062,0.05711588272894826
4905000016,1972.0,4.096203006133598,0.06242154446964113
4905000015,1972.0,6.445226038320587,0.13804082849911714
4905000017,1972.0,2.498150912951088,0.3130326416832652
1305000574,1986.0,5.105673521160216,0.004780845125163753
4905000059,1986.0,5.3086186794561865,0.01468486752855148
3905000035,1968.0,0.4181116219397463,3.6378987230292776
3905000036,1949.0,6.374468286345147,0.7089350748361002
3905000037,1964.0,0.6137632881750821,0.5052758984427951
3905000038,1951.0,3.6494445767740573,1.0823342540830336
1505000057,1973.0,0.9017307653854065,0.8028737860526677
1505000802,1973.0,1.8229492819908613,0.07029278124362677
1505000852,1973.0,15.913488907413084,0.20554092495813286
4905000060,1993.0,0.9414800384683881,0.02754715099456359
4905000061,1993.0,4.539257313069657,0.052872629628587416
4905000062,1962.0,0.8952611986499893,0.12795720675775688
1305000623,1962.0,2.145632527202978,0.0025976944821751898
4905000077,1962.0,3.3920105954535282,0.13037886722121902
3905000021,1977.0,9.426923603659095,1.7933638571441075
3305000013,1991.0,1.652796866454555,0.32086785057828
4905000004,1959.0,4.476775868085928,0.10657905137708178
4905000063,1960.0,30.76796086486804,0.09129993282026892
5105950070,1957.0,1.7188090181399869,0.06740669883121271
5105590225,1969.0,2.9367914144315277,0.21323977421207746
5105590220,1969.0,2.0287425217435255,0.11655527377670645
5105950071,1969.0,4.457472798958485,1.0801866710759873
5105010001,1967.0,4.139270569560316,101.13536692519251
5105020001,1988.0,5.097613592987372,1.8172629313854294
5605320001,1957.0,2.787013955167875,198.75618984550349
1805000830,1984.0,2.575159991220752,0.01802788532770291
1805000830,1984.0,2.575159991220752,0.01802788532770291
5705000001,1987.0,37.69298790910969,4.520094750599292
5605030001,1968.0,15.880046375510641,106.63942769637612
5605030001,1968.0,15.880046375510641,106.63942769637612
5105030001,1984.0,44.95460402046834,0.9924753298919079
260005000060,1950.0,11.983892429753897,0.11862165328218897
260005000059,1951.0,45.376417667210355,0.28826192621636354
5105040001,1963.0,13.645468370352091,2.627207552660907
260005000099,1950.0,4.889690509345216,0.21083242429466353
260005000100,1950.0,10.869523625525803,0.7830459598906798
4005000005,1950.0,0.4402718375955518,209.10052535549525
4005000005,1950.0,12.958170232223981,209.10052535549525
5605920001,1948.0,38.227793048834904,8.09059794550244
1505000413,1983.0,9.160142408408529,0.19516350720226444
1505000045,1971.0,14.933241829891655,0.18291579221757154
1505000046,1965.0,2.0859966948551603,0.14823412609313605
260005000065,1952.0,85.05246162866013,1.42260629607107
260005000062,1958.0,24.688941641882664,1.6982176188596723
5105590100,1975.0,20.03306287309584,56.47095948205587
5105050001,1976.0,28.391292050899963,8.137364991965205
5105050002,1977.0,18.09543110584586,0.10726960502531781
5105530001,1950.0,15.578330623402486,25.567258357782546
260005000101,1951.0,89.61407526998973,0.47382179907459215
5105870001,1958.0,6.9516476851398705,0.5598525495919007
5105870002,1958.0,4.635551159169826,0.37342848547439617
5105060001,1968.0,9.166257480525779,46.30263123052281
5105550001,1970.0,7.150141186967378,10.421849472668482
5105550002,1970.0,8.550103068505285,3.0321498856459703
5105550003,1970.0,10.058770993815642,1.608012601463271
5105550005,1995.0,1.0733529811113651,0.6746899216447741
260005000067,1948.0,6.3023421720091415,0.9715347015789725
5105080001,1963.0,58.403849694251754,20.676586476244502
5105090001,1973.0,174.80224670786507,4.783520305784693
5105100001,1983.0,20.672159475627762,10.423599115651806
5105100001,1983.0,20.672159475627762,10.423599115651806
1505000908,1954.0,23.897286203943388,0.028568153571362085
5105580003,1954.0,2.984403350506438,0.35892997382176933
5105580004,1954.0,1.5396444115112047,0.381470483988071
5105580002,1954.0,24.023419597261253,0.15861572507649588
5105580001,1954.0,5.5608896401238805,2.0271880887157887
5105580006,1954.0,3.721151686054588,0.22447972821599427
5105590140,1960.0,71.59142607061833,1.1736639445218604
5105590001,1949.0,62.746838650754924,0.1550198174201769
5105110001,1963.0,386.1670358015379,60.87370574486786
5105120001,1979.0,32.42197446714428,43.9991968760437
5105620001,1951.0,7.175181688076148,0.15889958837894644
5105620002,1951.0,57.35235229354126,0.1232027759844929
5705000002,1995.0,63.051849557367845,3.8462410433810117
5605180001,1960.0,18.146061431015646,229.6548772489246
5605180001,1960.0,18.146061431015646,229.6548772489246
5105130001,1966.0,18.645354502567873,61.27711199247297
5105140001,1970.0,6.718876927237651,36.957096332082166
260005000181,1951.0,8.608072766717257,1.3446173776623207
5105150001,1993.0,2.0341301597433206,0.14250410322053852
5105160001,1967.0,4.328595185828734,72.8283866146717
260005000197,1974.0,116.05474668625487,0.2850000868676726
5105950077,1967.0,11.666339679378057,0.2713757262894888
260005000111,1950.0,7.496810311774249,0.13629221740290856
260005000112,1950.0,4.105351710362184,0.11375997174494505
5105190002,1971.0,11.251520928931642,27.769424341119784
5105190001,1971.0,1.018560272138836,51.14386509994335
5105590250,1966.0,9.778718793013528,0.19732671731875934
5105640001,1950.0,5.122450527080023,42.90225284727616
4005000021,1950.0,4.434373036123117,2636.5979221890984
4005000021,1950.0,4.434373036123117,2636.5979221890984
4005000021,1950.0,12.04500875707216,2636.5979221890984
4005000021,1950.0,12.04500875707216,2636.5979221890984
260005000073,1950.0,4.826515615627875,0.03219019994270445
1505000285,1966.0,69.61232955136295,1.9906056534850085
1505000422,1966.0,13.784851823170966,1.0478895582204522
5105590150,1954.0,7.261445615126451,3.9671618406648874
5105700001,1980.0,121.19546673445464,6.086463601617477
5105780001,1975.0,49.514763236284615,3.9418998739167397
5105780003,1975.0,19.10819210591061,0.273444390883424
5105780002,1975.0,24.54396401947506,1.050473935662591
5605280001,1985.0,23.05662901681133,49.58967863205607
260005000124,1962.0,32.09003674127423,0.13501278529087554
260005000123,1962.0,264.1496919064705,0.6121664402848274
260005000122,1962.0,7.4347353577909745,0.5639651548603541
5105210001,1977.0,55.73758072765727,41.86577578435033
5605300001,1957.0,35.853394091065994,347.92923859580026
260005000121,1950.0,27.541073801232724,0.3932534228100029
5105800002,1988.0,60.473161805098314,5.3543202159901835
5105800003,1988.0,69.60123694215311,3.389447439505008
5105800001,1988.0,27.65882683315314,0.3437578937745961
5705000039,1964.0,26.012161902021887,0.2218479607164156
5705000009,1989.0,5.769583024272264,3.499725272702864
5705000042,1972.0,8.560130800675662,1.867407877459327
5705000011,1995.0,4.181938504600911,1.97701291682175
260005000125,1950.0,2.3541732034310465,0.25214768854058095
5105230002,1982.0,11.357474775042618,0.12660193824753554
5105230002,1982.0,11.357474775042618,0.12660193824753554
5105230001,1982.0,35.33645441994809,0.1978904930667181
4005000016,1950.0,17.8407720403766,541.8291133023156
4005000016,1950.0,46.33338525185159,541.8291133023156
260005000149,1963.0,0.532807795379133,2.3225382064943467
260005000078,1949.0,12.65105136385411,2.2920335461227803
5605360001,1951.0,11.131153630141977,65.36153458660634
260005000201,1955.0,13.575639461593022,1.1878172771185178
5105240001,1975.0,1.7057312557190754,3.5154891041546517
5105630001,1984.0,3.0794723545519997,2.576207666905831
5105630002,1980.0,7.60748104989411,8.316218466423686
5705000065,1968.0,23.391390126197777,0.22693187545134233
5705000064,1968.0,2.869258299607539,0.13883226276870986
5705000066,1968.0,1.7067191175984373,0.6101205204844582
260005000080,1949.0,951.4759491493548,0.28155882986215225
5105250001,1957.0,951.4759491493548,2.4763907693704277
260005000130,1949.0,2.4079051906243003,0.8357868996081117
5105660001,1966.0,11.843262962130138,85.04555234712466
5105260002,1968.0,5.18896521594672,3.5292151670019547
5105260003,1968.0,10.026733002029776,9.957414553016376
5105260001,1968.0,5.621110953095397,180.3565638114697
5105260005,1968.0,8.374437046569128,68.8728899548812
5105260006,1968.0,56.54305549377012,169.41234927143037
5105260004,1968.0,3.9796778443112335,45.71371689422648
5105300001,1991.0,48.989981300513236,24.076568137837075
1705100118,1963.0,11.490352810695068,6.225253457920694
260005000133,1948.0,5.712058331931919,0.5542762277353908
1505000071,1969.0,44.12221638983744,0.10296120644176185
260005000075,1973.0,2.3480989995739003,0.8854544437382322
260005000131,1963.0,3.8185817309864873,0.05775114838948302
260005000134,1950.0,4.578040324454531,0.8825823421040394
5105890001,1995.0,29.673216810886863,1.9744452984422276
5105070003,1967.0,13.344078829398269,11.493880692442305
5105070002,1967.0,11.813781426440285,80.97967112812728
5105070001,1967.0,14.820610779530833,91.6098529471248
260005000091,1961.0,15.391187179237358,0.1552851761179181
260005000092,1961.0,2.536024657493615,0.23127386330509664
260005000179,1962.0,59.92050529824374,0.535672269324921
5705000021,1978.0,17.93439779818164,0.44682810723567573
260005000209,1963.0,5.125870408554081,4.058966276368924
260005000180,1953.0,2.5054602692117207,0.8620366176754491
5105920003,1982.0,16.09670864811093,16.616994430901293
1705000168,1982.0,16.627068176872445,0.13312856998633477
1705100168,1982.0,3.3850892968677826,0.026218429438335987
1705000172,1982.0,4.005111234995488,0.3354052643857811
5105920001,1982.0,14.037209668533198,3.2857113579584634
5105920002,1982.0,1.9078678406731866,4.5461175535743035
5105920005,1979.0,2.985685315297076,1.9655154237184107
5105920004,1982.0,31.429112002993584,0.21563354430536869
5605470001,1964.0,18.58040116285973,43.253316500457785
5605470002,1964.0,7.234696760223687,6.640601388262245
5105580300,1955.0,8.96735574886155,0.34522666675836183
5905000003,1956.0,50.92591239123546,260.9106027246328
5905000003,1956.0,10.650282399112811,260.9106027246328
5905000004,1967.0,129.55424751709108,964.5244360724209
5905000004,1967.0,7.390476351699863,964.5244360724209
5905000001,1967.0,402.04200892290356,19511.536796153545
5905000001,1967.0,13.12333773928557,19511.536796153545
5905000034,1955.0,12.337944628927072,3.988381728481377
4005000012,1950.0,64.17624586804821,4734.482034621763
4005000004,1988.0,12.224204547035953,29.05116145887171
4005000004,1988.0,12.224204547035953,29.05116145887171
4005000017,1950.0,70.13892191129551,8.232055144737684
5905000007,1959.0,39.16947592760539,709.1723129720688
4005000019,1950.0,1.38842560934519,0.1697673254657839
4005000018,1950.0,3.818857800612389,0.8120240824718864
4005000014,1950.0,4.614104933923647,178.86453690294735
4005000007,1950.0,8.097641821285317,27.43351495793043
5905000048,1950.0,1.4628940447530603,104.10939556025794
5905000012,1952.0,13.331420257341422,8.597169300247735
3705000001,1952.0,3.07995581847787,120.94657727955044
3705000001,1952.0,4.440330894727413,120.94657727955044
4005000003,1950.0,3.4753107049919856,1262.75073590429
4005000003,1950.0,3.4753107049919856,1262.75073590429
4005000003,1950.0,3.4753107049919856,1262.75073590429
5905000057,1952.0,4.555805438575822,2.5741492029814967
4005000029,1950.0,1.8739492887872777,45.66134732338586
5905000023,1978.0,16.449424133503005,424.57382616419596
3705000022,1986.0,134.29343058011395,12.526249422245831
3705000022,1986.0,7.479110043343013,12.526249422245831
4005000009,1950.0,3.78476332721908,2.9372677323642393
4005000023,1950.0,2.4175690185107626,10.589010303831373
4005000006,1950.0,2.3968457343856127,1012.4024687561888
5905000021,1950.0,7.953448149531481,13992.419461536163
5905000021,1950.0,7.953448149531481,13992.419461536163
5905000021,1950.0,7.953448149531481,13992.419461536163
5905000021,1950.0,7.953448149531481,13992.419461536163
5905000021,1950.0,983.4326589913978,13992.419461536163
5905000021,1950.0,983.4326589913978,13992.419461536163
5905000021,1950.0,983.4326589913978,13992.419461536163
5905000021,1950.0,983.4326589913978,13992.419461536163
5905000021,1950.0,29.545742390711297,13992.419461536163
5905000021,1950.0,29.545742390711297,13992.419461536163
5905000021,1950.0,29.545742390711297,13992.419461536163
5905000021,1950.0,29.545742390711297,13992.419461536163
5905000021,1950.0,42.3283285501927,13992.419461536163
5905000021,1950.0,42.3283285501927,13992.419461536163
5905000021,1950.0,42.3283285501927,13992.419461536163
5905000021,1950.0,42.3283285501927,13992.419461536163
5905000051,1965.0,10.973375135255617,1.019412808171853
4005000024,1950.0,1.6619795050284272,1.0364245166870818
4005000025,1950.0,7.474509010801925,2.163190515164447
4005000022,1950.0,3.090257132160304,3.314396679731515
5905000038,1951.0,50.467613367340114,1.1116275892888414
5905000038,1951.0,3.177368561763281,1.1116275892888414
5905000020,1976.0,1.3122847213836664,117.91822678034143
4005000011,1950.0,34.366351799197645,1803.7159080063784
4005000011,1950.0,34.366351799197645,1803.7159080063784
4005000011,1950.0,34.366351799197645,1803.7159080063784
4005000011,1950.0,2.4023921675959827,1803.7159080063784
4005000011,1950.0,2.4023921675959827,1803.7159080063784
4005000011,1950.0,2.4023921675959827,1803.7159080063784
5905000032,1956.0,47.44371843547034,0.504193595964244
4005000010,1950.0,3.3365054240443683,1491.9010301976687
4405000516,1956.0,10.44023393114112,3607.4310248414927
4405000516,1956.0,4.583277476215432,3607.4310248414927
4405000516,1956.0,51.69621828404065,3607.4310248414927
4405000516,1956.0,4.713551174479995,3607.4310248414927
4405000516,1956.0,4.977633173268117,3607.4310248414927
4405000516,1956.0,19.588388751396362,3607.4310248414927
4405000516,1956.0,132.38744125187668,3607.4310248414927
4405000516,1956.0,10.073036686923668,3607.4310248414927
4405000516,1956.0,15.337496721736814,3607.4310248414927
4405000516,1956.0,265.13008731447957,3607.4310248414927
4405000516,1956.0,4.9792653696606255,3607.4310248414927
4405000516,1956.0,0.9284201901339743,3607.4310248414927
4405000516,1956.0,52.26927535872866,3607.4310248414927
4405000516,1956.0,7.448218706265701,3607.4310248414927
4405000516,1956.0,12.4132307826097,3607.4310248414927
4405000516,1956.0,36.39696323420345,3607.4310248414927
4405000516,1956.0,11.407989778281552,3607.4310248414927
4405000516,1956.0,10.470914395171306,3607.4310248414927
4405000516,1956.0,4.55799621221071,3607.4310248414927
4405000516,1956.0,43.38950056532848,3607.4310248414927
4405000516,1956.0,5.508502629535802,3607.4310248414927
4405000516,1956.0,16.379028007947177,3607.4310248414927
4405000516,1956.0,15.150531166541425,3607.4310248414927
4405000516,1956.0,2.8879674313943067,3607.4310248414927
4405000516,1956.0,4.045571846359335,3607.4310248414927
4405000516,1956.0,3.491436509682639,3607.4310248414927
4405000516,1956.0,4.104354729352749,3607.4310248414927
4405000516,1956.0,3.630340523061873,3607.4310248414927
4405000516,1956.0,10.829489253599167,3607.4310248414927
4405000516,1956.0,9.397010380812937,3607.4310248414927
4405000516,1956.0,4.23978169300396,3607.4310248414927
4405000516,1956.0,2.358374880580862,3607.4310248414927
4405000516,1956.0,74.63617046829997,3607.4310248414927
4405000516,1956.0,4.413143593242616,3607.4310248414927
4005000015,1950.0,13.826461061885821,1559.4413113284731
4005000015,1950.0,95.03313375357097,1559.4413113284731
5905000024,1962.0,4.183886911950593,420.50806023858763
1405250001,1956.0,5.847083562202881,0.11329609108307466
1405000057,1956.0,27.893900687038716,0.17326522526242863
1405000056,1956.0,19.72955847971188,0.39399950210331136
5905000029,1956.0,28.058893315032236,47.14731757786702
1805000534,1977.0,19.730191684043135,0.8819460273413658
1805000535,1969.0,17.363749479215585,0.14798175337337963
1805000546,1979.0,1.2354344232450931,0.29769145105229683
1805200568,1993.0,6.4559493848817615,80.52461105932827
1805400528,1979.0,102.2767127535099,0.060375092294855465
1805500528,1979.0,223.16441333854686,0.055280818206670405
1805600528,1979.0,6.1113392074223505,0.03290245243992654
5705000003,1991.0,18.525381249629707,1.734843028891864
5705000016,1990.0,14.932374372622261,0.11512839291929479
5705000049,1962.0,4.001741396548696,0.4350381709213954
5705000015,1985.0,0.9161324957516858,1.185870908804339
5705000017,1983.0,167.75331834510777,1.4596560525250917
5705000026,1976.0,38.811982668740775,1.3684287459047357
5705000036,1991.0,3.9086588959225743,0.18537119805342211
5705000037,1991.0,453.8345903930252,0.012123422734496613
5705000038,1987.0,1.8931330261587584,1.6342052674732541
5705000030,1991.0,2.531452850653468,0.23082618030996993
5705000029,1991.0,3.99905260234065,0.5006611012266912
5705000032,1991.0,46.51790852336858,0.09331106112807734
5705000031,1991.0,35.15767633751518,0.5308391127682315
5705000034,1991.0,8.41595566187966,0.10037517135298789
5705000033,1991.0,11.984133668779318,0.19713990665956177
1805100568,1992.0,12.546621962321215,0.4752907465288528
1805000503,1986.0,16.660133093342772,0.10902487085534919
3605000096,1960.0,3.461927888264189,3.4732990077047043
3605000220,1960.0,5.557682140533898,3.0512768343650345
4705000114,1952.0,6.7001279930294775,6.881795033082942
3605000092,1951.0,2.819181552608824,7.997223880451842
3605000040,1951.0,3.681241649417781,7.979264182496225
3605000039,1962.0,4.86377874329528,1.4193605327129584
3605000047,1957.0,2.8605118601186326,0.7381859240391402
3605000050,1951.0,4.955695088808739,2.604132439161642
4705000155,1995.0,1.9794054842895714,0.24298776794090307
4705000140,1995.0,3.696437822374592,0.28334143881300206
3605000121,1952.0,2.3593445634279853,20.193014731459968
4705000096,1975.0,0.7069046614349231,0.14172598161962408
4705000153,1975.0,3.615331203266868,0.6344509774814181
1805000022,1994.0,0.7108883073070212,0.31488814183172426
1805000023,1992.0,3.1718797240078063,0.25336983549328446
3605000129,1971.0,32.56546954511674,40.13754460402646
3605000127,1950.0,7.7773192723392395,3.844470066149027
4705000068,1964.0,7.8823689965668216,0.1305996906155031
4705000069,1964.0,3.2557293174106197,0.5566854324810215
3605000066,1963.0,4.41094940003606,0.6120852085615747
4705000154,1988.0,3.697653723497978,1.9210855904794817
4705000061,1972.0,1.8360235437401267,6.955064191033313
5605810001,1982.0,6.3235091319219885,13.33338149075626
3605000051,1950.0,19.269589214422492,17.544882471103055
1805000508,1974.0,69.35034121275496,0.5752499226603528
1805001316,1960.0,3.8547877376449886,0.03587457775055567
1805000009,1969.0,6.374716088236799,0.2615092940366809
4705000024,1985.0,5.315447091830034,0.10734822900286385
4705000117,1994.0,1.327278758119122,0.522344999727167
3605000095,1970.0,7.291210785320577,1.401600284378644
3605000119,1953.0,6.632787560313739,8.67264837668335
4705000050,1948.0,9.744082868535799,2.868508888354098
4705000118,1992.0,2.513228300855574,0.19456358072125104
1805000733,1960.0,16.066748014780654,0.6182128449659947
3605000091,1965.0,0.8350760234767345,1.5449074496021082
3605000137,1952.0,45.49522521208093,2.6495627753334348
3605000123,1952.0,1.3420162003484082,2.6989219701096885
3605000205,1952.0,8.952454043530775,3.681895169761257
3605000204,1952.0,17.775587794905412,3.054269292632128
4705000112,1959.0,14.207577889886023,2.5484861197733064
3605000099,1980.0,3.0462394345282235,3.1837408350148553
1805001368,1983.0,6.903796639979325,0.22745315341163563
4705000046,1957.0,49.334693419307406,0.2117022108875466
4705000047,1957.0,36.79885956702502,2.8365995283361363
4705000022,1963.0,14.638472188020183,1.0030725984945867
4705000021,1963.0,11.017735076351185,0.9648044095841588
4705000102,1953.0,3.9667164068352267,0.9764940597084134
4705000056,1966.0,69.10979903949107,1.0322469115064985
4705000143,1949.0,4.260019320875568,0.04138650552812645
4705000142,1949.0,4.805620345802343,0.10746956566417151
1805000826,1950.0,4.335605201079763,0.2810403144449759
4705000159,1950.0,4.920585041637317,3.0213266942116364
4705000020,1970.0,5.939933820052488,0.04066600945959386
4705000018,1970.0,13.112302632155856,0.8141937369000056
1705000103,1949.0,3.1781818825325403,0.29236110395387643
3605000052,1949.0,2.744689337261109,0.6741520470044128
4705000040,1951.0,5.208324152119308,52.38423906824532
4705000144,1951.0,6.4341013828805975,0.5515127275311034
4705000041,1951.0,3.207285965612761,159.83702371377882
4705000042,1951.0,1.3859986139203628,21.06730860874362
4705000030,1949.0,1.2825317701086023,284.2691274543389
4705000029,1964.0,1.7882167709871266,41.214543958835236
4705000031,1966.0,4.408913193370962,57.74426158155479
4705000032,1966.0,22.573492584017153,11.220765408824759
4705000035,1987.0,9.250155839391722,2.392644100586825
4705000033,1987.0,20.694711555592626,95.76467256692852
4705000036,1950.0,8.607568360624613,19.315531395550742
4705000034,1987.0,3.6999033715911738,12.210532100734708
4705000037,1950.0,3.0894525254061778,39.07536633236161
3605000020,1985.0,2.223267308803722,8.340298604331402
3605000045,1978.0,10.26398172017059,34.65703442325673
4705000151,1968.0,1.7913561113847485,1.2212163771279707
4705000148,1968.0,3.4807388584432406,0.4915293706791832
4705000149,1968.0,8.193910033075266,1.210442967471356
4705000150,1968.0,40.100927003791845,1.1589879055089125
4705000147,1968.0,21.54786905967313,3.4559855860441284
4705000152,1968.0,8.762698058916312,0.9888988261468172
4705000146,1968.0,8.788524810351673,1.1429119792241096
4705000122,1969.0,9.168013679621117,0.35482740121175277
4705000008,1965.0,8.567587141476027,41.21611707393319
4705000011,1964.0,14.149769604708492,4.858142934393288
4705000012,1964.0,26.4073017865147,9.97137721268283
4705000010,1964.0,19.554542156155264,9.17912949131476
4705000009,1964.0,3.940336970121484,22.784052639737354
4705000004,1964.0,24.104310904532323,12.13329478017267
4705000001,1965.0,3.8131285356096027,2.080787050380338
4705000014,1964.0,1.0256336068283298,1.3757333695476257
4705000007,1964.0,16.206134003329346,5.181344091744678
4705000003,1962.0,3.5164622365563583,8.47359150672104
4705000002,1962.0,13.994175679888677,10.32597315670006
4705000013,1964.0,3.590683544518894,0.41391282969449966
4705000016,1964.0,4.221335803847309,1.2238093789303564
4705000017,1964.0,3.058892824317815,50.540574200941386
4705000015,1964.0,2.78391624292003,287.8919457204068
4705000006,1964.0,13.738161554941845,36.616242173367915
4705000005,1964.0,19.955130028432322,38.488318189543136
1805000836,1978.0,2.0176821035885006,0.12085733601031656
3605000146,1972.0,6.889230493991451,83.10961864837613
4705000070,1966.0,7.091702244455566,0.04338088036489663
4705000071,1966.0,3.806543278967429,0.04778379791020114
1805000858,1980.0,4.308789592380968,0.18794280818818712
4705000101,1950.0,7.528799472470116,9.269247512934191
4705000100,1950.0,12.785733924312757,3.761491296136351
4705000099,1950.0,20.5687999072507,2.7179721214286507
3605000120,1963.0,0.9711631092653848,6.07807138031768
4705000158,1959.0,19.163777216536786,1.588693059135348
4705000057,1972.0,65.29428295557564,0.05703114527157061
1805000010,1969.0,11.734609429169128,0.21445072271209564
1805001306,1982.0,0.18816035021145316,0.01787187442899219
3605000046,1981.0,0.1289032404020092,108.56720712681346
3605000098,1966.0,3.1905337597205343,32.99655927492804
3605000025,1957.0,4.248942383756494,15.462659067897391
3605000219,1957.0,1.810347776029144,0.012431071534243953
3605000141,1972.0,3.6448766000419903,39.768022794144436
3605000063,1959.0,0.39134918932517604,17.81830994154278
3605000024,1955.0,50.9992785460295,70.26671510961532
3605000006,1964.0,3.614358864643,31.321518613260842
3605000022,1968.0,3.358189515565061,53.45733972450642
3605000139,1950.0,4.178856714775251,22.322868776126043
3605000094,1954.0,9.134182982415643,19.337451012384687
3605000079,1950.0,11.252033628531718,35.92555116476855
3605000218,1962.0,21.760908592594394,0.8868617129735291
3605000140,1962.0,17.86403808747221,26.390487881520663
3605000138,1953.0,3.0578247196963617,6.048239027015952
3605000009,1952.0,5.9755959229098945,14.844210629850505
3605000208,1952.0,1.2790477235019861,9.238025078282623
3605000207,1952.0,1.589643281514088,1.2881217357092072
1805001314,1990.0,1.900119350090773,0.5093112079287639
4705000127,1969.0,1.8530833885860958,1.6683210127377426
4705000156,1969.0,2.8227335019611934,0.5860298786498969
4705000125,1969.0,2.200284356596334,2.6606488212012356
4705000126,1969.0,1.0834180230231645,0.9327195016852137
4705000124,1969.0,3.259662452465742,1.1950726061980128
4705000123,1969.0,1.7578710730052114,1.630305751998022
4705000166,1969.0,2.7550017392771537,0.6871816628230933
4705000128,1969.0,0.7963450750843619,1.9825381265313615
3605000117,1955.0,0.6568688310630709,0.05527766508454353
4705000054,1968.0,1.6696453377421063,4.759599518221228
4705000055,1968.0,1.105128366447129,14.704286626589713
3605000065,1954.0,1.9558459504561152,11.77148514188879
1805000559,1973.0,1.426199774307432,0.9559873920042448
1805000507,1973.0,10.009006384371677,1.6961024931419486
4705000027,1981.0,8.787358937022809,4.561216694101827
3605000044,1967.0,4.4519334557733865,24.53815823175735
4705000082,1951.0,1.9039814526633358,25.320734859636854
3605000008,1970.0,6.942850424240392,3.280372609556824
3605000209,1962.0,0.4606938285288155,0.7051299451462
3605000093,1962.0,6.697972724834966,2.4637136658265573
4705000067,1964.0,1.0284126755539975,0.19793364533228391
4705000066,1964.0,13.416247067269119,1.9856704417305902
4705000092,1960.0,5.4612320416246165,6.7196543496805905
4705000083,1952.0,4.437902984960098,11.446402556411442
4705000088,1952.0,2.580004983779944,1.3719932323546524
4705000087,1952.0,2.092155518297546,1.7051323142721329
4705000084,1952.0,1.0526963757489285,1.6582432800994371
4705000086,1952.0,7.253546642029891,0.94151032722648
4705000085,1952.0,2.7133522762584414,0.550135164558965
4705000089,1949.0,19.571767348379602,27.408821269262003
4705000095,1950.0,9.829026658646969,8.420493291743082
4705000090,1971.0,12.16249796321982,8.976108117286678
4705000093,1971.0,4.620903874930792,18.13711862029524
4705000137,1978.0,2.0463588082103286,0.2187459055519343
4705000023,1962.0,0.6617573235832059,3.21743264174712
1705000298,1952.0,10.179612877374698,2.452923124743547
4705000135,1991.0,7.182460386215024,1.3341210287231324
4705000043,1957.0,9.807062496133442,0.9228614293191355
3605000048,1961.0,1.7472291515776082,58.18316627073431
4705000094,1970.0,1.5102495196738606,20.249320138385904
4705000098,1959.0,10.123339905689688,0.10850937301273934
4705000097,1959.0,5.999990140898113,0.10042624323616671
4705000053,1990.0,8.147527129911975,2.6205748092894803
3605000021,1953.0,8.439852990835817,0.46390740282673715
4705000073,1993.0,9.88098967458793,3.370330139952433
4705000074,1993.0,2.7339993575050747,0.00444498308077514
4705000075,1993.0,7.569960983914301,0.010364662320449546
4705000028,1981.0,6.0833627002721204,1.6931479484001997
4705000025,1966.0,5.174069057779306,4.361570236274119
4705000026,1966.0,15.264288024897096,5.015677994266649
4705000108,1961.0,5.893356991055757,14.213230641014603
4705000109,1961.0,4.727480974281899,0.6266095619281205
4705000106,1961.0,49.791945197142,6.166451565116612
4705000107,1961.0,29.871543096334104,3.517949855031394
4705000113,1961.0,0.4068192447651584,3.166656413258531
4705000105,1961.0,55.584945652370244,0.2988343566002207
3605000213,1961.0,1.076492583600369,0.1826261820803938
3605000211,1961.0,4.060803567845158,0.5723998226655626
3605000212,1961.0,4.71293594979932,0.6021436367269806
3605000143,1961.0,5.022363047834591,0.06588402312314418
3605000210,1961.0,21.779185086982363,0.22688865289811933
3605000215,1961.0,3.917202811375393,1.2243334553927363
3605000214,1961.0,3.9430626940901745,1.3862642173856103
1805000007,1986.0,2.3826488913975563,0.10048561278005876
3605000101,1952.0,2.282913360597987,0.8090544548628343
4705000138,1980.0,27.6064317870704,0.28802843894240127
1805001305,1960.0,1.7865015853974089,0.0027907208662629793
4705000164,1993.0,12.44684124960816,75.59616675363965
4705000048,1969.0,11.437260337528238,2.4428068237376723
4705000091,1967.0,2.085898170593534,1.67335515026391
4705000044,1959.0,5.484548485145319,1.5873372061766164
4705000052,1964.0,3.11665891463261,1.490491087321867
1705000268,1972.0,1.0932907119523645,0.3779440917484612
4705000134,1988.0,5.696128822259226,4.453664909737375
1805000863,1961.0,9.430336668234387,11.376409466193161
1805001361,1950.0,7.478845206039111,0.012967585386067841
1805001362,1950.0,4.915010333751548,0.02115552529724045
1805001360,1950.0,8.683529224695071,0.1413445168718702
1705100142,1955.0,5.512345150493457,0.9298838774128811
1705000018,1959.0,12.452321948989072,2.4624731841351206
1705000479,1955.0,4.4937409875878815,0.684094747069431
1705000480,1955.0,9.94764540053648,14.672652953478622
5905000036,1964.0,5.497142940370124,1.1012596763116207
3705000027,1956.0,3.484872911890954,2.8570258113905824
5905000009,1967.0,32.6089991066658,123.45774725917944
5805003001,1980.0,12.90955801976404,2.8957573280280124
5805003001,1980.0,12.90955801976404,2.8957573280280124
3705000013,1961.0,0.8221696301074746,0.5138733114267444
5805000003,1970.0,4.05209726411687,2.6249527352353126
2205000015,1949.0,1.9556619800622275,0.4169708483306271
2205000016,1949.0,1.7176153664429505,6.1559587609182245
3705000031,1958.0,3.9867143157124323,5.469606623681608
5805000020,1980.0,0.23484795643804973,2.9210151136209714
3705000023,1949.0,2.5291308755694235,72.48720751644116
5805000004,1977.0,2.312618423835996,3.2752468322852013
5805000005,1977.0,1.4115627780823776,3.5654887434699796
3705000015,1948.0,0.5225144457515724,56.20406785220831
5905000035,1967.0,0.883898613749541,35.16936409454057
5805000006,1954.0,1.688434240004882,0.06613258673253518
5805000007,1962.0,3.25338190898583,0.14973334081871356
5805000008,1964.0,3.857613823777117,0.8579872025421118
3705000009,1948.0,21.7142559084339,1.4279051315237177
2205000056,1980.0,34.33333826239362,6.278819989671465
2205000026,1980.0,13.221061154784216,1.6074206844541392
2205000027,1980.0,2.1725814142425235,6.139315665983548
5805000009,1995.0,5.626667214078892,17.662375448165083
5805000010,1995.0,6.084043476952504,90.70420744356322
5805000011,1995.0,4.02597732338979,27.333268050781992
5805000014,1987.0,25.369937086487745,0.2561649291614311
5805000015,1994.0,3.3260271040987863,8.875825094676472
2205000030,1983.0,2.1300053384746893,4.805532011451459
3705000048,1969.0,6.580323274393228,0.060633984670322376
5805000049,1954.0,3.934648883844996,10.790481944162485
5805000016,1954.0,9.45205793932345,16.851472387676885
5805000043,1954.0,8.355159824750054,8.206670361164553
5805000047,1954.0,8.0397641909151,9.021420609089104
5805000044,1954.0,9.696932203081134,0.5205357343277255
5805000017,1965.0,8.0600488494724,0.221727826464443
3705000026,1956.0,3.0005226097637547,0.4410310227349156
5805000018,1949.0,8.649801571636932,7.8163583206484
5805000019,1982.0,2.5631765420449146,3.721990840910287
2205000031,1978.0,6.85806070653673,0.32889141315692
2205000032,1978.0,1.7306238987266764,36.035201165261974
3705000004,1950.0,5.890977339818547,1.2240572469246038
3705000005,1948.0,2.7685289620537947,12.189018085291872
5905000026,1949.0,4.521959118132715,185.55411451229685
3705000012,1965.0,44.471665206024944,22.956789374935834
3705000011,1949.0,1.6123206773970584,34.92092441322745
5905000013,1956.0,5.471244099376836,579.5519208460423
5805000021,1991.0,3.9680156290140296,0.381283680243662
3705000063,1952.0,0.6921134198564337,34.53606123007277
3705000024,1951.0,6.813668428695232,19.13025125386678
2205000040,1952.0,2.249983306298587,3.8042044899548686
2205000041,1990.0,63.4702279880811,0.8601244730354526
2205000042,1990.0,12.472537698518517,0.09648361245754258
3705000007,1948.0,1.406872917270044,11.679680074770372
3705000010,1964.0,2.8014451838680334,5.829580022099007
3705000061,1965.0,5.054279429284595,0.7584733414649799
1805001308,1949.0,35.469210827077845,0.055001112416555906
3705000008,1950.0,16.12290933448368,59.81350124858318
1705000109,1983.0,11.033597479413727,1.0989708912437703
5805000030,1959.0,21.540909047486107,3.9378226500312175
3705000014,1951.0,5.220776177556091,76.72978726001689
1705000023,1959.0,15.808187925600949,0.49065098440830657
1705700023,1959.0,48.200423107109565,0.3878007592615744
5805000025,1959.0,13.746793128843567,149.64487949334142
5805000026,1959.0,5.043994849218391,18.98832953149067
5805000027,1959.0,5.243014785623932,151.6605516566041
5805000029,1985.0,3.961529707538061,5.061706657560125
5805000035,1959.0,2.964035616699109,50.63993320579275
5805000036,1959.0,63.18398705620337,16.674474693249994
3005000007,1967.0,3.085698453329215,0.8852682406678667
3005000008,1961.0,18.54706338690216,1.242375490825842
3005000009,1968.0,6.752713604347383,0.6566972004598031
3005000010,1955.0,4.088617946531606,3.349582646908503
3105000001,1962.0,0.9807505337760697,7.128127462605753
3005000011,1959.0,2.664294676547073,0.6806015061898334
3005000002,1959.0,9.615296438466721,28.88823651178838
3105000002,1981.0,5.27074414984167,111.05643580490748
3005000012,1984.0,2.7942679354019195,5.2989720297244265
3005000013,1984.0,6.907202668508479,3.8193106555188123
3005000014,1984.0,4.450488601255694,52.14611903340284
3005000108,1967.0,5.016971216103693,5.5831753230997
3005000015,1955.0,71.22323103127752,1.3998258452179686
3005000016,1970.0,4.488031425277164,2.2412913926525095
3105000003,1982.0,7.6437314213446035,167.25157922200353
3105000007,1955.0,41.74400325389739,12.113187372164393
3005000017,1962.0,6.715533493264126,0.09681630276909725
3105000004,1987.0,1.7002891947770433,96.88991699399567
3105000005,1982.0,3.955593359003486,4.814592391936723
3005000006,1959.0,5.741713461377731,38.515393698940116
3005000020,1955.0,1.7071308579473254,3.3015335594708617
3005000021,1965.0,2.902271614232845,2.938266947214314
2205000066,1969.0,34.07063778822583,56.77227906544651
2205000065,1969.0,3.6880983462089967,52.84505150113682
2205000063,1969.0,122.49916700830227,32.08578721192856
2205000062,1969.0,2.63302628726099,4.986674489326515
2205000064,1969.0,3.596720134972894,23.85791990792768
2205000058,1969.0,1.614895876732576,0.08841028823933
2205000059,1969.0,38.23841930588876,0.33650248425640594
2205000061,1969.0,4.728414649745185,0.3332116463395456
2205000074,1969.0,4.693080441802891,0.08658679380810277
2205000075,1969.0,1.950195378830271,0.07793040664734895
2205000071,1969.0,16.305657560731284,0.0971044190006069
2205000060,1969.0,12.540305636186966,0.11273332269210723
2205000070,1969.0,17.25612284674966,0.012732627663959026
2205000069,1969.0,60.4521470712408,0.04739725146886814
2205000073,1969.0,7.54564171962126,0.051498923583807456
2205000072,1969.0,5.69699571710157,0.03574301192710721
2205000076,1969.0,19.998323391980414,0.08726732809774207
2205000077,1969.0,2.3469640634189046,0.07647865259239484
2205000080,1969.0,24.56501922230378,60.53561697670462
2205000003,1969.0,5.34311979329493,2.2725067313790746
2205000004,1956.0,5.440422102852296,50.179678037060654
2205000008,1972.0,6.419225994287809,0.5555500118631825
2205000006,1972.0,1.2230268328222145,9.153985078715518
2205000007,1972.0,17.74742880629422,12.199357195463968
2205000009,1979.0,3.845904627353046,0.06056186902989184
2205000010,1978.0,55.27639574425437,1.0540791646973096
2205000011,1973.0,7.472164612490499,1.2439684626476264
2205000012,1973.0,5.170383626545652,0.7695852871256954
2205000054,1973.0,4.708848396058129,1.7598844024059586
2205000055,1973.0,5.270725170897073,0.19092336384386913
2205000013,1973.0,7.506421576004687,2.375412408048598
2205000014,1979.0,7.838108868412895,0.011442426475613776
2205000020,1950.0,3.7956078789902445,0.24038265704632278
2205000021,1973.0,0.7758681182178851,0.13346186712699526
2205000028,1972.0,16.63964150126077,0.15752527232302038
2205000029,1972.0,2.7844271170566546,0.33547570464062804
2205000033,1973.0,1.7938212901624213,0.06671302113058922
2205000034,1989.0,5.663467203365374,0.021471307320958505
2205000035,1986.0,8.05441651778622,11.693439452420742
2205000036,1985.0,26.977533468332766,2.9982294445765976
2205000037,1973.0,17.046956023666375,0.10419448287225334
2205000038,1982.0,3.359121299583261,5.7620485104006125
2205000039,1982.0,4.427200361686013,1.3843256854636135
2205000053,1964.0,79.11735838671824,26.82895397237109
2205000050,1964.0,3.2650891725191356,8.490229493834438
2205000051,1964.0,1.0634220115110373,20.757886577939217
2205000052,1973.0,1.8539704822718057,0.1493345837154952
1805000835,1980.0,1.9849729895201995,0.6169077088736875
1805000724,1971.0,2.508478813054729,0.25647384601631423
1805000725,1971.0,2.4510590463418804,0.0343832540703708
2205000057,1990.0,9.80158680071182,1.5060655052651952
2205000025,1979.0,29.799093315916927,0.013970282489605277
2205000024,1979.0,38.82179787658774,0.16417225593845128
3805020006,1978.0,16.261028261934825,2.671546781856253
3805020008,1984.0,15.321069696756986,0.9141210684971983
3805020009,1984.0,5.189585094488398,14.20528646598002
3805030008,1973.0,6.264828575719006,25.649062116304883
2205000043,1979.0,19.15135594460504,0.034689395271167774
3805020015,1971.0,5.991663622736271,38.96038557319012
3805020027,1983.0,5.190064305492786,2.160319703351466
3805020026,1983.0,32.85839590812306,0.992484486801308
3805020021,1964.0,0.32730150868503516,0.20996309192697246
3805020019,1964.0,9.171728224854608,0.5908600632051729
3805020017,1964.0,2.5034804831276056,0.2694201741715345
3805020022,1966.0,5.2029281784765296,11.245416288080522
5205020051,1961.0,5.898949294946657,35.44269089608594
1805000719,1985.0,0.8965138213642728,0.2960312184973608
1805000720,1985.0,0.996206694924996,0.14993471374320322
5205010371,1968.0,1.5328283781173393,3.4885491357975758
5205020211,1960.0,4.773324138508919,13.536649114498362
5205020212,1960.0,37.67373347191009,58.4484861870129
6005000065,1975.0,7.925761286823348,0.5265948948934808
5505000031,1955.0,6.24663367673035,0.8524313805507526
5505000032,1955.0,3.1002614152553565,0.5667305036264136
6005000001,1969.0,5.4630539300385585,0.03326998883643989
6005000479,1969.0,6.177505304282472,1.2919949612750141
5505000326,1995.0,4.09066975097647,1.7068926336340557
6005000420,1964.0,4.747507791963389,4.133387864123332
6005000421,1964.0,2.8573675923658253,5.818077330480458
6005000425,1964.0,30.173088525330925,0.8014113221121497
6005000235,1949.0,40.180003345269306,0.20655743673799862
5505000049,1960.0,5.053360778959589,1.0371354295254929
6005000477,1969.0,12.246941773692264,0.28199980557481397
6005000002,1970.0,2.0062274374394136,0.07354763561147054
6005000430,1968.0,7.097056796649444,0.7905274778178333
5005000028,1956.0,5.367730187193148,1.038061963073849
5505000058,1963.0,3.4331216374499394,0.6649786460192215
6005000255,1965.0,11.748434489743959,2.0390053047304115
5505000005,1966.0,41.19025342891315,0.14526268518896218
5505000004,1964.0,8.141970180537784,0.1665510639339515
6005000040,1965.0,18.303694818021107,0.46237936643515337
6005000041,1965.0,2.4906702246630132,0.15448465296679473
6005000042,1965.0,4.7942876288198715,0.03328093618221836
6005000043,1963.0,4.669385739684813,0.4086109457007573
6005000265,1957.0,2.916433636815595,1.5691185191860728
6005000005,1972.0,70.63100061616058,0.11557753991139912
6005000030,1951.0,24.080325635277198,0.895183360779573
6005000031,1951.0,40.27029374893693,1.2441071836258852
6005000435,1969.0,0.9979047885239108,0.01895211664161857
5505000007,1964.0,3.396355032901224,3.4870340112968266
5505000008,1989.0,3.056341174377353,1.522209216709255
6005000280,1949.0,5.462929408911205,0.41243892154978656
6005000547,1966.0,3.843640316617864,0.02594220810442503
6005000555,1966.0,2.4760270196959606,0.032910596555787736
6005000090,1965.0,8.219462417210694,0.8176876833658692
6005000540,1966.0,3.7534011870559754,0.5641366565192842
6005000550,1966.0,5.780011263165399,0.003673798880310313
6005000295,1950.0,124.54649917751775,0.6797042241561285
6005000445,1956.0,57.525022889453346,0.8898491705529036
6005000499,1969.0,20.9097735208254,0.1453216776636821
6005000100,1986.0,5.115996667875824,1.836038806209721
6005000300,1965.0,15.219457334660873,0.16195474977123991
6005000450,1954.0,7.647036642678772,11.933068821331469
6005000130,1957.0,19.014286432938352,1.819093440203659
6005000180,1957.0,2.0325867372237623,1.0495347580341383
6005000018,1952.0,2.6308893802047284,172.43881390964341
6005000019,1952.0,21.13914432418037,62.61611189404823
6005000020,1952.0,1.3555102050459955,11.49342314525104
6005000320,1974.0,4.594089664000966,0.3264532840934639
6005000325,1948.0,12.261674093982386,0.5594184172334977
6005000465,1985.0,2.080364973129892,2.886227378743992
6005000215,1968.0,7.6942211747601705,13.565663446841349
6005000150,1964.0,10.5857629308244,36.763150600812466
6005000225,1949.0,12.667493917429075,7.114150836779659
6005000008,1959.0,5.352121017997374,0.13620962442122364
6005000570,1949.0,10.68413584972403,0.16809173012828896
6005000575,1951.0,2.1404956572190703,0.14106672859923827
6005000576,1951.0,12.784507016355882,0.7519611270539628
6005000705,1960.0,8.966799228879552,0.8238720167653139
6005000706,1960.0,33.550362359691164,0.37987012041951645
6005000350,1956.0,18.024679190727845,0.01920739050535452
5505000010,1959.0,3.364442006126126,1.8361583301015898
5505000043,1990.0,13.89865404844804,21.077515635204925
6005000155,1971.0,47.39480032687015,0.8298043967937385
6005000029,1971.0,95.18059970174623,0.8359520873262187
6005000079,1971.0,13.391945203401546,1.0141856264420297
5505000153,1960.0,3.8169623925700984,0.02786130254978653
6005000475,1969.0,14.879466655438405,0.1082134726241301
6005000009,1948.0,7.991293690928216,25.748626196640497
6005000035,1951.0,2.17754501490806,11.300849957561539
6005000036,1951.0,43.79441285721573,0.4715981254633397
6005000037,1951.0,77.6912481671971,0.02974664200820256
6005000038,1951.0,2.2263027880542814,2.4846020723778297
6005000585,1972.0,3.9506277529514064,0.3206394121193537
5505000189,1960.0,8.745606791429202,0.7439954113059573
5505000012,1979.0,61.60740445218919,0.47588270419091544
5505000013,1979.0,55.039097571510304,0.7150711021001604
5505000201,1949.0,1.995379767482541,1.7273699276863879
6005000595,1950.0,105.36953582055787,0.06717996119932197
5505000014,1980.0,14.608251650090963,0.8717232361614818
6005000610,1972.0,11.966966661213773,0.015320462405399844
6005000021,1967.0,8.960814341665062,1.1153433865388906
6005000022,1967.0,4.090738231122305,1.5391346492002633
6005000023,1967.0,4.776790340301088,0.19706685649049496
6005000024,1967.0,8.731661433485197,0.5381147487143775
6005000028,1967.0,20.278815798479126,0.2081572106217185
6005000625,1969.0,9.8039523063697,0.06613580497999698
5505000015,1950.0,19.375884555548176,2.5489833719480672
5505000016,1950.0,13.192415459757653,19.475418144937468
6005000190,1977.0,3.8696463648756914,0.3198540229647116
5505000024,1995.0,1.056859381880594,153.41555771507169
6005000630,1965.0,3.785722069133075,0.13637457715798673
6005000200,1964.0,1.8312397086483285,7.4558804070916675
6005000495,1969.0,12.155516610072759,0.09976247771414573
5505000018,1965.0,1.7354786931273956,3.007987901598885
5505000019,1969.0,2.5413531839247483,0.2710680049775942
6005000640,1951.0,65.62005190515438,0.20016380177897353
6005000395,1950.0,11.61689659408614,0.4802848396460457
6005000700,1960.0,10.596277550524738,0.11307193339809458
6005000210,1971.0,60.040992483569745,2.5670728790867385
6005000505,1984.0,29.830704780395003,0.8712899015850938
6005000015,1970.0,3.868147131746524,0.1694909760952714
5505000020,1992.0,26.709583760540195,3.8703315851124116
6005000400,1959.0,5.073016501973835,1.7412121454506149
6005000025,1965.0,2.8006963395957096,2.0432799731974276
6005000026,1965.0,7.933515921321896,0.04285388137696849
6005000027,1965.0,3.96934227627809,0.10018994212581175
5505000297,1955.0,8.758175692367733,0.5125380257500539
6005000013,1963.0,12.44209416312433,0.45327212509348247
5505000021,1948.0,11.205215690880491,6.049168928127126
5505000022,1948.0,0.526042134486193,10.09695808673356
6005000497,1969.0,11.10213718758732,0.10549002212869121
5305000001,1977.0,5.392812669916094,83.00439296873897
5305000002,1977.0,6.070343628613357,19.717140366052302
5205000393,1958.0,3.316727713351634,26.810755879129864
5205000392,1948.0,2.1558244242079243,13.129062881265972
5205000391,1948.0,3.1337577708974496,2.6916916912674753
5205002130,1976.0,24.945492338978248,30.550443728399312
3805030024,1961.0,3.895965101234084,1.0914336586179278
5205000401,1955.0,1.2707553102553535,60.502082678092215
5205000412,1960.0,1.0865764138849712,110.95904049685508
5205000411,1960.0,5.402274204556801,86.27364976562633
5205000421,1965.0,2.6025365416016504,20.108797634023606
5205000424,1965.0,7.09517748230954,0.6688745709804034
5205000423,1965.0,55.40353690300549,1.9211083242318214
5205000422,1965.0,4.606514336789081,55.59062289652872
3805030002,1961.0,4.676463896014462,0.6543992607604338
3805030003,1961.0,8.991644796285254,0.9383966990472145
3805010070,1960.0,22.019273070950423,6.404601796201189
5205000431,1952.0,2.694020762726774,6.025827187646146
3805010021,1964.0,1.918651591608639,7.791386962989427
3805010025,1965.0,24.812173514269794,4.68307533665021
5305000006,1965.0,2.7455403125578557,0.11498801767747709
5305000007,1965.0,21.008994213475965,0.2755967505771792
3805010020,1964.0,3.460938206558253,10.929324015489657
3805010029,1977.0,2.355958856795818,0.031725419973295914
3805010043,1978.0,3.6229379720776023,0.21704588159011473
3805010057,1984.0,8.529767879571457,0.13585605029545375
3805010030,1977.0,4.3734679078146526,0.3207953948752461
3805010042,1978.0,4.9552034215776155,0.14823813150980736
3805010058,1984.0,3.5844859000290183,0.08584249083629016
3805010063,1984.0,3.08630316616641,0.3302587973162006
3805010080,1981.0,23.76101493190682,3.9442618743590026
3805010083,1958.0,26.980141810131723,3.785573753955157
3805010082,1961.0,4.483537363622785,4.339577670776707
3805010079,1961.0,8.431984075517327,1.4209367728717097
5305000011,1966.0,48.70683902165012,0.7556930440845036
5305000012,1966.0,0.5623957600754903,0.14858929094032533
5305000013,1959.0,26.311617535176865,3.055742586061905
5205000521,1952.0,2.6391333854659984,572.0437826073407
5205002131,1976.0,1.8256659218831073,131.51784087891343
5205000662,1961.0,3.5262747787678284,7.844135682979803
5205001411,1952.0,5.816637270460212,15.70926352379612
3805010026,1957.0,4.158563725272497,19.394611593672234
3805010033,1957.0,3.8859027335003073,69.42523753673456
3805010044,1951.0,2.655239085235347,51.556525967778796
3805010047,1956.0,2.928587227123186,19.699976274897693
1905012031,1992.0,3.868275245916866,0.053116458298427774
5305000019,1972.0,1.9619975707678585,0.6580901392816513
3805010081,1956.0,6.910476162446441,0.9419545214196957
3805010071,1956.0,2.325833053333828,5.328083572979522
3805010072,1956.0,2.8012342592446178,3.1937242123891987
5205000631,1961.0,1.914266632173742,149.36966185874692
5205000632,1961.0,2.71398025607444,6.289598224990417
5205000633,1961.0,2.5769146116779393,124.63907502356811
5305000020,1964.0,4.642228284316718,2.1169337900319287
3805010056,1960.0,6.465398819684878,20.34781243565499
5205000301,1976.0,3.073882678954044,4.42257012063298
5205000302,1976.0,1.0237285640000848,1.0803913899342
5305000026,1949.0,10.831367996301525,15.45516400436009
5305000024,1949.0,20.365227782389397,10.323813600098852
5305000025,1949.0,1.9941511124752622,6.954493642376369
5305000027,1966.0,38.416967355315464,0.024338334683845518
5305000028,1966.0,4.255150532184555,0.022925023549514114
5205000313,1971.0,3.907832584135217,0.5530666419606974
5205000311,1971.0,2.3507019829973284,0.3873283697799164
5205000312,1971.0,4.614432885312119,0.2267990893849232
5205000641,1950.0,1.5846545667765395,81.17674929340905
5205000642,1950.0,5.033369918540219,78.76987370706978
3805010069,1961.0,9.11041813104563,1.58583861666674
5205001271,1963.0,4.927807871673723,103.05498478259709
5205000651,1957.0,5.128635460124294,66.94135110956668
5205000661,1961.0,13.91450902337379,45.285048480167944
5205001151,1971.0,1.025563927131211,150.3826604323132
5205000544,1964.0,2.745251085810777,136.2912311059751
5205000711,1961.0,7.144865417306976,41.19083408441333
5205000741,1977.0,3.9001887648441307,47.56000281620691
5205000771,1955.0,4.5834493248411015,38.876014274457546
5205000801,1955.0,35.7664157680149,37.52635288511027
5205000842,1952.0,50.20923691317708,12.070512227325112
5205000841,1962.0,52.49331539634833,106.91419851847587
5205001011,1962.0,0.45773837755991126,27.179786875979538
5205000923,1976.0,7.858794643353978,216.46219973714005
5205000921,1952.0,9.603764591758809,25.097497959281252
5205000922,1952.0,11.91827561674905,139.7180824844325
5205000931,1959.0,28.53461284011924,266.2220799469426
5205000941,1952.0,1.895026728755056,49.904875293143924
5205001191,1972.0,0.7513308363128941,12.111906308628937
5205001201,1967.0,1.2007973085636743,41.98171814090893
5205001211,1968.0,0.8316077274771917,42.44337871152981
5205000981,1958.0,3.9843677527453965,26.738182584660887
5205001221,1982.0,6.579907832511284,13.774584119458176
5205000991,1961.0,6.771368248296044,46.341138349901264
5205001281,1965.0,4.000936064377765,69.74974325632668
5205001331,1968.0,11.925449155301525,1.5142122841705368
5205001341,1968.0,18.105378706248196,8.014266979943471
5205001351,1968.0,30.076229057981763,3.3022370752160053
5305000029,1969.0,7.237992173114808,2.3616850835341476
5305000030,1969.0,8.291834900751336,1.2824089975573827
5305000031,1962.0,2.296489944688536,0.18729803948930954
5305000032,1962.0,2.572417444053121,0.07156432677261094
3805010100,1957.0,21.780055497323264,2.1049455535558903
3805010101,1957.0,22.890517457379268,0.7515240523869852
3805010102,1957.0,64.35906067940714,1.4250001144748818
3805010104,1957.0,60.224935501411444,1.7624041463111162
3805010103,1959.0,6.823731982099125,0.2215669518867831
3805010105,1959.0,7.215112384258019,0.33378378090618116
3805010038,1958.0,2.8474833494957785,5.610731522739157
3805010050,1958.0,10.021375423886722,6.714946185059635
1905031045,1985.0,2.059238490741303,1.701158463589284
5305000033,1966.0,3.1789714665824067,0.1814738968077598
5305000034,1966.0,1.039143387887862,0.008115204112891563
5205000561,1959.0,10.858634652119097,1135.2460938045356
5205000902,1955.0,9.383938908624023,131.48823128030372
3805010067,1962.0,17.37934287102747,1.1039653212236196
3805010066,1962.0,2.965885766564312,0.011527195924251193
3805010068,1962.0,7.282008340025422,0.011574335914708554
3805010031,1968.0,16.59609074245335,64.68976614053217
3805010062,1961.0,16.386391914120406,20.00682782130059
3805010074,1959.0,50.56921447681957,13.801039687056189
3805010051,1961.0,12.707579855517693,0.7924932452083497
3805010061,1961.0,9.173713991317207,15.855893887455608
3805010018,1963.0,2.8293560402886286,1.1186724702763338
3805010035,1963.0,2.5533574662341607,35.71390329259634
3805010052,1961.0,6.612586889253142,1.0293599896714196
3805010028,1965.0,1.3862319838448145,6.540377734265754
3805010019,1961.0,2.8105376766600783,15.169795584002017
3805010049,1967.0,42.86285422431959,0.07993043993801748
3805010037,1967.0,90.78936072515046,0.04433014298562067
5305000036,1963.0,4.574165204232204,0.3358670307461735
5305000037,1963.0,13.29322690166586,0.4542485812371204
5305000038,1959.0,13.406493359080525,0.4897175181650268
5305000039,1959.0,5.614833039607736,0.1350666529478093
5305000043,1990.0,101.00524620503515,0.7566042028941732
5305000044,1990.0,2.396370814111535,1.207973804610077
3805010015,1995.0,3.465699287775756,43.800512391048635
3805030013,1956.0,15.170835824166259,1.6129267950282506
3805030012,1979.0,7.486505120917392,1.637521682237207
3805010085,1961.0,35.00865374499837,5.666863145251771
3805010096,1963.0,4.6249478942649285,17.874969347648005
3805010092,1963.0,0.3569771976387154,8.645919905897307
3805010094,1960.0,7.405444985405708,1.5952995707238593
3805010087,1974.0,8.58381494983683,3.1629738140606536
3805010088,1974.0,15.92549387686194,0.7453172244520897
3805010089,1983.0,5.175149467689084,2.2427609136012023
3805010001,1979.0,5.143563261822323,0.5072623212693492
3805010002,1979.0,11.560668761544296,2.0945275861294452
5305000042,1981.0,9.802158229091665,1.4538257631046076
3805010086,1948.0,16.08153523620257,3.2701701921354376
5205000903,1964.0,10.768964690952847,65.44371537921744
3805010023,1972.0,39.17608775114322,41.08269780768296
5305000045,1990.0,20.29628348048002,3.26063954303858
5305000046,1990.0,8.382866512651121,1.0003268566736498
5205000413,1960.0,19.279251341364194,10.400417355303437
