year_diff,Levee_year,levee_urban,county_urban,levee_area,county_area
-10.0,1948.0,1179.8202715396974,13029.652246250334,90975.749,1041579.3518826363
-10.0,1949.0,624.4109422165827,6990.721980501505,47625.527,556069.4647473486
-10.0,1950.0,625.0928283491677,7214.3211027968255,47690.35,572625.266621579
-10.0,1951.0,744.7820944168207,7938.526291680146,47971.529,608801.8567480166
-10.0,1952.0,738.7133140311059,7927.597153174718,48775.24099999999,608096.8267200829
-10.0,1953.0,804.0861437527215,7969.596337661551,53030.424000000006,578681.9701431445
-10.0,1954.0,365.643460435925,5232.481380247755,10326.733999999999,400359.2509956805
-10.0,1955.0,347.8442549745467,4902.917818266628,9966.213,311151.8690815111
-10.0,1956.0,404.29992875343555,5565.8238246550745,10410.304000000002,315704.3316526133
-10.0,1957.0,444.1300020602441,6890.01827528615,11537.987000000001,507906.8312910824
-10.0,1958.0,355.71715889499154,9249.395209368382,13799.490999999998,635694.4359323052
-10.0,1959.0,368.75354215623884,9668.644069230348,13657.856,640731.618182034
-10.0,1960.0,284.44582936600733,10455.804457019296,8953.788,641006.7339553449
-10.0,1961.0,267.70762744570044,12626.176242458656,8898.517,846503.6958232452
-10.0,1962.0,288.53922970056715,13872.60302451437,9036.400000000001,936788.6609172784
-10.0,1963.0,195.74283870571838,13359.310904500093,9330.202000000001,910901.2006111491
-10.0,1964.0,329.9583876539135,14505.236878208827,29866.718999999997,800934.2994549705
-10.0,1965.0,330.13353080644106,13240.91143220797,28289.975999999995,739137.4720417517
-10.0,1966.0,311.2114043197712,14130.055320057189,27671.729999999996,805529.4028526517
-10.0,1967.0,309.1298468440728,13301.428261609235,27416.531,776891.8368747788
-10.0,1968.0,272.32477240895105,11285.962190312544,26780.243999999995,611017.3739617381
-10.0,1969.0,254.25880728588265,9993.60197000729,26710.728,562635.7290989067
-10.0,1970.0,260.98375503916526,9669.280668922947,23728.488,626940.802109523
-10.0,1971.0,87.19902214372453,7426.735479234902,2206.036,548201.8271985028
-10.0,1972.0,57.71786759474776,5881.143148153556,1303.898,474708.3348848056
-10.0,1973.0,62.56207874238439,4205.937230602146,1698.414,374417.24910940113
-10.0,1974.0,105.06425426947598,4397.610905149584,1830.706,375771.6067196922
-10.0,1975.0,96.52715204602264,4489.71030513012,1924.72,332441.93311927817
-10.0,1976.0,92.62425169034137,4376.023272163591,1804.5409999999997,312045.56568553013
-10.0,1977.0,79.63630575971337,3620.0359960439782,1646.9840000000002,246639.48741367031
-10.0,1978.0,106.35750724407323,3261.732403147961,1664.598,233103.41562973012
-10.0,1979.0,109.16910084838125,3334.7151657660506,1643.7259999999997,233681.21875861092
-10.0,1980.0,108.98115222472808,3988.839225484644,1080.929,237509.76706922433
-10.0,1981.0,62.48455380402245,3782.105040773563,940.1700000000001,225709.84868354563
-10.0,1982.0,56.52995705740348,3932.1279537085184,507.88,249711.34459791402
-10.0,1983.0,57.1748526387934,3823.95092264676,483.22399999999993,237386.1641611545
-10.0,1984.0,90.16725074812781,4089.1445786503823,657.065,194546.30020858144
-10.0,1985.0,67.4823096236409,4456.667977909495,478.5019999999999,198964.65530595064
-10.0,1986.0,62.700304513381504,4189.847770788194,437.271,176939.48736196043
-10.0,1987.0,56.49503725518865,3364.1477295135496,419.35499999999996,170592.6608515627
-10.0,1988.0,67.43556015117697,3724.0780093836206,527.255,174349.14778723728
-10.0,1989.0,66.57704131234254,3364.1095964725014,474.818,126665.81228428091
-10.0,1990.0,64.17818561673104,3418.7478234771083,604.773,107443.53728084394
-10.0,1991.0,23.976539700819043,2870.4383707651195,400.415,91053.13470611058
-10.0,1992.0,53.295342597550516,3471.387576379172,1184.3659999999998,102817.24519627995
-10.0,1993.0,53.295342597550516,3391.5606749990343,1182.667,95590.734970645
-10.0,1994.0,50.947570619528534,3137.1529577494707,1177.82,71385.76674841251
-10.0,1995.0,148.29928574868214,5564.680697712461,3669.0450000000005,124508.25745437082
-9.0,1948.0,1184.1573180665928,13243.724067380075,90975.749,1041579.3518826363
-9.0,1949.0,630.6781869893781,7103.162677370362,47625.527,556069.4647473486
-9.0,1950.0,631.4211505867519,7332.386862944971,47690.35,572625.266621579
-9.0,1951.0,752.6170960437179,8061.597101165271,47971.529,608801.8567480166
-9.0,1952.0,746.5496880000217,8048.596976500835,48775.24099999999,608096.8267200829
-9.0,1953.0,812.3405011984712,8105.606736754209,53030.424000000006,578681.9701431445
-9.0,1954.0,372.2600736275724,5351.620314752348,10326.733999999999,400359.2509956805
-9.0,1955.0,354.4051277663643,5048.616717474314,9966.213,311151.8690815111
-9.0,1956.0,407.30433161271384,5701.394974250771,10410.304000000002,315704.3316526133
-9.0,1957.0,447.8225858645791,7075.844015135307,11537.987000000001,507906.8312910824
-9.0,1958.0,358.2028439643833,9527.464507328597,13799.490999999998,635694.4359323052
-9.0,1959.0,372.02957767568046,9960.52293795365,13657.856,640731.618182034
-9.0,1960.0,287.42851007678655,10740.309986283995,8953.788,641006.7339553449
-9.0,1961.0,271.1954893071753,12971.573621634818,8898.517,846503.6958232452
-9.0,1962.0,292.08656947862386,14225.390474380642,9036.400000000001,936788.6609172784
-9.0,1963.0,198.8409782818386,13724.400425051275,9330.202000000001,910901.2006111491
-9.0,1964.0,337.6461662899235,14862.440725402346,29866.718999999997,800934.2994549705
-9.0,1965.0,337.7730792256335,13525.185388561144,28289.975999999995,739137.4720417517
-9.0,1966.0,317.99730070161223,14415.237184530233,27671.729999999996,805529.4028526517
-9.0,1967.0,315.7911145577422,13569.544908431533,27416.531,776891.8368747788
-9.0,1968.0,279.03854621481014,11498.176297059988,26780.243999999995,611017.3739617381
-9.0,1969.0,260.9053151591794,10168.61689350134,26710.728,562635.7290989067
-9.0,1970.0,267.75504266886867,9821.678667386679,23728.488,626940.802109523
-9.0,1971.0,88.63141230369263,7537.827262924725,2206.036,548201.8271985028
-9.0,1972.0,58.960472023046,5970.729927047444,1303.898,474708.3348848056
-9.0,1973.0,64.24210840162951,4260.617485524135,1698.414,374417.24910940113
-9.0,1974.0,107.93242698958932,4457.733911058367,1830.706,375771.6067196922
-9.0,1975.0,98.71060906916908,4546.71943185042,1924.72,332441.93311927817
-9.0,1976.0,94.56127588898795,4430.595151072003,1804.5409999999997,312045.56568553013
-9.0,1977.0,81.57740985107615,3663.922086963778,1646.9840000000002,246639.48741367031
-9.0,1978.0,109.30587380166054,3302.3056629168973,1664.598,233103.41562973012
-9.0,1979.0,112.1166520671748,3376.787038582427,1643.7259999999997,233681.21875861092
-9.0,1980.0,111.55188286373755,4070.2882376114458,1080.929,237509.76706922433
-9.0,1981.0,63.86714138216368,3859.4321172665454,940.1700000000001,225709.84868354563
-9.0,1982.0,57.910000537940974,4023.825252061131,507.88,249711.34459791402
-9.0,1983.0,58.680627302126595,3916.0230830988676,483.22399999999993,237386.1641611545
-9.0,1984.0,92.04456602056929,4183.275420233424,657.065,194546.30020858144
-9.0,1985.0,68.47780163958431,4551.736244118978,478.5019999999999,198964.65530595064
-9.0,1986.0,63.63484716223632,4281.478771842707,437.271,176939.48736196043
-9.0,1987.0,57.436180381085805,3413.900257364917,419.35499999999996,170592.6608515627
-9.0,1988.0,68.56423428482607,3769.0099619853368,527.255,174349.14778723728
-9.0,1989.0,67.58334809905287,3392.544844830111,474.818,126665.81228428091
-9.0,1990.0,65.12139253796131,3445.556316653875,604.773,107443.53728084394
-9.0,1991.0,24.48141629388814,2890.811728622252,400.415,91053.13470611058
-9.0,1992.0,54.50455525496383,3494.3241615477027,1184.3659999999998,102817.24519627995
-9.0,1993.0,54.50455525496383,3413.6222004633305,1182.667,95590.734970645
-9.0,1994.0,52.08957814873673,3158.0900688573875,1177.82,71385.76674841251
-9.0,1995.0,151.9298592698059,5603.805459203563,3669.0450000000005,124508.25745437082
-8.0,1948.0,1187.4062218506008,13434.015228113956,90975.749,1041579.3518826363
-8.0,1949.0,635.1629101968299,7199.779909032633,47625.527,556069.4647473486
-8.0,1950.0,636.0280287237811,7441.754024770104,47690.35,572625.266621579
-8.0,1951.0,758.1028704911796,8176.719050966081,47971.529,608801.8567480166
-8.0,1952.0,751.9762778862375,8169.3406134119505,48775.24099999999,608096.8267200829
-8.0,1953.0,818.4568400297857,8240.237553810768,53030.424000000006,578681.9701431445
-8.0,1954.0,377.5922165754588,5472.5084002339645,10326.733999999999,400359.2509956805
-8.0,1955.0,359.89294303925277,5192.190054887064,9966.213,311151.8690815111
-8.0,1956.0,410.33737098555093,5856.595698630436,10410.304000000002,315704.3316526133
-8.0,1957.0,452.235750390005,7277.487071798998,11537.987000000001,507906.8312910824
-8.0,1958.0,362.107360754828,9813.849717180474,13799.490999999998,635694.4359323052
-8.0,1959.0,376.6864565319985,10261.27850605348,13657.856,640731.618182034
-8.0,1960.0,291.63967774708664,11036.696228254248,8953.788,641006.7339553449
-8.0,1961.0,275.7267783725126,13320.973660158526,8898.517,846503.6958232452
-8.0,1962.0,296.5314947903877,14574.619021040651,9036.400000000001,936788.6609172784
-8.0,1963.0,202.96832336975768,14075.738812536452,9330.202000000001,910901.2006111491
-8.0,1964.0,344.47845550603614,15202.831163452389,29866.718999999997,800934.2994549705
-8.0,1965.0,344.61018982819877,13806.21767639271,28289.975999999995,739137.4720417517
-8.0,1966.0,323.9554460637009,14698.7285729078,27671.729999999996,805529.4028526517
-8.0,1967.0,321.57084716075025,13837.906911922191,27416.531,776891.8368747788
-8.0,1968.0,284.1817734651304,11717.083286062698,26780.243999999995,611017.3739617381
-8.0,1969.0,265.92366240949974,10357.698844230314,26710.728,562635.7290989067
-8.0,1970.0,272.6593184342346,9987.206236689599,23728.488,626940.802109523
-8.0,1971.0,89.32846385869868,7662.297651089701,2206.036,548201.8271985028
-8.0,1972.0,59.28245361614823,6067.250610701516,1303.898,474708.3348848056
-8.0,1973.0,64.75155795085183,4319.429992150286,1698.414,374417.24910940113
-8.0,1974.0,109.43964601113498,4520.864293639159,1830.706,375771.6067196922
-8.0,1975.0,100.40498089483765,4609.854646320222,1924.72,332441.93311927817
-8.0,1976.0,96.2556477146565,4491.167842612413,1804.5409999999997,312045.56568553013
-8.0,1977.0,83.13993594858432,3715.3100814124377,1646.9840000000002,246639.48741367031
-8.0,1978.0,112.56584711115593,3350.0064919566903,1664.598,233103.41562973012
-8.0,1979.0,115.3766253766702,3425.048544908245,1643.7259999999997,233681.21875861092
-8.0,1980.0,114.68499286827564,4139.238896829987,1080.929,237509.76706922433
-8.0,1981.0,66.00716460668615,3919.44474641243,940.1700000000001,225709.84868354563
-8.0,1982.0,59.870618626441534,4094.3327806268667,507.88,249711.34459791402
-8.0,1983.0,60.829842164820704,3989.1555467512985,483.22399999999993,237386.1641611545
-8.0,1984.0,94.56908107693673,4258.4647269304305,657.065,194546.30020858144
-8.0,1985.0,69.30486948396454,4628.425479866624,478.5019999999999,198964.65530595064
-8.0,1986.0,64.46191500661655,4355.418361030328,437.271,176939.48736196043
-8.0,1987.0,58.20264357430324,3464.0244258562934,419.35499999999996,170592.6608515627
-8.0,1988.0,69.44730505911285,3815.566642228572,527.255,174349.14778723728
-8.0,1989.0,68.33416034029679,3425.3545372235376,474.818,126665.81228428091
-8.0,1990.0,65.74623932232736,3474.114585858596,604.773,107443.53728084394
-8.0,1991.0,24.855102744720696,2912.4357232287325,400.415,91053.13470611058
-8.0,1992.0,55.33188478453614,3515.948518754843,1184.3659999999998,102817.24519627995
-8.0,1993.0,55.33188478453614,3434.2464405099904,1182.667,95590.734970645
-8.0,1994.0,52.91690767830904,3177.465052278587,1177.82,71385.76674841251
-8.0,1995.0,154.2421137998158,5634.92995011017,3669.0450000000005,124508.25745437082
-7.0,1948.0,1190.7174608890753,13628.405995239595,90975.749,1041579.3518826363
-7.0,1949.0,641.8709196987508,7311.4751067117595,47625.527,556069.4647473486
-7.0,1950.0,642.9279074409935,7563.699178605239,47690.35,572625.266621579
-7.0,1951.0,765.4421973636086,8304.66920887056,47971.529,608801.8567480166
-7.0,1952.0,759.2542144597851,8297.221905253344,48775.24099999999,608096.8267200829
-7.0,1953.0,826.8629436287862,8387.314068683954,53030.424000000006,578681.9701431445
-7.0,1954.0,385.00860250963444,5604.961934709588,10326.733999999999,400359.2509956805
-7.0,1955.0,367.43602708663593,5361.389094158527,9966.213,311151.8690815111
-7.0,1956.0,413.36150098780473,6016.546594993227,10410.304000000002,315704.3316526133
-7.0,1957.0,456.68339948837115,7481.5053267345875,11537.987000000001,507906.8312910824
-7.0,1958.0,366.4923284436803,10090.607854308477,13799.490999999998,635694.4359323052
-7.0,1959.0,381.22011917630016,10554.405758258761,13657.856,640731.618182034
-7.0,1960.0,295.28529524773296,11326.5764326879,8953.788,641006.7339553449
-7.0,1961.0,280.4336608003156,13660.671719878828,8898.517,846503.6958232452
-7.0,1962.0,301.863964110846,14907.527285268989,9036.400000000001,936788.6609172784
-7.0,1963.0,207.6090782620957,14410.883233115848,9330.202000000001,910901.2006111491
-7.0,1964.0,350.92347578287905,15532.026419903144,29866.718999999997,800934.2994549705
-7.0,1965.0,351.3130161051099,14083.106827513657,28289.975999999995,739137.4720417517
-7.0,1966.0,330.44710919347796,14981.328932915505,27671.729999999996,805529.4028526517
-7.0,1967.0,327.75354840872967,14102.442358976672,27416.531,776891.8368747788
-7.0,1968.0,289.6741591123307,11935.047485378422,26780.243999999995,611017.3739617381
-7.0,1969.0,270.6637630508371,10544.89469568802,26710.728,562635.7290989067
-7.0,1970.0,277.3994190755719,10151.220065257037,23728.488,626940.802109523
-7.0,1971.0,90.64891080412707,7784.693161830286,2206.036,548201.8271985028
-7.0,1972.0,60.03009252168832,6165.708425627461,1303.898,474708.3348848056
-7.0,1973.0,66.0616007247522,4377.36703423587,1698.414,374417.24910940113
-7.0,1974.0,112.37396430540967,4586.245506695969,1830.706,375771.6067196922
-7.0,1975.0,102.96622880889905,4673.302480242774,1924.72,332441.93311927817
-7.0,1976.0,98.8168956287179,4551.0539766576285,1804.5409999999997,312045.56568553013
-7.0,1977.0,85.82793864450689,3767.636598053149,1646.9840000000002,246639.48741367031
-7.0,1978.0,116.06952268843443,3398.020664040049,1664.598,233103.41562973012
-7.0,1979.0,118.81853624806635,3475.2485443274127,1643.7259999999997,233681.21875861092
-7.0,1980.0,117.56449987131151,4205.689881122289,1080.929,237509.76706922433
-7.0,1981.0,67.26239608934769,3974.1414712004093,940.1700000000001,225709.84868354563
-7.0,1982.0,60.88281099554097,4160.150546471157,507.88,249711.34459791402
-7.0,1983.0,61.84203453392015,4055.723155242261,483.22399999999993,237386.1641611545
-7.0,1984.0,95.64216876101167,4327.401531977735,657.065,194546.30020858144
-7.0,1985.0,69.56228428668355,4696.799620154329,478.5019999999999,198964.65530595064
-7.0,1986.0,64.71932980933556,4419.730739876369,437.271,176939.48736196043
-7.0,1987.0,58.46005837702225,3506.209595103047,419.35499999999996,170592.6608515627
-7.0,1988.0,69.89163513520892,3856.437164826823,527.255,174349.14778723728
-7.0,1989.0,68.70872571051049,3451.914989121434,474.818,126665.81228428091
-7.0,1990.0,66.12080469254106,3498.111358313301,604.773,107443.53728084394
-7.0,1991.0,25.04201801809774,2929.685788050209,400.415,91053.13470611058
-7.0,1992.0,55.71250207761762,3535.6991464753855,1184.3659999999998,102817.24519627995
-7.0,1993.0,55.712502077617614,3453.371917219082,1182.667,95590.734970645
-7.0,1994.0,53.297524971390516,3195.4658264768696,1177.82,71385.76674841251
-7.0,1995.0,155.01692187863353,5663.368017748208,3669.0450000000005,124508.25745437082
-6.0,1948.0,1196.5071375387356,13856.226395223177,90975.749,1041579.3518826363
-6.0,1949.0,649.5671425225194,7441.297857870402,47625.527,556069.4647473486
-6.0,1950.0,650.8785765035527,7704.896883285887,47690.35,572625.266621579
-6.0,1951.0,774.6419598315958,8452.060177551895,47971.529,608801.8567480166
-6.0,1952.0,768.3939589709097,8449.796106648357,48775.24099999999,608096.8267200829
-6.0,1953.0,836.8717217137207,8556.526218023073,53030.424000000006,578681.9701431445
-6.0,1954.0,394.1064163550089,5739.418285042982,10326.733999999999,400359.2509956805
-6.0,1955.0,376.539728733243,5529.96736024677,9966.213,311151.8690815111
-6.0,1956.0,418.0676022476631,6177.562447812572,10410.304000000002,315704.3316526133
-6.0,1957.0,461.57319600444555,7683.213695187835,11537.987000000001,507906.8312910824
-6.0,1958.0,370.2575754385046,10368.229394961501,13799.490999999998,635694.4359323052
-6.0,1959.0,385.0457167976016,10842.772761448854,13657.856,640731.618182034
-6.0,1960.0,298.22630500951027,11606.19191687373,8953.788,641006.7339553449
-6.0,1961.0,282.8084110633217,13984.929844800765,8898.517,846503.6958232452
-6.0,1962.0,304.53785613509405,15230.180766385234,9036.400000000001,936788.6609172784
-6.0,1963.0,210.0084828384201,14736.704457370919,9330.202000000001,910901.2006111491
-6.0,1964.0,356.9368739995283,15851.58561837221,29866.718999999997,800934.2994549705
-6.0,1965.0,357.4576104867025,14349.37933258002,28289.975999999995,739137.4720417517
-6.0,1966.0,336.46955091154257,15239.083867313624,27671.729999999996,805529.4028526517
-6.0,1967.0,333.72270441250856,14345.44890033947,27416.531,776891.8368747788
-6.0,1968.0,295.0049294946169,12129.9065261428,26780.243999999995,611017.3739617381
-6.0,1969.0,275.6266700509839,10710.674126612339,26710.728,562635.7290989067
-6.0,1970.0,282.3307122150867,10295.13624844882,23728.488,626940.802109523
-6.0,1971.0,91.52806880831048,7889.866311069363,2206.036,548201.8271985028
-6.0,1972.0,60.71709112191145,6245.875879821137,1303.898,474708.3348848056
-6.0,1973.0,67.12205681398673,4437.366599724338,1698.414,374417.24910940113
-6.0,1974.0,114.93515947728041,4655.625531685054,1830.706,375771.6067196922
-6.0,1975.0,105.34639965860072,4742.37415347184,1924.72,332441.93311927817
-6.0,1976.0,101.01316195580651,4614.314102497594,1804.5409999999997,312045.56568553013
-6.0,1977.0,88.0238462826771,3820.711828347992,1646.9840000000002,246639.48741367031
-6.0,1978.0,119.02171652164273,3445.9709512440813,1664.598,233103.41562973012
-6.0,1979.0,121.81191307247697,3523.5718391116793,1643.7259999999997,233681.21875861092
-6.0,1980.0,120.18128479810858,4268.076525264908,1080.929,237509.76706922433
-6.0,1981.0,68.37844193350857,4025.5252856826423,940.1700000000001,225709.84868354563
-6.0,1982.0,62.12253434033174,4222.342767635899,507.88,249711.34459791402
-6.0,1983.0,63.207489061506614,4120.10235373082,483.22399999999993,237386.1641611545
-6.0,1984.0,96.8134606091723,4391.589211751491,657.065,194546.30020858144
-6.0,1985.0,69.9772899398061,4762.112362301097,478.5019999999999,198964.65530595064
-6.0,1986.0,65.02957182609448,4481.231496856945,437.271,176939.48736196043
-6.0,1987.0,58.70946706044783,3548.7710127807054,419.35499999999996,170592.6608515627
-6.0,1988.0,70.2660644904691,3896.9333985195453,527.255,174349.14778723728
-6.0,1989.0,69.09888742429575,3479.0387219243266,474.818,126665.81228428091
-6.0,1990.0,66.38523522353061,3522.3576788791333,604.773,107443.53728084394
-6.0,1991.0,25.368518479157228,2950.683789775562,400.415,91053.13470611058
-6.0,1992.0,56.73643352546613,3558.7599897745113,1184.3659999999998,102817.24519627995
-6.0,1993.0,56.73643352546613,3476.057690351807,1182.667,95590.734970645
-6.0,1994.0,54.32145641923902,3216.5893442865045,1177.82,71385.76674841251
-6.0,1995.0,158.13226547515436,5697.802663612678,3669.0450000000005,124508.25745437082
-5.0,1948.0,1203.255006665244,14079.574805504939,90975.749,1041579.3518826363
-5.0,1949.0,658.7223954979357,7567.998013229209,47625.527,556069.4647473486
-5.0,1950.0,660.2197335259664,7844.409192851991,47690.35,572625.266621579
-5.0,1951.0,784.8620131644423,8597.452498793933,47971.529,608801.8567480166
-5.0,1952.0,778.6814309171134,8594.617157410743,48775.24099999999,608096.8267200829
-5.0,1953.0,848.3522280018534,8737.475083086272,53030.424000000006,578681.9701431445
-5.0,1954.0,403.51505280768345,5900.807031970523,10326.733999999999,400359.2509956805
-5.0,1955.0,385.78834507138237,5722.165879561408,9966.213,311151.8690815111
-5.0,1956.0,422.1522808194463,6357.382806588554,10410.304000000002,315704.3316526133
-5.0,1957.0,466.34652149151884,7906.227117691131,11537.987000000001,507906.8312910824
-5.0,1958.0,374.5237168059823,10663.098574725882,13799.490999999998,635694.4359323052
-5.0,1959.0,390.1320246404263,11141.38559875567,13657.856,640731.618182034
-5.0,1960.0,302.3598072269491,11881.933768200604,8953.788,641006.7339553449
-5.0,1961.0,287.2584352980947,14308.06208605972,8898.517,846503.6958232452
-5.0,1962.0,309.1801593358621,15546.02081469908,9036.400000000001,936788.6609172784
-5.0,1963.0,214.21015711035932,15056.717813176772,9330.202000000001,910901.2006111491
-5.0,1964.0,364.2507390041406,16160.21278483123,29866.718999999997,800934.2994549705
-5.0,1965.0,364.83344312850886,14602.52728851348,28289.975999999995,739137.4720417517
-5.0,1966.0,342.7720107287955,15481.655668819709,27671.729999999996,805529.4028526517
-5.0,1967.0,339.7849355132185,14576.330554464792,27416.531,776891.8368747788
-5.0,1968.0,300.05632062501996,12312.704045141974,26780.243999999995,611017.3739617381
-5.0,1969.0,280.5361484980212,10867.895320196443,26710.728,562635.7290989067
-5.0,1970.0,287.11468707523505,10432.24225477373,23728.488,626940.802109523
-5.0,1971.0,92.32530197349828,7991.66512538847,2206.036,548201.8271985028
-5.0,1972.0,61.08064445906814,6329.795161065,1303.898,474708.3348848056
-5.0,1973.0,68.04830178910248,4505.927968885311,1698.414,374417.24910940113
-5.0,1974.0,116.61109360521586,4732.0045810686925,1830.706,375771.6067196922
-5.0,1975.0,107.02274056668206,4817.821876766268,1924.72,332441.93311927817
-5.0,1976.0,102.5757875246548,4684.012406613597,1804.5409999999997,312045.56568553013
-5.0,1977.0,89.71780956637302,3881.477582654315,1646.9840000000002,246639.48741367031
-5.0,1978.0,121.46860861889796,3499.5498339784995,1664.598,233103.41562973012
-5.0,1979.0,124.25880516973223,3577.7102172610676,1643.7259999999997,233681.21875861092
-5.0,1980.0,122.12608990856754,4334.528080239914,1080.929,237509.76706922433
-5.0,1981.0,69.57355789114784,4082.600840623139,940.1700000000001,225709.84868354563
-5.0,1982.0,63.39478003919437,4288.53850795868,507.88,249711.34459791402
-5.0,1983.0,64.6683315345628,4186.298068262112,483.22399999999993,237386.1641611545
-5.0,1984.0,98.20526418384982,4457.028566656235,657.065,194546.30020858144
-5.0,1985.0,70.6161647009243,4827.676796644838,478.5019999999999,198964.65530595064
-5.0,1986.0,65.6684465872127,4542.922022270663,437.271,176939.48736196043
-5.0,1987.0,59.28773717040325,3592.147149945595,419.35499999999996,170592.6608515627
-5.0,1988.0,70.84433460042452,3937.680343690121,527.255,174349.14778723728
-5.0,1989.0,69.47513429532597,3506.6005388723047,474.818,126665.81228428091
-5.0,1990.0,66.63551663768294,3548.1049766009596,604.773,107443.53728084394
-5.0,1991.0,25.555289656612747,2971.2453177976413,400.415,91053.13470611058
-5.0,1992.0,57.300506514872815,3581.009200080396,1184.3659999999998,102817.24519627995
-5.0,1993.0,57.30050651487282,3497.244288836534,1182.667,95590.734970645
-5.0,1994.0,54.88552940864571,3236.4014592263834,1177.82,71385.76674841251
-5.0,1995.0,160.13915493800994,5726.363289831378,3669.0450000000005,124508.25745437082
-4.0,1948.0,1209.8286427828011,14248.67552601441,90975.749,1041579.3518826363
-4.0,1949.0,666.6996645495944,7677.745087781897,47625.527,556069.4647473486
-4.0,1950.0,668.3221566246225,7966.281409186811,47690.35,572625.266621579
-4.0,1951.0,794.3455590366351,8725.204432159331,47971.529,608801.8567480166
-4.0,1952.0,788.1030475440234,8749.746400643773,48775.24099999999,608096.8267200829
-4.0,1953.0,859.574464767154,8917.115525224157,53030.424000000006,578681.9701431445
-4.0,1954.0,413.09666842409547,6061.88646813296,10326.733999999999,400359.2509956805
-4.0,1955.0,394.94479000800635,5918.178247351088,9966.213,311151.8690815111
-4.0,1956.0,426.9346614590803,6544.64044268013,10410.304000000002,315704.3316526133
-4.0,1957.0,471.68811990951167,8138.300214009525,11537.987000000001,507906.8312910824
-4.0,1958.0,378.9187228552943,10962.351689095289,13799.490999999998,635694.4359323052
-4.0,1959.0,395.23116406019733,11440.00706371601,13657.856,640731.618182034
-4.0,1960.0,305.69746895621563,12159.873069808355,8953.788,641006.7339553449
-4.0,1961.0,290.78208769639133,14630.515422058885,8898.517,846503.6958232452
-4.0,1962.0,312.6399283102167,15858.303237872915,9036.400000000001,936788.6609172784
-4.0,1963.0,217.65494875062944,15378.050964103015,9330.202000000001,910901.2006111491
-4.0,1964.0,370.6520429977141,16458.852053190683,29866.718999999997,800934.2994549705
-4.0,1965.0,370.9252999475955,14850.373569382149,28289.975999999995,739137.4720417517
-4.0,1966.0,348.15973417742305,15717.673639563614,27671.729999999996,805529.4028526517
-4.0,1967.0,344.99550716837985,14800.345550209404,27416.531,776891.8368747788
-4.0,1968.0,304.2606378562524,12491.947833531602,26780.243999999995,611017.3739617381
-4.0,1969.0,284.73895254752574,11020.067094996,26710.728,562635.7290989067
-4.0,1970.0,291.51209206871596,10569.485555376814,23728.488,626940.802109523
-4.0,1971.0,93.08182278831964,8103.661259719336,2206.036,548201.8271985028
-4.0,1972.0,61.77566268868167,6423.901468179112,1303.898,474708.3348848056
-4.0,1973.0,69.55568116190308,4582.489443940303,1698.414,374417.24910940113
-4.0,1974.0,118.23257250682748,4813.632001471157,1830.706,375771.6067196922
-4.0,1975.0,108.57445860335184,4898.0189520427775,1924.72,332441.93311927817
-4.0,1976.0,104.0662040537869,4762.5224290277465,1804.5409999999997,312045.56568553013
-4.0,1977.0,91.27774570847231,3939.8056795397847,1646.9840000000002,246639.48741367031
-4.0,1978.0,124.03580722722174,3550.4408539356155,1664.598,233103.41562973012
-4.0,1979.0,126.76242313289474,3627.7863763544756,1643.7259999999997,233681.21875861092
-4.0,1980.0,123.817346728543,4396.416918524907,1080.929,237509.76706922433
-4.0,1981.0,71.08763825923533,4135.3622583706765,940.1700000000001,225709.84868354563
-4.0,1982.0,64.85411040728187,4344.797328120285,507.88,249711.34459791402
-4.0,1983.0,66.19052749404813,4241.1194122248435,483.22399999999993,237386.1641611545
-4.0,1984.0,99.33794227375108,4510.342572896821,657.065,194546.30020858144
-4.0,1985.0,70.74158032460105,4882.678294455203,478.5019999999999,198964.65530595064
-4.0,1986.0,65.79386221088944,4594.7990558351485,437.271,176939.48736196043
-4.0,1987.0,59.41315279407999,3624.584883870696,419.35499999999996,170592.6608515627
-4.0,1988.0,71.03164482564367,3974.9917451572674,527.255,174349.14778723728
-4.0,1989.0,69.85087409800992,3539.4744076653988,474.818,126665.81228428091
-4.0,1990.0,66.94839084896904,3579.9145146878714,604.773,107443.53728084394
-4.0,1991.0,25.867683765689883,2998.431444030688,400.415,91053.13470611058
-4.0,1992.0,57.863521204374024,3608.258185032363,1184.3659999999998,102817.24519627995
-4.0,1993.0,57.86352120437402,3524.0556785240315,1182.667,95590.734970645
-4.0,1994.0,55.44854409814691,3262.0883103749093,1177.82,71385.76674841251
-4.0,1995.0,161.5162766273808,5754.111916636535,3669.0450000000005,124508.25745437082
-3.0,1948.0,1215.6367036468814,14455.723402248783,90975.749,1041579.3518826363
-3.0,1949.0,676.7469890415971,7804.993085379123,47625.527,556069.4647473486
-3.0,1950.0,678.674868440569,8105.841996327183,47690.35,572625.266621579
-3.0,1951.0,805.5775264212635,8872.710090441728,47971.529,608801.8567480166
-3.0,1952.0,799.7769846976679,8915.44126673129,48775.24099999999,608096.8267200829
-3.0,1953.0,872.9339085381466,9107.445351496623,53030.424000000006,578681.9701431445
-3.0,1954.0,425.5358179044752,6230.407209932671,10326.733999999999,400359.2509956805
-3.0,1955.0,407.07951587041794,6121.069988668925,9966.213,311151.8690815111
-3.0,1956.0,432.5799417048944,6728.403834949157,10410.304000000002,315704.3316526133
-3.0,1957.0,478.3384494405849,8363.193895591303,11537.987000000001,507906.8312910824
-3.0,1958.0,385.2538697094143,11249.854180698618,13799.490999999998,635694.4359323052
-3.0,1959.0,401.5546947864745,11730.00110762568,13657.856,640731.618182034
-3.0,1960.0,310.45619877926646,12429.622184735086,8953.788,641006.7339553449
-3.0,1961.0,294.8475910100146,14943.271365805722,8898.517,846503.6958232452
-3.0,1962.0,316.634752353503,16162.886303114812,9036.400000000001,936788.6609172784
-3.0,1963.0,221.14759761885256,15681.31068422307,9330.202000000001,910901.2006111491
-3.0,1964.0,375.59832951723956,16744.540855201747,29866.718999999997,800934.2994549705
-3.0,1965.0,375.6199302455285,15090.39200628666,28289.975999999995,739137.4720417517
-3.0,1966.0,353.39144616155244,15959.543645678077,27671.729999999996,805529.4028526517
-3.0,1967.0,350.1667215284032,15027.776363955112,27416.531,776891.8368747788
-3.0,1968.0,308.7985196262764,12675.36386978385,26780.243999999995,611017.3739617381
-3.0,1969.0,289.6479605014017,11185.536620224517,26710.728,562635.7290989067
-3.0,1970.0,296.60865130295974,10733.774965861856,23728.488,626940.802109523
-3.0,1971.0,95.4143077620582,8244.328008003722,2206.036,548201.8271985028
-3.0,1972.0,63.79573099228383,6544.186589333988,1303.898,474708.3348848056
-3.0,1973.0,70.7331324592193,4669.298618443447,1698.414,374417.24910940113
-3.0,1974.0,120.03417978243557,4907.008887181535,1830.706,375771.6067196922
-3.0,1975.0,110.44054455196934,4991.277889440847,1924.72,332441.93311927817
-3.0,1976.0,105.44138361204554,4842.032587804003,1804.5409999999997,312045.56568553013
-3.0,1977.0,92.52790030215269,3999.258073382518,1646.9840000000002,246639.48741367031
-3.0,1978.0,126.60694462610971,3600.4564109184716,1664.598,233103.41562973012
-3.0,1979.0,129.33356053178272,3676.4243966406134,1643.7259999999997,233681.21875861092
-3.0,1980.0,126.20101617131087,4457.430173327139,1080.929,237509.76706922433
-3.0,1981.0,72.7910140378678,4188.37139403591,940.1700000000001,225709.84868354563
-3.0,1982.0,66.37042104774709,4399.555036799319,507.88,249711.34459791402
-3.0,1983.0,67.7697037259112,4297.127079444328,483.22399999999993,237386.1641611545
-3.0,1984.0,101.04224228666136,4566.593133595895,657.065,194546.30020858144
-3.0,1985.0,71.12489753230375,4939.491287088741,478.5019999999999,198964.65530595064
-3.0,1986.0,66.17717941859213,4648.925187484992,437.271,176939.48736196043
-3.0,1987.0,59.79647000178269,3662.458813435967,419.35499999999996,170592.6608515627
-3.0,1988.0,71.46844354412352,4012.489367458967,527.255,174349.14778723728
-3.0,1989.0,70.22517898932927,3572.5969506367896,474.818,126665.81228428091
-3.0,1990.0,67.25983014889054,3611.596469503559,604.773,107443.53728084394
-3.0,1991.0,25.991472968774715,3025.0533224118985,400.415,91053.13470611058
-3.0,1992.0,58.182330616779474,3635.3804756396776,1184.3659999999998,102817.24519627995
-3.0,1993.0,58.18233061677947,3550.7404778842456,1182.667,95590.734970645
-3.0,1994.0,55.767353510552354,3286.086862518298,1177.82,71385.76674841251
-3.0,1995.0,162.29635746466323,5785.358734019447,3669.0450000000005,124508.25745437082
-2.0,1948.0,1225.3324585755531,14670.206936994016,90975.749,1041579.3518826363
-2.0,1949.0,687.7901783359767,7933.429775288942,47625.527,556069.4647473486
-2.0,1950.0,689.9042892467346,8253.34110277958,47690.35,572625.266621579
-2.0,1951.0,817.4917543783642,9027.340557030697,47971.529,608801.8567480166
-2.0,1952.0,811.1279048858419,9089.323822955634,48775.24099999999,608096.8267200829
-2.0,1953.0,886.0077234963583,9303.777765875324,53030.424000000006,578681.9701431445
-2.0,1954.0,436.8599155644725,6404.178790927028,10326.733999999999,400359.2509956805
-2.0,1955.0,417.7982594462249,6319.154717065046,9966.213,311151.8690815111
-2.0,1956.0,437.1837111891097,6915.547735234883,10410.304000000002,315704.3316526133
-2.0,1957.0,484.2530546464256,8582.905771103766,11537.987000000001,507906.8312910824
-2.0,1958.0,390.9803056405826,11526.303084428459,13799.490999999998,635694.4359323052
-2.0,1959.0,407.67455064876856,12003.000827670025,13657.856,640731.618182034
-2.0,1960.0,315.0388993507232,12685.373326314231,8953.788,641006.7339553449
-2.0,1961.0,298.99088768399935,15244.27536735659,8898.517,846503.6958232452
-2.0,1962.0,320.97230371675334,16450.901466578907,9036.400000000001,936788.6609172784
-2.0,1963.0,225.1105367298962,15973.249205875207,9330.202000000001,910901.2006111491
-2.0,1964.0,380.54302087265825,17020.34613019641,29866.718999999997,800934.2994549705
-2.0,1965.0,380.43950686157086,15328.270195305895,28289.975999999995,739137.4720417517
-2.0,1966.0,357.75513465478423,16198.837683472702,27671.729999999996,805529.4028526517
-2.0,1967.0,354.2811526852919,15249.321189790953,27416.531,776891.8368747788
-2.0,1968.0,312.2148591545164,12854.402754255923,26780.243999999995,611017.3739617381
-2.0,1969.0,293.11525137052683,11361.191562102213,26710.728,562635.7290989067
-2.0,1970.0,300.14071011911926,10900.750928480495,23728.488,626940.802109523
-2.0,1971.0,96.46754710043122,8386.61906376521,2206.036,548201.8271985028
-2.0,1972.0,64.4774471937705,6664.912931710785,1303.898,474708.3348848056
-2.0,1973.0,71.66480593553277,4764.112217695535,1698.414,374417.24910940113
-2.0,1974.0,121.71614552835878,5008.20369178408,1830.706,375771.6067196922
-2.0,1975.0,111.87391217081323,5088.162035147426,1924.72,332441.93311927817
-2.0,1976.0,106.62954520073866,4921.23104947135,1804.5409999999997,312045.56568553013
-2.0,1977.0,93.78379978893685,4060.4026578878897,1646.9840000000002,246639.48741367031
-2.0,1978.0,128.80400512984303,3653.2887288784223,1664.598,233103.41562973012
-2.0,1979.0,131.59370578127871,3729.0041444070607,1643.7259999999997,233681.21875861092
-2.0,1980.0,128.21120414598008,4520.75999338405,1080.929,237509.76706922433
-2.0,1981.0,74.05090974292727,4244.448993658589,940.1700000000001,225709.84868354563
-2.0,1982.0,67.62893966238705,4459.443579554226,507.88,249711.34459791402
-2.0,1983.0,69.40541588893826,4357.640589838166,483.22399999999993,237386.1641611545
-2.0,1984.0,102.67251536806639,4622.846344239196,657.065,194546.30020858144
-2.0,1985.0,71.8140095967596,4996.619462691709,478.5019999999999,198964.65530595064
-2.0,1986.0,66.80320673728528,4703.117045817456,437.271,176939.48736196043
-2.0,1987.0,60.42249732047584,3698.3364628532254,419.35499999999996,170592.6608515627
-2.0,1988.0,72.09447086281666,4049.4258840542184,527.255,174349.14778723728
-2.0,1989.0,70.79002263455304,3603.096347827607,474.818,126665.81228428091
-2.0,1990.0,67.51011156304287,3641.8432986991556,604.773,107443.53728084394
-2.0,1991.0,26.240314076300166,3051.05161335476,400.415,91053.13470611058
-2.0,1992.0,58.827520726651,3663.0670397930885,1184.3659999999998,102817.24519627995
-2.0,1993.0,58.827520726651,3577.2393405078315,1182.667,95590.734970645
-2.0,1994.0,56.41254362042389,3311.586669366546,1177.82,71385.76674841251
-2.0,1995.0,164.56564547930824,5821.421210986766,3669.0450000000005,124508.25745437082
-1.0,1948.0,1237.5770291045194,14889.80215635235,90975.749,1041579.3518826363
-1.0,1949.0,702.8774392002639,8084.738306480238,47625.527,556069.4647473486
-1.0,1950.0,705.1167041580193,8422.39960731201,47690.35,572625.266621579
-1.0,1951.0,833.1371446925327,9202.779878754834,47971.529,608801.8567480166
-1.0,1952.0,826.4653354872003,9280.076342573679,48775.24099999999,608096.8267200829
-1.0,1953.0,903.4705939944338,9516.984496407147,53030.424000000006,578681.9701431445
-1.0,1954.0,452.673324147413,6589.950573943208,10326.733999999999,400359.2509956805
-1.0,1955.0,432.4670342522208,6532.424241619949,9966.213,311151.8690815111
-1.0,1956.0,443.59202702344976,7095.495704026189,10410.304000000002,315704.3316526133
-1.0,1957.0,491.28456737173036,8794.859133113327,11537.987000000001,507906.8312910824
-1.0,1958.0,398.01794499147854,11804.297824788046,13799.490999999998,635694.4359323052
-1.0,1959.0,414.5464732869234,12281.734944003154,13657.856,640731.618182034
-1.0,1960.0,319.72128975958003,12944.358326967442,8953.788,641006.7339553449
-1.0,1961.0,302.3571105794977,15535.389356897176,8898.517,846503.6958232452
-1.0,1962.0,324.5654146744723,16731.595157009888,9036.400000000001,936788.6609172784
-1.0,1963.0,228.02299036777308,16252.559408933012,9330.202000000001,910901.2006111491
-1.0,1964.0,385.34107107483976,17289.459515990548,29866.718999999997,800934.2994549705
-1.0,1965.0,385.550245907698,15555.27708444315,28289.975999999995,739137.4720417517
-1.0,1966.0,362.65482100596404,16422.571723461864,27671.729999999996,805529.4028526517
-1.0,1967.0,359.1185247023859,15470.744553071054,27416.531,776891.8368747788
-1.0,1968.0,316.5379302523783,13050.126681305475,26780.243999999995,611017.3739617381
-1.0,1969.0,297.06205041002073,11558.40399794962,26710.728,562635.7290989067
-1.0,1970.0,304.4075466807607,11097.907042399707,23728.488,626940.802109523
-1.0,1971.0,98.10043615980581,8552.840846744393,2206.036,548201.8271985028
-1.0,1972.0,65.35854538072448,6805.946634084653,1303.898,474708.3348848056
-1.0,1973.0,73.67071185920732,4887.671571299429,1698.414,374417.24910940113
-1.0,1974.0,125.27168157624,5129.017066151745,1830.706,375771.6067196922
-1.0,1975.0,115.11777527213626,5198.293915999879,1924.72,332441.93311927817
-1.0,1976.0,109.74886408437462,5003.9907744123675,1804.5409999999997,312045.56568553013
-1.0,1977.0,96.77947774395395,4121.353637778918,1646.9840000000002,246639.48741367031
-1.0,1978.0,132.9290763051991,3708.6779346869644,1664.598,233103.41562973012
-1.0,1979.0,135.7187769566348,3780.9529570876316,1643.7259999999997,233681.21875861092
-1.0,1980.0,131.33290556911174,4574.959181985956,1080.929,237509.76706922433
-1.0,1981.0,75.62298104185223,4290.833563468642,940.1700000000001,225709.84868354563
-1.0,1982.0,69.20117205465957,4511.764861715466,507.88,249711.34459791402
-1.0,1983.0,71.04051387260863,4411.649308980541,483.22399999999993,237386.1641611545
-1.0,1984.0,104.04870599145983,4675.285605712745,657.065,194546.30020858144
-1.0,1985.0,72.12096430318486,5052.4963101296635,478.5019999999999,198964.65530595064
-1.0,1986.0,67.11016144371054,4758.556867924407,437.271,176939.48736196043
-1.0,1987.0,60.608014042404974,3739.4001316614203,419.35499999999996,170592.6608515627
-1.0,1988.0,72.3424979206631,4087.0485592148016,527.255,174349.14778723728
-1.0,1989.0,70.97555586523897,3634.4064563426773,474.818,126665.81228428091
-1.0,1990.0,67.63277920233097,3671.463359010676,604.773,107443.53728084394
-1.0,1991.0,26.362981715588262,3075.6112635258487,400.415,91053.13470611058
-1.0,1992.0,58.95258554532694,3684.3145390502773,1184.3659999999998,102817.24519627995
-1.0,1993.0,58.95258554532694,3597.236639944464,1182.667,95590.734970645
-1.0,1994.0,56.53760843909983,3330.5220070908417,1177.82,71385.76674841251
-1.0,1995.0,164.81586341034276,5847.105157382813,3669.0450000000005,124508.25745437082
0.0,1948.0,1247.1056510997764,15109.39652392202,90975.749,1041579.3518826363
0.0,1949.0,717.6564954872581,8237.354153219869,47625.527,556069.4647473486
0.0,1950.0,720.0891292190151,8592.826985986036,47690.35,572625.266621579
0.0,1951.0,848.1723480614168,9379.525793868203,47971.529,608801.8567480166
0.0,1952.0,841.3130604598882,9472.947290274153,48775.24099999999,608096.8267200829
0.0,1953.0,920.742929318215,9734.683225082557,53030.424000000006,578681.9701431445
0.0,1954.0,468.02338391730206,6780.403385058904,10326.733999999999,400359.2509956805
0.0,1955.0,447.25857441610606,6740.692686335302,9966.213,311151.8690815111
0.0,1956.0,449.3983970098697,7273.511107779564,10410.304000000002,315704.3316526133
0.0,1957.0,497.96706350411756,9007.940744750791,11537.987000000001,507906.8312910824
0.0,1958.0,405.0070785169262,12080.296692608928,13799.490999999998,635694.4359323052
0.0,1959.0,421.85584214397034,12560.285081671489,13657.856,640731.618182034
0.0,1960.0,324.8024866026292,13197.470793435305,8953.788,641006.7339553449
0.0,1961.0,306.8638671718609,15826.759125526682,8898.517,846503.6958232452
0.0,1962.0,329.6322802957237,17019.984684523362,9036.400000000001,936788.6609172784
0.0,1963.0,232.21491403843987,16545.937535693356,9330.202000000001,910901.2006111491
0.0,1964.0,392.29672893855485,17570.268392879952,29866.718999999997,800934.2994549705
0.0,1965.0,392.38780836925076,15791.098821381884,28289.975999999995,739137.4720417517
0.0,1966.0,371.6017620778614,16686.69315189504,27671.729999999996,805529.4028526517
0.0,1967.0,367.75389410385435,15736.744828353929,27416.531,776891.8368747788
0.0,1968.0,324.35874010521593,13283.421291556426,26780.243999999995,611017.3739617381
0.0,1969.0,304.3227512339701,11785.055417143029,26710.728,562635.7290989067
0.0,1970.0,311.7976375054661,11315.752824971529,23728.488,626940.802109523
0.0,1971.0,101.65729787149404,8742.81535109592,2206.036,548201.8271985028
0.0,1972.0,68.79124808394911,6975.9858277396215,1303.898,474708.3348848056
0.0,1973.0,74.9854560724486,5003.791212656757,1698.414,374417.24910940113
0.0,1974.0,128.33807451654968,5240.76688438265,1830.706,375771.6067196922
0.0,1975.0,117.9266714552063,5301.304480145039,1924.72,332441.93311927817
0.0,1976.0,112.55776026744468,5087.254005049574,1804.5409999999997,312045.56568553013
0.0,1977.0,99.21279572610474,4184.869791546311,1646.9840000000002,246639.48741367031
0.0,1978.0,136.0525790331126,3761.006870684012,1664.598,233103.41562973012
0.0,1979.0,138.77606776131435,3831.093192709653,1643.7259999999997,233681.21875861092
0.0,1980.0,134.01337579400723,4632.286000871886,1080.929,237509.76706922433
0.0,1981.0,76.62211023198698,4340.0962041908715,940.1700000000001,225709.84868354563
0.0,1982.0,70.14571233814185,4567.14973098271,507.88,249711.34459791402
0.0,1983.0,72.29938211308016,4467.471667120571,483.22399999999993,237386.1641611545
0.0,1984.0,105.30757423193138,4727.788487941027,657.065,194546.30020858144
0.0,1985.0,72.68964779789368,5109.311614110078,478.5019999999999,198964.65530595064
0.0,1986.0,67.61789557133076,4814.372568651261,437.271,176939.48736196043
0.0,1987.0,61.05514351886241,3778.9020103232033,419.35499999999996,170592.6608515627
0.0,1988.0,72.71931970481285,4129.107604645106,527.255,174349.14778723728
0.0,1989.0,71.35269368138314,3669.152876121705,474.818,126665.81228428091
0.0,1990.0,67.6955890614859,3709.886928057669,604.773,107443.53728084394
0.0,1991.0,26.425791574743194,3109.288062879231,400.415,91053.13470611058
0.0,1992.0,59.14050436999911,3717.1169555134143,1184.3659999999998,102817.24519627995
0.0,1993.0,59.14050436999911,3628.91401806066,1182.667,95590.734970645
0.0,1994.0,56.725527263771994,3360.825284149617,1177.82,71385.76674841251
0.0,1995.0,165.37910913156668,5889.400237594581,3669.0450000000005,124508.25745437082
1.0,1948.0,1262.3400758455937,15351.176351465427,90975.749,1041579.3518826363
1.0,1949.0,733.9357532772483,8402.657384879563,47625.527,556069.4647473486
1.0,1950.0,736.676773450369,8774.941794348078,47690.35,572625.266621579
1.0,1951.0,866.2670309403329,9570.898017877422,47971.529,608801.8567480166
1.0,1952.0,858.7876028281851,9680.445377797938,48775.24099999999,608096.8267200829
1.0,1953.0,940.9612483002602,9968.00548498131,53030.424000000006,578681.9701431445
1.0,1954.0,484.7648398637586,6971.919330954699,10326.733999999999,400359.2509956805
1.0,1955.0,462.91328738417354,6948.960817902944,9966.213,311151.8690815111
1.0,1956.0,456.6925143906324,7452.399324977983,10410.304000000002,315704.3316526133
1.0,1957.0,505.6424015750509,9221.708736809365,11537.987000000001,507906.8312910824
1.0,1958.0,411.35254542850635,12356.416791062573,13799.490999999998,635694.4359323052
1.0,1959.0,427.972501193771,12832.271722105488,13657.856,640731.618182034
1.0,1960.0,328.09097475296727,13442.524235788598,8953.788,641006.7339553449
1.0,1961.0,309.9036363913631,16108.265059479254,8898.517,846503.6958232452
1.0,1962.0,333.02613277987496,17295.752905857782,9036.400000000001,936788.6609172784
1.0,1963.0,234.8580990763799,16819.884493194535,9330.202000000001,910901.2006111491
1.0,1964.0,397.19972167462794,17827.146007198877,29866.718999999997,800934.2994549705
1.0,1965.0,397.746294043623,16015.18593029805,28289.975999999995,739137.4720417517
1.0,1966.0,380.0505974382387,16972.743621160203,27671.729999999996,805529.4028526517
1.0,1967.0,376.34631874994585,16028.48423598909,27416.531,776891.8368747788
1.0,1968.0,332.37924448911787,13544.577831466282,26780.243999999995,611017.3739617381
1.0,1969.0,312.09415813749024,12053.762682055221,26710.728,562635.7290989067
1.0,1970.0,319.88908193113366,11586.403408896906,23728.488,626940.802109523
1.0,1971.0,106.79932746749421,8988.156929106384,2206.036,548201.8271985028
1.0,1972.0,73.3623819593233,7185.571787806724,1303.898,474708.3348848056
1.0,1973.0,76.88008075393736,5135.354332464433,1698.414,374417.24910940113
1.0,1974.0,131.3486038547305,5363.458874541336,1830.706,375771.6067196922
1.0,1975.0,120.67062546794783,5415.376100105744,1924.72,332441.93311927817
1.0,1976.0,115.04924610598185,5170.516846227261,1804.5409999999997,312045.56568553013
1.0,1977.0,101.32173327574614,4238.5082297425,1646.9840000000002,246639.48741367031
1.0,1978.0,138.91444539631334,3807.4572876294897,1664.598,233103.41562973012
1.0,1979.0,141.57616941863273,3876.667307269315,1643.7259999999997,233681.21875861092
1.0,1980.0,136.2491889154214,4685.172259096078,1080.929,237509.76706922433
1.0,1981.0,77.5451436967091,4387.602968351391,940.1700000000001,225709.84868354563
1.0,1982.0,70.95924580286398,4618.77917193008,507.88,249711.34459791402
1.0,1983.0,73.61584030898507,4527.601522378216,483.22399999999993,237386.1641611545
1.0,1984.0,106.68658246011516,4789.352466188403,657.065,194546.30020858144
1.0,1985.0,73.43982791211538,5175.250527057943,478.5019999999999,198964.65530595064
1.0,1986.0,68.36807568555244,4879.812045919068,437.271,176939.48736196043
1.0,1987.0,61.74471898192129,3825.901928005248,419.35499999999996,170592.6608515627
1.0,1988.0,73.40889516787173,4177.606188158188,527.255,174349.14778723728
1.0,1989.0,72.04226914444203,3714.960741254526,474.818,126665.81228428091
1.0,1990.0,67.94487111067764,3749.9985636663814,604.773,107443.53728084394
1.0,1991.0,26.612523591656053,3144.6511527905186,400.415,91053.13470611058
1.0,1992.0,60.14145292869408,3753.1058031293287,1184.3659999999998,102817.24519627995
1.0,1993.0,60.14145292869408,3663.2152050463083,1182.667,95590.734970645
1.0,1994.0,57.726475822466966,3394.439915150255,1177.82,71385.76674841251
1.0,1995.0,169.25764073171524,5939.319897393528,3669.0450000000005,124508.25745437082
2.0,1948.0,1277.8357124747126,15614.38938506576,90975.749,1041579.3518826363
2.0,1949.0,751.9576938294895,8573.705520674168,47625.527,556069.4647473486
2.0,1950.0,754.9490220966048,8964.426602355961,47690.35,572625.266621579
2.0,1951.0,885.5437325127775,9768.391330540053,47971.529,608801.8567480166
2.0,1952.0,878.0672095676375,9890.186910171189,48775.24099999999,608096.8267200829
2.0,1953.0,963.1181202538111,10198.638082429972,53030.424000000006,578681.9701431445
2.0,1954.0,504.2552153155543,7160.618477908129,10326.733999999999,400359.2509956805
2.0,1955.0,481.3518207927578,7157.974608027842,9966.213,311151.8690815111
2.0,1956.0,466.0347594234042,7635.972235769482,10410.304000000002,315704.3316526133
2.0,1957.0,515.9200063909544,9434.911491861012,11537.987000000001,507906.8312910824
2.0,1958.0,421.10930083671667,12615.53843925921,13799.490999999998,635694.4359323052
2.0,1959.0,437.4137555678614,13087.700707057844,13657.856,640731.618182034
2.0,1960.0,334.8419069152165,13671.332317725426,8953.788,641006.7339553449
2.0,1961.0,314.5726423257522,16374.511103259503,8898.517,846503.6958232452
2.0,1962.0,338.06773030059253,17552.638188167184,9036.400000000001,936788.6609172784
2.0,1963.0,238.8412835694822,17068.449205671477,9330.202000000001,910901.2006111491
2.0,1964.0,406.93650781518824,18086.138274892073,29866.718999999997,800934.2994549705
2.0,1965.0,408.06666984825137,16257.943915487063,28289.975999999995,739137.4720417517
2.0,1966.0,390.3447004686121,17317.26613814598,27671.729999999996,805529.4028526517
2.0,1967.0,386.51374365901444,16377.007438603083,27416.531,776891.8368747788
2.0,1968.0,341.60164921776385,13857.656855704876,26780.243999999995,611017.3739617381
2.0,1969.0,321.00322523827947,12384.328280117747,26710.728,562635.7290989067
2.0,1970.0,328.6750549318414,11902.099388028555,23728.488,626940.802109523
2.0,1971.0,108.64603094361752,9255.10940619358,2206.036,548201.8271985028
2.0,1972.0,74.20547289802417,7418.769861796539,1303.898,474708.3348848056
2.0,1973.0,78.37575962774953,5248.226394506766,1698.414,374417.24910940113
2.0,1974.0,134.28444784339317,5471.897860110078,1830.706,375771.6067196922
2.0,1975.0,123.3571207311684,5515.944738195078,1924.72,332441.93311927817
2.0,1976.0,117.61313835412703,5230.08995517066,1804.5409999999997,312045.56568553013
2.0,1977.0,104.01067815547027,4290.02616286235,1646.9840000000002,246639.48741367031
2.0,1978.0,142.54455129298663,3851.4746321242687,1664.598,233103.41562973012
2.0,1979.0,145.14269467014472,3919.870109189871,1643.7259999999997,233681.21875861092
2.0,1980.0,138.94072605745416,4741.062033800327,1080.929,237509.76706922433
2.0,1981.0,78.73625084293903,4434.990552560772,940.1700000000001,225709.84868354563
2.0,1982.0,72.02545945139207,4685.4145912230515,507.88,249711.34459791402
2.0,1983.0,75.1221130972981,4602.987287225859,483.22399999999993,237386.1641611545
2.0,1984.0,108.19290268140705,4866.290038892612,657.065,194546.30020858144
2.0,1985.0,74.0049871164581,5255.250225697305,478.5019999999999,198964.65530595064
2.0,1986.0,68.93323488989516,4957.875106127074,437.271,176939.48736196043
2.0,1987.0,62.30987818626402,3885.9633303600176,419.35499999999996,170592.6608515627
2.0,1988.0,73.97405437221447,4248.231814557591,527.255,174349.14778723728
2.0,1989.0,72.60742834878477,3767.3344774145817,474.818,126665.81228428091
2.0,1990.0,68.13260249255107,3797.5530482838276,604.773,107443.53728084394
2.0,1991.0,26.675154908971713,3186.085031805329,400.415,91053.13470611058
2.0,1992.0,60.85800794043506,3797.791074944957,1184.3659999999998,102817.24519627995
2.0,1993.0,60.85800794043506,3706.712945669348,1182.667,95590.734970645
2.0,1994.0,58.443030834207946,3435.6887369639007,1177.82,71385.76674841251
2.0,1995.0,171.99859814404783,5993.247643884766,3669.0450000000005,124508.25745437082
3.0,1948.0,1293.6273989917167,15895.470472002244,90975.749,1041579.3518826363
3.0,1949.0,769.704843696335,8749.560186116154,47625.527,556069.4647473486
3.0,1950.0,773.0772718079481,9158.280205633086,47690.35,572625.266621579
3.0,1951.0,904.5508785345535,9969.627958463921,47971.529,608801.8567480166
3.0,1952.0,896.9577303007086,10101.797658261854,48775.24099999999,608096.8267200829
3.0,1953.0,984.615327585004,10428.702828436864,53030.424000000006,578681.9701431445
3.0,1954.0,522.1357466143671,7354.001847081032,10326.733999999999,400359.2509956805
3.0,1955.0,498.6090471728565,7365.239269757751,9966.213,311151.8690815111
3.0,1956.0,474.73888346792904,7827.984665385856,10410.304000000002,315704.3316526133
3.0,1957.0,525.1844993725081,9645.864564012467,11537.987000000001,507906.8312910824
3.0,1958.0,429.80170184836766,12870.917450859943,13799.490999999998,635694.4359323052
3.0,1959.0,446.02659949945723,13338.134234378615,13657.856,640731.618182034
3.0,1960.0,340.6396750889658,13895.57968113168,8953.788,641006.7339553449
3.0,1961.0,319.11067368800093,16624.891051581468,8898.517,846503.6958232452
3.0,1962.0,342.4919918166454,17795.031357183245,9036.400000000001,936788.6609172784
3.0,1963.0,241.80729996828373,17316.39131029539,9330.202000000001,910901.2006111491
3.0,1964.0,413.03837279116954,18354.131988075507,29866.718999999997,800934.2994549705
3.0,1965.0,414.35897041364814,16510.201155731134,28289.975999999995,739137.4720417517
3.0,1966.0,408.58110756954727,17632.685776118284,27671.729999999996,805529.4028526517
3.0,1967.0,404.69044621449507,16695.118125609028,27416.531,776891.8368747788
3.0,1968.0,359.3321310170966,14152.193732250313,26780.243999999995,611017.3739617381
3.0,1969.0,338.78914032803857,12719.537174721223,26710.728,562635.7290989067
3.0,1970.0,346.4257546353014,12204.194847769537,23728.488,626940.802109523
3.0,1971.0,122.31941328837117,9509.464000000893,2206.036,548201.8271985028
3.0,1972.0,87.5028323216302,7640.802887252855,1303.898,474708.3348848056
3.0,1973.0,80.05536230440735,5391.286878002178,1698.414,374417.24910940113
3.0,1974.0,136.96485232864174,5609.6496579672785,1830.706,375771.6067196922
3.0,1975.0,125.60134140491698,5641.44895242796,1924.72,332441.93311927817
3.0,1976.0,119.6727130101765,5294.600536594748,1804.5409999999997,312045.56568553013
3.0,1977.0,105.94490153115207,4340.22610676463,1646.9840000000002,246639.48741367031
3.0,1978.0,145.35719161782094,3894.42423525925,1664.598,233103.41562973012
3.0,1979.0,147.8341179861814,3963.0053564251775,1643.7259999999997,233681.21875861092
3.0,1980.0,140.88227754901047,4790.821969769246,1080.929,237509.76706922433
3.0,1981.0,79.8879236028276,4486.309206012882,940.1700000000001,225709.84868354563
3.0,1982.0,73.60950947998721,4752.793808073781,507.88,249711.34459791402
3.0,1983.0,77.1462222656782,4681.7423257045675,483.22399999999993,237386.1641611545
3.0,1984.0,110.27868356695886,4947.851658775774,657.065,194546.30020858144
3.0,1985.0,75.27597962428594,5342.436656455296,478.5019999999999,198964.65530595064
3.0,1986.0,70.204227397723,5042.562585646777,437.271,176939.48736196043
3.0,1987.0,63.58087069409186,3954.337699035007,419.35499999999996,170592.6608515627
3.0,1988.0,75.03412380311923,4320.234870708265,527.255,174349.14778723728
3.0,1989.0,73.17278777717002,3828.397913021542,474.818,126665.81228428091
3.0,1990.0,68.44579673309835,3849.734138202306,604.773,107443.53728084394
3.0,1991.0,26.92667743234726,3231.8941664109648,400.415,91053.13470611058
3.0,1992.0,61.810221030235084,3846.1641244519196,1184.3659999999998,102817.24519627995
3.0,1993.0,61.810221030235084,3753.6483795086183,1182.667,95590.734970645
3.0,1994.0,59.39524392400798,3481.749030204213,1177.82,71385.76674841251
3.0,1995.0,175.431662599354,6054.235733686221,3669.0450000000005,124508.25745437082
4.0,1948.0,1311.048711087315,16178.979313977765,90975.749,1041579.3518826363
4.0,1949.0,788.9418947768536,8926.035493366962,47625.527,556069.4647473486
4.0,1950.0,792.6119327476216,9354.317248214851,47690.35,572625.266621579
4.0,1951.0,924.5877659373311,10171.608187190854,47971.529,608801.8567480166
4.0,1952.0,916.7441952230387,10312.522736567655,48775.24099999999,608096.8267200829
4.0,1953.0,1007.7165912804226,10663.572536458185,53030.424000000006,578681.9701431445
4.0,1954.0,541.040328263899,7551.006129146655,10326.733999999999,400359.2509956805
4.0,1955.0,516.301188219977,7569.999399699048,9966.213,311151.8690815111
4.0,1956.0,483.1265838495446,8004.117175726198,10410.304000000002,315704.3316526133
4.0,1957.0,534.3359075109066,9844.062901342539,11537.987000000001,507906.8312910824
4.0,1958.0,438.64337126876,13119.161419845097,13799.490999999998,635694.4359323052
4.0,1959.0,454.95628281107827,13582.997734583563,13657.856,640731.618182034
4.0,1960.0,346.18502347479694,14109.258757020198,8953.788,641006.7339553449
4.0,1961.0,322.88754301741113,16867.14279339309,8898.517,846503.6958232452
4.0,1962.0,346.7122879889099,18046.67442051527,9036.400000000001,936788.6609172784
4.0,1963.0,245.34610018755646,17584.829048935426,9330.202000000001,910901.2006111491
4.0,1964.0,419.31322481821735,18635.99433541453,29866.718999999997,800934.2994549705
4.0,1965.0,421.19305830152507,16774.95006856954,28289.975999999995,739137.4720417517
4.0,1966.0,419.63052699114127,18009.650763115234,27671.729999999996,805529.4028526517
4.0,1967.0,415.7406584448603,17075.584838056755,27416.531,776891.8368747788
4.0,1968.0,369.8162742812875,14503.768586805869,26780.243999999995,611017.3739617381
4.0,1969.0,349.56744312926264,13102.906577332513,26710.728,562635.7290989067
4.0,1970.0,357.01829672629054,12554.829820613684,23728.488,626940.802109523
4.0,1971.0,129.11458595564733,9813.859646251061,2206.036,548201.8271985028
4.0,1972.0,93.66155411025196,7910.011661795191,1303.898,474708.3348848056
4.0,1973.0,82.35005585612623,5528.84488712292,1698.414,374417.24910940113
4.0,1974.0,140.13331459918396,5736.209428340613,1830.706,375771.6067196922
4.0,1975.0,128.33236057234524,5759.638613478832,1924.72,332441.93311927817
4.0,1976.0,121.66614579771732,5348.421431373401,1804.5409999999997,312045.56568553013
4.0,1977.0,107.68610461701532,4382.926230486045,1646.9840000000002,246639.48741367031
4.0,1978.0,147.98016903431548,3929.748999503147,1664.598,233103.41562973012
4.0,1979.0,150.4049074211659,3997.515991485524,1643.7259999999997,233681.21875861092
4.0,1980.0,142.82634522089788,4850.956881868111,1080.929,237509.76706922433
4.0,1981.0,80.96542310534225,4554.191063317285,940.1700000000001,225709.84868354563
4.0,1982.0,74.99308844319634,4840.236247607793,507.88,249711.34459791402
4.0,1983.0,78.78126359447874,4784.060973833692,483.22399999999993,237386.1641611545
4.0,1984.0,112.03882496031717,5050.975558156744,657.065,194546.30020858144
4.0,1985.0,76.15434668701296,5449.747923227128,478.5019999999999,198964.65530595064
4.0,1986.0,71.0195097146873,5150.0617083835095,437.271,176939.48736196043
4.0,1987.0,64.39615301105617,4028.5864732853806,419.35499999999996,170592.6608515627
4.0,1988.0,75.77909842777585,4393.987140878963,527.255,174349.14778723728
4.0,1989.0,73.5493502073192,3886.710293446838,474.818,126665.81228428091
4.0,1990.0,68.6335281149718,3894.978125946777,604.773,107443.53728084394
4.0,1991.0,26.98930874966292,3271.3914901541543,400.415,91053.13470611058
4.0,1992.0,62.69289329578763,3890.5377305201164,1184.3659999999998,102817.24519627995
4.0,1993.0,62.69289329578761,3794.9597472036603,1182.667,95590.734970645
4.0,1994.0,60.27791618956051,3522.2481487610403,1177.82,71385.76674841251
4.0,1995.0,178.8370890269328,6113.104808994184,3669.0450000000005,124508.25745437082
5.0,1948.0,1329.5275525452187,16455.04291393599,90975.749,1041579.3518826363
5.0,1949.0,808.0169401531228,9099.072464935576,47625.527,556069.4647473486
5.0,1950.0,812.3037510066181,9544.790927283648,47690.35,572625.266621579
5.0,1951.0,945.0957021988722,10371.27619307749,47971.529,608801.8567480166
5.0,1952.0,936.8827703555822,10527.50144864,48775.24099999999,608096.8267200829
5.0,1953.0,1031.2333414547497,10903.445441713651,53030.424000000006,578681.9701431445
5.0,1954.0,560.3924174744029,7747.012626573431,10326.733999999999,400359.2509956805
5.0,1955.0,535.1431113237574,7771.448823525513,9966.213,311151.8690815111
5.0,1956.0,493.3214860512208,8179.377378003711,10410.304000000002,315704.3316526133
5.0,1957.0,544.9790180042958,10044.94961016288,11537.987000000001,507906.8312910824
5.0,1958.0,448.7224846365365,13367.281080619165,13799.490999999998,635694.4359323052
5.0,1959.0,465.01889268043385,13827.986719821702,13657.856,640731.618182034
5.0,1960.0,352.6792968222668,14325.126748846145,8953.788,641006.7339553449
5.0,1961.0,328.5631773925821,17143.336802588456,8898.517,846503.6958232452
5.0,1962.0,352.39553457233944,18337.316294936092,9036.400000000001,936788.6609172784
5.0,1963.0,249.64873809337516,17893.761748143486,9330.202000000001,910901.2006111491
5.0,1964.0,427.15403043164554,18958.229770245405,29866.718999999997,800934.2994549705
5.0,1965.0,429.66280620694147,17082.19484352928,28289.975999999995,739137.4720417517
5.0,1966.0,430.88280399597124,18454.301712525357,27671.729999999996,805529.4028526517
5.0,1967.0,427.23680701562444,17508.922743932726,27416.531,776891.8368747788
5.0,1968.0,379.91925246180415,14878.085517869142,26780.243999999995,611017.3739617381
5.0,1969.0,359.6803881600788,13506.835156321533,26710.728,562635.7290989067
5.0,1970.0,367.4486594230797,12930.465173342185,23728.488,626940.802109523
5.0,1971.0,134.94179977038692,10143.441565877232,2206.036,548201.8271985028
5.0,1972.0,98.6712854012327,8200.719967000832,1303.898,474708.3348848056
5.0,1973.0,84.59305491262901,5656.024185208678,1698.414,374417.24910940113
5.0,1974.0,143.0072314686462,5867.454880931761,1830.706,375771.6067196922
5.0,1975.0,130.45779299551967,5880.140243438722,1924.72,332441.93311927817
5.0,1976.0,123.60573249566697,5406.429612846953,1804.5409999999997,312045.56568553013
5.0,1977.0,108.99941055331033,4423.624991028745,1646.9840000000002,246639.48741367031
5.0,1978.0,150.61110039433933,3962.0727179110077,1664.598,233103.41562973012
5.0,1979.0,152.97225813602844,4031.150851744121,1643.7259999999997,233681.21875861092
5.0,1980.0,145.01876002352023,4918.466098658875,1080.929,237509.76706922433
5.0,1981.0,82.42366391368645,4624.446435758604,940.1700000000001,225709.84868354563
5.0,1982.0,76.57369659847932,4932.7408434104,507.88,249711.34459791402
5.0,1983.0,80.55046852395526,4889.191274527365,483.22399999999993,237386.1641611545
5.0,1984.0,113.86970160696539,5156.974578923457,657.065,194546.30020858144
5.0,1985.0,76.66759790993238,5554.371612352845,478.5019999999999,198964.65530595064
5.0,1986.0,71.53276093760674,5250.873745839259,437.271,176939.48736196043
5.0,1987.0,64.9094042339756,4092.148304267849,419.35499999999996,170592.6608515627
5.0,1988.0,76.15173426607988,4462.491447070879,527.255,174349.14778723728
5.0,1989.0,73.79961869868444,3936.837112129029,474.818,126665.81228428091
5.0,1990.0,68.6951998321435,3933.974840416103,604.773,107443.53728084394
5.0,1991.0,26.98930874966292,3305.4536898734937,400.415,91053.13470611058
5.0,1992.0,63.99049346796747,3934.726526766734,1184.3659999999998,102817.24519627995
5.0,1993.0,63.99049346796747,3839.0860487896007,1182.667,95590.734970645
5.0,1994.0,61.575516361740355,3564.999406809464,1177.82,71385.76674841251
5.0,1995.0,184.02748971565217,6172.475992043668,3669.0450000000005,124508.25745437082
6.0,1948.0,1348.3522781447737,16729.24807448186,90975.749,1041579.3518826363
6.0,1949.0,826.370531512151,9268.677150939984,47625.527,556069.4647473486
6.0,1950.0,831.1519603187961,9734.707884399792,47690.35,572625.266621579
6.0,1951.0,964.6344728978187,10568.762438252117,47971.529,608801.8567480166
6.0,1952.0,956.0497787558252,10742.363838380534,48775.24099999999,608096.8267200829
6.0,1953.0,1053.3415416611174,11138.697287394301,53030.424000000006,578681.9701431445
6.0,1954.0,577.7225743960983,7931.7725017416315,10326.733999999999,400359.2509956805
6.0,1955.0,551.6720816259084,7962.399392005296,9966.213,311151.8690815111
6.0,1956.0,501.7828138367211,8349.82774803933,10410.304000000002,315704.3316526133
6.0,1957.0,554.3828927165254,10233.154437291965,11537.987000000001,507906.8312910824
6.0,1958.0,457.49443129533097,13603.150913266998,13799.490999999998,635694.4359323052
6.0,1959.0,473.689551075752,14049.970783259374,13657.856,640731.618182034
6.0,1960.0,358.2797108034607,14533.680491149313,8953.788,641006.7339553449
6.0,1961.0,332.65420073279705,17410.837191460363,8898.517,846503.6958232452
6.0,1962.0,357.11023100923916,18619.641654112813,9036.400000000001,936788.6609172784
6.0,1963.0,253.46409621519018,18198.189175063697,9330.202000000001,910901.2006111491
6.0,1964.0,434.1708202201052,19280.014238878408,29866.718999999997,800934.2994549705
6.0,1965.0,437.253406798705,17395.244764041614,28289.975999999995,739137.4720417517
6.0,1966.0,445.6690628966485,19000.74576476281,27671.729999999996,805529.4028526517
6.0,1967.0,442.14978009795334,18036.98916991595,27416.531,776891.8368747788
6.0,1968.0,394.7569507957726,15351.327555252099,26780.243999999995,611017.3739617381
6.0,1969.0,374.2021387013855,14014.998346135279,26710.728,562635.7290989067
6.0,1970.0,382.1888489222365,13401.149453794,23728.488,626940.802109523
6.0,1971.0,145.04339272302008,10569.826716977985,2206.036,548201.8271985028
6.0,1972.0,108.20219892311101,8583.606626843612,1303.898,474708.3348848056
6.0,1973.0,86.77974674935302,5789.082224951644,1698.414,374417.24910940113
6.0,1974.0,146.32028423495606,6003.0797050775645,1830.706,375771.6067196922
6.0,1975.0,132.83545992408406,6006.2686496149245,1924.72,332441.93311927817
6.0,1976.0,125.67567412020837,5464.876976521649,1804.5409999999997,312045.56568553013
6.0,1977.0,110.49877696840443,4466.57590009924,1646.9840000000002,246639.48741367031
6.0,1978.0,152.80059051280367,3995.3989625484605,1664.598,233103.41562973012
6.0,1979.0,155.09998354861042,4064.9749745566014,1643.7259999999997,233681.21875861092
6.0,1980.0,147.14460076855832,4977.414986424261,1080.929,237509.76706922433
6.0,1981.0,83.23672500203246,4691.645258246914,940.1700000000001,225709.84868354563
6.0,1982.0,77.32442495301238,5018.936007310543,507.88,249711.34459791402
6.0,1983.0,81.67839042687541,4989.450148552185,483.22399999999993,237386.1641611545
6.0,1984.0,114.99762350988556,5268.466151275532,657.065,194546.30020858144
6.0,1985.0,77.16555341285306,5666.1753695179295,478.5019999999999,198964.65530595064
6.0,1986.0,72.03071644052741,5359.240865291404,437.271,176939.48736196043
6.0,1987.0,65.34675508573349,4170.139729888877,419.35499999999996,170592.6608515627
6.0,1988.0,76.58908511783777,4542.42098025623,527.255,174349.14778723728
6.0,1989.0,74.23696955044232,3998.4530667178333,474.818,126665.81228428091
6.0,1990.0,68.75535713551429,3982.898035018492,604.773,107443.53728084394
6.0,1991.0,27.049466053033708,3340.0156918989805,400.415,91053.13470611058
6.0,1992.0,64.51826001953565,3974.602296710242,1184.3659999999998,102817.24519627995
6.0,1993.0,64.51826001953565,3878.899324072433,1182.667,95590.734970645
6.0,1994.0,62.10328291330853,3603.501150928482,1177.82,71385.76674841251
6.0,1995.0,186.1385559219249,6215.65929095192,3669.0450000000005,124508.25745437082
7.0,1948.0,1362.9533765308697,17004.989753378828,90975.749,1041579.3518826363
7.0,1949.0,843.6282835675871,9432.89872481084,47625.527,556069.4647473486
7.0,1950.0,849.0324834917992,9919.74115398678,47690.35,572625.266621579
7.0,1951.0,983.7066934414747,10765.29949370859,47971.529,608801.8567480166
7.0,1952.0,975.6259171655958,10954.274862093911,48775.24099999999,608096.8267200829
7.0,1953.0,1074.7676649560813,11357.316759471765,53030.424000000006,578681.9701431445
7.0,1954.0,596.5612877947368,8106.77735363379,10326.733999999999,400359.2509956805
7.0,1955.0,569.522898526736,8144.594797425636,9966.213,311151.8690815111
7.0,1956.0,510.9210357838935,8516.832929425384,10410.304000000002,315704.3316526133
7.0,1957.0,564.0210314536023,10419.412091415483,11537.987000000001,507906.8312910824
7.0,1958.0,466.41812929257765,13832.576508624275,13799.490999999998,635694.4359323052
7.0,1959.0,481.9956982486584,14290.576628405533,13657.856,640731.618182034
7.0,1960.0,364.45531708120643,14769.60193807337,8953.788,641006.7339553449
7.0,1961.0,337.8240267164873,17706.01716158705,8898.517,846503.6958232452
7.0,1962.0,362.5283332193445,18924.647500759893,9036.400000000001,936788.6609172784
7.0,1963.0,257.83592336556814,18521.549795461033,9330.202000000001,910901.2006111491
7.0,1964.0,441.5528394501233,19621.547070978777,29866.718999999997,800934.2994549705
7.0,1965.0,445.03597710474315,17733.79119508768,28289.975999999995,739137.4720417517
7.0,1966.0,467.91499679531705,19561.803071344333,27671.729999999996,805529.4028526517
7.0,1967.0,464.3333996625362,18577.48433800498,27416.531,776891.8368747788
7.0,1968.0,415.67164620768983,15834.99786113532,26780.243999999995,611017.3739617381
7.0,1969.0,395.10826634413985,14535.840462084318,26710.728,562635.7290989067
7.0,1970.0,403.1667335801247,13890.261106952548,23728.488,626940.802109523
7.0,1971.0,161.88839739379654,11007.576159250359,2206.036,548201.8271985028
7.0,1972.0,124.43464588704454,8971.671715881848,1303.898,474708.3348848056
7.0,1973.0,88.54012449225714,5915.577314979985,1698.414,374417.24910940113
7.0,1974.0,148.8312633343033,6132.955758107392,1830.706,375771.6067196922
7.0,1975.0,134.6608496613181,6127.459686712408,1924.72,332441.93311927817
7.0,1976.0,127.3242111144759,5518.324595754058,1804.5409999999997,312045.56568553013
7.0,1977.0,111.82744131396004,4504.216997674104,1646.9840000000002,246639.48741367031
7.0,1978.0,155.00767180751183,4027.978348861588,1664.598,233103.41562973012
7.0,1979.0,157.10489958908127,4098.5528358675165,1643.7259999999997,233681.21875861092
7.0,1980.0,148.89955953420238,5037.866940441872,1080.929,237509.76706922433
7.0,1981.0,84.24108241123342,4761.592713399802,940.1700000000001,225709.84868354563
7.0,1982.0,78.38996603568272,5109.569009897343,507.88,249711.34459791402
7.0,1983.0,82.68107579526004,5083.270881947438,483.22399999999993,237386.1641611545
7.0,1984.0,116.12540894282795,5372.205715765329,657.065,194546.30020858144
7.0,1985.0,77.41492189664294,5769.789988828471,478.5019999999999,198964.65530595064
7.0,1986.0,72.21700017855457,5459.668552807334,437.271,176939.48736196043
7.0,1987.0,65.53303882376065,4239.942609164365,419.35499999999996,170592.6608515627
7.0,1988.0,76.77536885586493,4613.601959356472,527.255,174349.14778723728
7.0,1989.0,74.3620696150001,4050.069677489737,474.818,126665.81228428091
7.0,1990.0,68.88045720007206,4033.3849119407155,604.773,107443.53728084394
7.0,1991.0,27.049466053033708,3375.6397348466094,400.415,91053.13470611058
7.0,1992.0,64.85021226083698,4015.227143267958,1184.3659999999998,102817.24519627995
7.0,1993.0,64.85021226083698,3919.711654612179,1182.667,95590.734970645
7.0,1994.0,62.43523515460986,3643.1263338915464,1177.82,71385.76674841251
7.0,1995.0,187.46636488713023,6257.089897529387,3669.0450000000005,124508.25745437082
8.0,1948.0,1383.3143265279036,17278.5627284071,90975.749,1041579.3518826363
8.0,1949.0,864.4664741477904,9603.311928126474,47625.527,556069.4647473486
8.0,1950.0,870.235359630786,10109.903271688378,47690.35,572625.266621579
8.0,1951.0,1006.4783002915162,10966.156698628653,47971.529,608801.8567480166
8.0,1952.0,998.2126807155307,11163.629789189075,48775.24099999999,608096.8267200829
8.0,1953.0,1099.1730395036138,11580.313060020946,53030.424000000006,578681.9701431445
8.0,1954.0,615.4061750825182,8281.782526059425,10326.733999999999,400359.2509956805
8.0,1955.0,586.5854197244436,8318.91758212258,9966.213,311151.8690815111
8.0,1956.0,519.3138036104224,8675.02833010818,10410.304000000002,315704.3316526133
8.0,1957.0,572.7972911027322,10597.173074635484,11537.987000000001,507906.8312910824
8.0,1958.0,473.87814400780246,14084.11226836784,13799.490999999998,635694.4359323052
8.0,1959.0,489.6898791741129,14562.22842055455,13657.856,640731.618182034
8.0,1960.0,370.08418371266976,15038.50680190251,8953.788,641006.7339553449
8.0,1961.0,342.11933042443343,18032.933148716256,8898.517,846503.6958232452
8.0,1962.0,367.46853152548624,19264.454064541107,9036.400000000001,936788.6609172784
8.0,1963.0,261.46520992093855,18876.965060866456,9330.202000000001,910901.2006111491
8.0,1964.0,447.15624214145606,19973.456827452854,29866.718999999997,800934.2994549705
8.0,1965.0,451.3173929027662,18059.22449546709,28289.975999999995,739137.4720417517
8.0,1966.0,476.2983825908577,20102.580092915883,27671.729999999996,805529.4028526517
8.0,1967.0,472.6502996470481,19098.949805204997,27416.531,776891.8368747788
8.0,1968.0,423.30122950475413,16300.38584381534,26780.243999999995,611017.3739617381
8.0,1969.0,402.33685501917927,15032.271419226967,26710.728,562635.7290989067
8.0,1970.0,410.5211506114183,14349.521590821503,23728.488,626940.802109523
8.0,1971.0,166.52052090774333,11436.15202161239,2206.036,548201.8271985028
8.0,1972.0,128.13627051715162,9344.004923779234,1303.898,474708.3348848056
8.0,1973.0,90.52996142303505,6029.697505896448,1698.414,374417.24910940113
8.0,1974.0,151.57635443945284,6247.8285444934,1830.706,375771.6067196922
8.0,1975.0,136.96987711346182,6232.522760397259,1924.72,332441.93311927817
8.0,1976.0,129.32598953384516,5562.456120375386,1804.5409999999997,312045.56568553013
8.0,1977.0,113.51569220801565,4538.230372493646,1646.9840000000002,246639.48741367031
8.0,1978.0,157.1978752439403,4058.679767001175,1664.598,233103.41562973012
8.0,1979.0,159.4944523925984,4130.003123347389,1643.7259999999997,233681.21875861092
8.0,1980.0,150.53924051323912,5104.378506959741,1080.929,237509.76706922433
8.0,1981.0,85.06736635875563,4837.288535273416,940.1700000000001,225709.84868354563
8.0,1982.0,79.84122635969912,5203.822235015759,507.88,249711.34459791402
8.0,1983.0,84.1952017106743,5179.77436893193,483.22399999999993,237386.1641611545
8.0,1984.0,117.63868025962444,5476.505933020866,657.065,194546.30020858144
8.0,1985.0,78.74165597740532,5875.215447898856,478.5019999999999,198964.65530595064
8.0,1986.0,73.34438489222835,5562.719412743501,437.271,176939.48736196043
8.0,1987.0,66.66042353743441,4304.18094662594,419.35499999999996,170592.6608515627
8.0,1988.0,77.96526390545601,4676.843832586925,527.255,174349.14778723728
8.0,1989.0,74.86453256582575,4098.125586565417,474.818,126665.81228428091
8.0,1990.0,69.32005455949987,4080.311052376819,604.773,107443.53728084394
8.0,1991.0,27.427391695289792,3410.0119899244232,400.415,91053.13470611058
8.0,1992.0,65.87021966564183,4056.3502717968813,1184.3659999999998,102817.24519627995
8.0,1993.0,65.87021966564183,3960.709759752301,1182.667,95590.734970645
8.0,1994.0,63.455242559414714,3682.8127503594183,1177.82,71385.76674841251
8.0,1995.0,191.29635316268036,6309.520176533934,3669.0450000000005,124508.25745437082
9.0,1948.0,1397.2248327121324,17552.700590418106,90975.749,1041579.3518826363
9.0,1949.0,882.5760147752046,9771.290393943127,47625.527,556069.4647473486
9.0,1950.0,888.592209234775,10295.94340982879,47690.35,572625.266621579
9.0,1951.0,1026.5864697640382,11164.206545632323,47971.529,608801.8567480166
9.0,1952.0,1018.1951880312758,11370.115482930025,48775.24099999999,608096.8267200829
9.0,1953.0,1121.4085602235907,11797.879624356076,53030.424000000006,578681.9701431445
9.0,1954.0,635.3347618115708,8453.604662554859,10326.733999999999,400359.2509956805
9.0,1955.0,605.4611310335389,8493.740063290546,9966.213,311151.8690815111
9.0,1956.0,528.522883057221,8833.911458147146,10410.304000000002,315704.3316526133
9.0,1957.0,584.067426642683,10815.311761900888,11537.987000000001,507906.8312910824
9.0,1958.0,484.07527584932984,14384.379203598175,13799.490999999998,635694.4359323052
9.0,1959.0,499.9725768482307,14872.985758411927,13657.856,640731.618182034
9.0,1960.0,378.1761461639402,15344.704805976431,8953.788,641006.7339553449
9.0,1961.0,349.1229980610773,18409.772022187117,8898.517,846503.6958232452
9.0,1962.0,374.85452322992666,19657.6817637676,9036.400000000001,936788.6609172784
9.0,1963.0,268.1072594993177,19264.81353821971,9330.202000000001,910901.2006111491
9.0,1964.0,454.3123996450142,20321.234065710287,29866.718999999997,800934.2994549705
9.0,1965.0,458.3579628400246,18361.86528551975,28289.975999999995,739137.4720417517
9.0,1966.0,499.518013615576,20644.558886613602,27671.729999999996,805529.4028526517
9.0,1967.0,495.74530200359493,19621.178489897426,27416.531,776891.8368747788
9.0,1968.0,444.45764116504745,16755.531608311616,26780.243999999995,611017.3739617381
9.0,1969.0,423.2977589382065,15494.530842571392,26710.728,562635.7290989067
9.0,1970.0,431.1148506381031,14796.66157840992,23728.488,626940.802109523
9.0,1971.0,184.291747939522,11851.295162329154,2206.036,548201.8271985028
9.0,1972.0,145.40951894512085,9712.64787472023,1303.898,474708.3348848056
9.0,1973.0,91.78858245982462,6127.820178824952,1698.414,374417.24910940113
9.0,1974.0,153.20965798079732,6349.517501895249,1830.706,375771.6067196922
9.0,1975.0,138.2278190294904,6324.714752320609,1924.72,332441.93311927817
9.0,1976.0,130.3971151233431,5616.900818992021,1804.5409999999997,312045.56568553013
9.0,1977.0,114.51749838514269,4581.620665723497,1646.9840000000002,246639.48741367031
9.0,1978.0,159.0153543024233,4098.695872764725,1664.598,233103.41562973012
9.0,1979.0,161.4150298332077,4169.267928856635,1643.7259999999997,233681.21875861092
9.0,1980.0,152.08488204160824,5176.205427015786,1080.929,237509.76706922433
9.0,1981.0,86.2383253825699,4905.549984907065,940.1700000000001,225709.84868354563
9.0,1982.0,81.6371998648968,5290.452340551546,507.88,249711.34459791402
9.0,1983.0,85.99117521587198,5267.529732740853,483.22399999999993,237386.1641611545
9.0,1984.0,119.49634919848326,5575.991090487592,657.065,194546.30020858144
9.0,1985.0,79.7836520349082,5975.638355023645,478.5019999999999,198964.65530595064
9.0,1986.0,74.21853256760488,5661.5798874593165,437.271,176939.48736196043
9.0,1987.0,67.53457121281096,4365.72887928496,419.35499999999996,170592.6608515627
9.0,1988.0,78.90192191674988,4751.084101335353,527.255,174349.14778723728
9.0,1989.0,75.05126465119368,4155.681588268655,474.818,126665.81228428091
9.0,1990.0,69.5067866448678,4136.362892445909,604.773,107443.53728084394
9.0,1991.0,27.489902031207105,3448.137638929676,400.415,91053.13470611058
9.0,1992.0,66.77985876073451,4099.414102758536,1184.3659999999998,102817.24519627995
9.0,1993.0,66.7798587607345,4003.5860045295835,1182.667,95590.734970645
9.0,1994.0,64.3648816545074,3724.127354995171,1177.82,71385.76674841251
9.0,1995.0,194.68486819938184,6354.577132854557,3669.0450000000005,124508.25745437082
10.0,1948.0,1414.159635851228,17808.08819031195,90975.749,1041579.3518826363
10.0,1949.0,900.4277103833824,9934.890461786283,47625.527,556069.4647473486
10.0,1950.0,906.6316359134489,10473.542365188932,47690.35,572625.266621579
10.0,1951.0,1045.567207567959,11351.876367594927,47971.529,608801.8567480166
10.0,1952.0,1037.046600427469,11567.595922953826,48775.24099999999,608096.8267200829
10.0,1953.0,1143.6991789360482,12010.935648921717,53030.424000000006,578681.9701431445
10.0,1954.0,653.1716705916986,8621.98640586359,10326.733999999999,400359.2509956805
10.0,1955.0,622.4315041576608,8667.687557343494,9966.213,311151.8690815111
10.0,1956.0,537.9729378550398,9006.353834976573,10410.304000000002,315704.3316526133
10.0,1957.0,594.6580473093569,11047.007951240299,11537.987000000001,507906.8312910824
10.0,1958.0,494.4779532279523,14699.715034985056,13799.490999999998,635694.4359323052
10.0,1959.0,510.37597804039353,15200.247708037201,13657.856,640731.618182034
10.0,1960.0,385.0114993904709,15665.90901754835,8953.788,641006.7339553449
10.0,1961.0,355.1393857594926,18791.548316108412,8898.517,846503.6958232452
10.0,1962.0,381.4960677986117,20054.16493958312,9036.400000000001,936788.6609172784
10.0,1963.0,272.91869104493406,19641.67157984988,9330.202000000001,910901.2006111491
10.0,1964.0,461.58742488459814,20664.022667061654,29866.718999999997,800934.2994549705
10.0,1965.0,465.6298552459417,18657.941957797706,28289.975999999995,739137.4720417517
10.0,1966.0,516.4083081355302,21174.100269593404,27671.729999999996,805529.4028526517
10.0,1967.0,512.3918888154094,20128.467298695716,27416.531,776891.8368747788
10.0,1968.0,460.0943349446407,17202.682004990584,26780.243999999995,611017.3739617381
10.0,1969.0,438.5545018776809,15946.850263843335,26710.728,562635.7290989067
10.0,1970.0,446.27002000061213,15229.922633057271,23728.488,626940.802109523
10.0,1971.0,195.6550266687123,12251.434657874128,2206.036,548201.8271985028
10.0,1972.0,156.0225626707819,10067.664686825472,1303.898,474708.3348848056
10.0,1973.0,92.8467062605523,6215.691746312755,1698.414,374417.24910940113
10.0,1974.0,155.58066751371152,6449.70961005223,1830.706,375771.6067196922
10.0,1975.0,140.3485307182485,6418.658507084655,1924.72,332441.93311927817
10.0,1976.0,132.27262078195045,5673.722319365347,1804.5409999999997,312045.56568553013
10.0,1977.0,116.33017907917181,4627.326350029736,1646.9840000000002,246639.48741367031
10.0,1978.0,161.83529746267695,4140.402330249519,1664.598,233103.41562973012
10.0,1979.0,164.23497299346138,4211.660815309014,1643.7259999999997,233681.21875861092
10.0,1980.0,154.52988928962174,5222.91126831333,1080.929,237509.76706922433
10.0,1981.0,87.37044689839686,4945.439330179625,940.1700000000001,225709.84868354563
10.0,1982.0,82.83197630123179,5350.274808964177,507.88,249711.34459791402
10.0,1983.0,87.18595165220697,5329.29011169526,483.22399999999993,237386.1641611545
10.0,1984.0,120.69114935130766,5642.986795664272,657.065,194546.30020858144
10.0,1985.0,80.1630199101873,6043.196962620157,478.5019999999999,198964.65530595064
10.0,1986.0,74.597900442884,5726.5761699514605,437.271,176939.48736196043
10.0,1987.0,67.91393908809007,4422.599497512392,419.35499999999996,170592.6608515627
10.0,1988.0,79.4063104638636,4809.078927272295,527.255,174349.14778723728
10.0,1989.0,75.43066554398644,4198.804737287352,474.818,126665.81228428091
10.0,1990.0,69.94881885497621,4178.543852657615,604.773,107443.53728084394
10.0,1991.0,27.86938420903663,3480.1988945504936,400.415,91053.13470611058
10.0,1992.0,67.60659948294025,4138.038504622277,1184.3659999999998,102817.24519627995
10.0,1993.0,67.60659948294025,4042.2104063933252,1182.667,95590.734970645
10.0,1994.0,65.19162237671313,3760.8148911595144,1177.82,71385.76674841251
10.0,1995.0,197.36648576623497,6409.073492719062,3669.0450000000005,124508.25745437082
