systemId,id,STATE
1105000028,1106000004,CT
4305000001,4306000055,ME
4305000003,4306000033,MA
1105000077,1106000010,CT
1105200078,1106000009,CT
1105000060,1106000005,MA
4305000004,4306000025,MA
4305000005,4306000032,MA
4305000006,4306000038,MA
4305000007,4306000051,NH
4305000010,4306000013,CT
4305000011,4306000014,CT
4305000012,4306000040,MA
4305000013,4306000035,MA
4305000014,4306000039,MA
4305000015,4306000030,MA
4305000016,4306000029,MA
4305000008,4306000041,MA
4305000009,4306000031,MA
4305000017,4306000007,CT
4305000018,4306000009,CT
4305000019,4306000052,NH
1105100066,1106000027,NH
1105000089,1106000028,MA
1105100038,1106000052,MA
1105200038,1106000051,MA
1105200044,1106000019,MA
4305000022,4306000047,MA
1105000045,1106000006,RI
4305000023,4306000022,RI
4305000024,4306000020,RI
1105000051,1106000002,MA
4305000026,4306000034,MA
4305000025,4306000024,MA
4305000027,4306000053,NH
4305000029,4306000042,MA
4305000028,4306000043,MA
4305000030,4306000049,MA
4305000031,4306000048,MA
4305000032,4306000015,CT
4305000033,4306000005,CT
4305000035,4306000006,CT
4305000034,4306000012,CT
4305000036,4306000010,CT
4305000037,4306000004,CT
4305000038,4306000011,CT
4305000039,4306000028,MA
4305000041,4306000001,CT
4305000042,4306000017,CT
4505000019,4506000017,CT
4505000020,4506000018,CT
4305000043,4306000057,ME
4305000044,4306000027,MA
4305000046,4306000056,ME
4305000047,4306000058,ME
4305000048,4306000059,ME
1105000067,1106000011,RI
1105000072,1106000000,CT
1105000015,1106000020,MA
4305000052,4306000036,MA
4305000053,4306000061,MA
4305000054,4306000021,RI
4305000055,4306000023,RI
1105000068,1106000024,RI
1105000001,1106000025,NH
4305000058,4306000002,CT
4305000059,4306000003,CT
1105000055,1106000008,MA
1105000009,1106000026,MA
1105000019,1106000003,RI
4305000061,4306000060,MA
1105300080,1106000012,MA
4505000037,4506000037,MA
4505000001,4506000038,MA
4505000002,4506000002,MA
4505000003,4506000003,MA
4505000004,4506000004,MA
2305260001,2306260001,PA
2305150001,2306150001,VA
2305150003,2306150003,VA
4805000001,4806000002,PA
1305000136,1306000057,PA
1305000345,1306000049,MD
4505000005,4506000039,NY
2305150002,2306150002,VA
2305150004,2306150004,VA
2305370001,2306370001,PA
2305540001,2306540001,MD
2305030001,2306030001,NY
2305480001,2306480001,PA
2305040001,2306040001,NY
4505000006,4506000026,VT
4805000003,4806000001,PA
2305020001,2306020003,MD
2305180001,2306180001,WV
2305020002,2306020002,MD
500005000002,500006000001,PA
500005000002,500006000001,PA
4605000004,4606000005,VA
2305350001,2306350001,PA
1305400010,1306000120,VA
4805000004,4806000009,PA
2305600003,2306610003,PA
2305600004,2306610002,PA
4805000005,4806000014,PA
2305290002,2306290002,MD
2305020003,2306020001,MD
2305090001,2306090001,NY
2305100001,2306100007,MD
2305400001,2306400001,PA
4805000006,4806000015,NY
1205000253,1206000128,NY
2305410001,2306410001,PA
2305050001,2306050001,WV
4805000008,4806070001,NY
2305160001,2306160001,NY
4805000009,4806000012,PA
4805000010,4806000011,PA
4505000008,4506000006,NJ
4505000009,4506000007,NJ
4505000010,4506000040,NJ
4505000007,4506000009,NJ
2305110001,2306110001,PA
500005000006,500006000006,PA
2305130001,2306130007,NY
1205000023,1206000001,NY
2305420001,2306420001,PA
2305140001,2306140001,MD
2305430001,2306430001,PA
2305430002,2306430002,PA
2305440001,2306440001,NY
4505000011,4506000027,NY
4505000012,4506000010,NJ
4505000013,4506000011,NY
4505000014,4506000012,NY
1205000092,1206000117,NY
2305520001,2306520003,PA
1305000004,1306000056,PA
2305470001,2306470001,PA
2305020004,2306020004,MD
2305490002,2306490001,PA
2305490001,2306490002,PA
1305000581,1306000103,PA
2305130002,2306130006,NY
1205000032,1206000003,NY
4805000002,4806000003,PA
2305330001,2306330001,PA
4505000015,4506000013,NY
2305180002,2306180002,MD
500005000024,500006000024,PA
2305520003,2306520001,PA
2305500001,2306500001,PA
2305500001,2306500001,PA
1205000104,1206000012,NY
2305190001,2306190001,NY
2305200001,2306200001,PA
2305530001,2306530004,PA
2305530002,2306530005,PA
2305530003,2306530002,PA
2305530004,2306610022,PA
2305530006,2306610023,PA
2305530005,2306530001,PA
4805000013,4806000007,PA
2305610001,2306610001,PA
4505000016,4506000014,NY
4505000017,4506000015,NY
4505000018,4506000016,NY
2305220001,2306220001,NY
4605000001,4606000006,VA
1105100081,1106000015,MA
1105200081,1106000016,MA
1105300081,1106000017,MA
4505000032,4506000032,MA
4505000030,4506000030,MA
4505000031,4506000031,MA
4505000029,4506000029,MA
4505000034,4506000034,MA
4505000033,4506000033,MA
2305010001,2306010002,NY
2305080001,2306080001,NY
2305120001,2306120002,NY
2305170002,2306170002,NY
2305210001,2306210002,WV
2305250001,2306250001,WV
2305060001,2306060005,NY
2305170003,2306170003,NY
2305320001,2306320002,PA
2305060003,2306060004,NY
2305170001,2306170001,NY
2305320002,2306320003,PA
4505000036,4506000036,NY
2305230001,2306230001,PA
2305240001,2306240001,NY
2305090002,2306090002,NY
2305550001,2306550001,PA
2305550002,2306550002,PA
1205000048,1206000127,NY
2305560001,2306560002,PA
2305560002,2306560001,PA
4505000028,4506000028,NY
2305360001,2306360001,PA
2305330002,2306610024,PA
2305380001,2306380003,PA
4505000027,4506000019,NJ
500005000001,500006000002,PA
4605000002,4606000003,VA
4605000007,4606000004,VA
1205000103,1206000011,NY
4505000022,4506000021,NY
4505000023,4506000022,NY
4505000024,4506000023,NY
4505000025,4506000024,NJ
4505000026,4506000025,NJ
2305570001,2306570001,PA
4605000005,4606000001,VA
1305000508,1306000017,PA
500005000013,500006000013,PA
2305010002,2306010001,NY
2305060002,2306060002,NY
2305080002,2306080002,NY
2305090003,2306090003,NY
2305120002,2306120001,NY
2305210002,2306210001,WV
2305250002,2306250002,WV
2305270001,2306270001,PA
2305270002,2306270002,PA
2305320003,2306320001,PA
2305170004,2306170004,NY
2305170005,2306170006,NY
4805000015,4806000005,PA
2305280001,2306280001,PA
2305380003,2306380001,PA
2305580001,2306580001,PA
1305000617,1306000083,PA
1205000211,1206000013,NY
1205000245,1206000019,NY
2305130003,2306130002,NY
2305380002,2306380002,PA
4805000016,4806000006,PA
2305050002,2306050002,WV
2305100003,2306100006,MD
2305160002,2306160002,NY
2305170006,2306170007,NY
2305310001,2306310001,NY
2305600001,2306600001,PA
2305330003,2306610026,PA
2305480002,2306480002,PA
2305340005,2306340005,PA
2305340003,2306340003,PA
2305340001,2306340001,PA
2305340002,2306340002,PA
2305340007,2306340007,PA
2305340008,2306340008,PA
2305340006,2306340006,PA
2305340004,2306340004,PA
3405000090,3406000087,FL
5405000001,5406000001,GA
1405000063,1406000071,MS
3405000107,3406000110,FL
6105007001,6106007001,NC
4105000003,4106003001,AL
1305000626,1306000029,VA
6105002001,6106002001,VA
3405000057,3406000042,FL
6105001001,6106001001,NC
3405000039,3406000043,FL
3405000095,3406000058,FL
3405000007,3406000044,FL
3405000006,3406000048,FL
3405000016,3406000139,FL
3405000015,3406000137,FL
5905000015,5906000015,MS
4105000004,4106004001,AL
4105000005,4106005001,AL
5905000002,5906000002,MS
3405000017,3406000016,FL
3405000108,3406000111,FL
3405000042,3406000034,FL
3405000020,3406000020,FL
3405000036,3406000074,FL
3405000051,3406000088,FL
3405000076,3406000089,FL
3405000102,3406000103,FL
3405000053,3406000105,FL
3405000106,3406000109,FL
3405000030,3406000054,FL
3405000034,3406000032,FL
3405000044,3406000070,FL
3405000038,3406000033,FL
390005000001,390006000004,NC
5405000002,5406000002,GA
4105000002,4106002001,GA
6105003001,6106003001,NC
3405000063,3406000063,FL
3405000043,3406000035,FL
4105000006,4106006001,AL
6105009001,6106009001,NC
6105009002,6106009002,NC
6105009003,6106009003,NC
6105009004,6106009004,NC
6105011001,6106011001,NC
6105005003,6106005003,NC
4105000001,4106001001,AL
6105006001,6106006001,NC
6105005002,6106005002,NC
6105005001,6106005001,NC
6105010001,6106010001,VA
6105004001,6106004001,VA
1405000036,1406000002,GA
4105000007,4106007001,GA
3405000121,3406000124,FL
3405000115,3406000115,FL
3405000117,3406000119,FL
3405000114,3406000117,FL
3405000072,3406000086,FL
3405000113,3406000121,FL
3405000065,3406000019,FL
3405000073,3406000080,FL
3405000118,3406000122,FL
3405000119,3406000123,FL
3405000110,3406000114,FL
3405000126,3406000129,FL
3405000111,3406000113,FL
3405000047,3406000037,FL
3405000046,3406000036,FL
3405000001,3406000007,FL
3405000010,3406000145,FL
3405000052,3406000039,FL
3405000055,3406000038,FL
3405000056,3406000040,FL
3405000037,3406000041,FL
6105008001,6106008001,NC
3405000064,3406000062,FL
2305040001,2306040001,NY
2705000001,2706000012,MI
2705000002,2706000011,MI
2405000001,2406000033,OH
2405000002,2406000034,NY
340005099012,340006099012,MI
340005099013,340006099013,MI
2405000014,2406000014,NY
2405000014,2406000014,NY
2405000014,2406000014,NY
2405000015,2406000015,NY
2405000003,2406000003,NY
2405000004,2406000004,NY
2405000031,2406000030,NY
2405000005,2406000005,NY
2405000006,2406000006,NY
2405000006,2406000006,NY
2405000007,2406000007,NY
1205000258,1206000014,NY
2405000008,2406000008,NY
2405000030,2406000024,NY
2405000010,2406000010,NY
340005099001,340006099001,MI
340005099001,340006099001,MI
340005099001,340006099001,MI
340005099001,340006099001,MI
340005099001,340006099001,MI
2405000011,2406000011,OH
2705000019,2706000015,MI
2705000017,2706000002,IN
2705000016,2706000003,IN
2705000018,2706000001,IN
2705000007,2706000018,MI
2605000003,2606000003,IN
2605000003,2606000003,IN
2605000003,2606000003,IN
2605000003,2606000003,IN
2605000003,2606000003,IN
2405000024,2406000023,NY
2405000025,2406000029,NY
340005099006,340006099006,MI
2605000009,2606000009,IN
1505000242,1506000743,MI
2605000002,2606000002,IN
2405000018,2406000017,NY
2405000019,2406000018,NY
2705000006,2706000010,MI
2405000012,2406000012,OH
2405000013,2406000013,OH
2405000028,2406000027,NY
2405000022,2406000021,NY
2405000029,2406000028,NY
2705000010,2706060001,MI
2705000011,2706060002,MI
340005099017,340006099017,MI
340005099016,340006099016,MI
2405000023,2406000035,OH
2705000020,2706000014,MI
2705000022,2706040001,MI
2405000027,2406000031,OH
3905540001,3906540001,IN
3305000001,3306000001,KY
3305000002,3306000002,KY
4205000006,4206000001,KY
4905000064,4906340001,WV
3905460001,3906460001,IN
4905000032,4906140001,PA
3905000002,3906020001,IN
4905000033,4906150003,PA
4905000066,4906150001,PA
4905000034,4906150002,PA
3905000041,3906030001,IL
3905440001,3906440001,IL
3905000022,3906040001,IN
3305000003,3306000003,KY
1305000625,1306000011,PA
3305000004,3306000004,WV
3305000005,3306000005,OH
3905000003,3906050001,OH
1505000042,1506000292,IN
4905000035,4906160002,PA
4905000036,4906160001,PA
4905000072,4906170002,PA
4905000037,4906170001,PA
3905000023,3906060001,KY
4905000039,4906180002,PA
4905000040,4906180001,PA
3905000004,3906070001,KY
3905000005,3906080001,IN
3905520001,3906520001,OH
3905520002,3906520002,OH
3905520003,3906520003,OH
3905520004,3906520004,OH
3905520005,3906520005,OH
3905520006,3906520006,OH
4905000041,4906190002,PA
4905000007,4906000001,WV
3905000006,3906090001,IL
4905000005,4906000002,PA
3905100001,3906100001,IN
3905110001,3906110001,KY
4905000019,4906000004,PA
4905000023,4906000008,PA
3905000024,3906120001,IN
3905000025,3906130001,IL
4905000074,4906370001,PA
4905000044,4906210001,PA
4905000045,4906210002,PA
3905000026,3906140001,IN
4205000001,4206000003,KY
4205000002,4206000007,KY
3905000027,3906150001,IL
3905000009,3906160001,KY
3905530001,3906530001,OH
3905470001,3906470001,IN
3905100002,3906100002,IN
3905100003,3906100003,IN
3305000007,3306000007,WV
3305000006,3306000006,WV
3905000010,3906170001,IN
3905550001,3906560002,IN
3305000009,3306000009,OH
3305000008,3306000008,OH
1505000946,1506000295,IN
4905000046,4906220002,PA
3905000011,3906180001,IN
4905000006,4906000014,PA
4905000031,4906000015,PA
4905000029,4906000016,PA
4905000030,4906000017,PA
3905000012,3906190001,IN
3905000013,3906200001,KY
3905000040,3906210001,IN
3905000042,3906220001,IN
3905000028,3906230001,KY
3905000014,3906240001,IN
3905000015,3906250001,IN
3305000015,3306000015,OH
3305000014,3306000014,OH
3305000010,3306000010,WV
3305000016,3306000016,KY
3905490001,3906490001,IN
4905000065,4906350001,PA
4905000049,4906250004,PA
4905000050,4906250001,PA
4905000051,4906250002,PA
4205000008,4206000010,KY
4205000009,4206000009,KY
4205000010,4206000008,KY
4005000001,4006000001,IL
4005000001,4006000001,IL
4005000001,4006000001,IL
3905000016,3906260001,IL
3905270002,3906270003,IN
3905270001,3906270004,IN
3905270003,3906270001,IN
3905270004,3906270002,IN
4905000054,4906260001,PA
4905000053,4906260003,PA
4905000067,4906260004,PA
4205000011,4206040001,TN
3905000030,3906280001,IN
4905000056,4906270001,PA
3305000018,3306000018,OH
3905000031,3906290001,KY
4905000008,4906000021,NY
4905000010,4906000022,NY
3905000032,3906300001,KY
3305000019,3306000019,WV
3305000020,3306000020,KY
4205000004,4206000004,KY
4205000005,4206000005,KY
3305000021,3306000021,WV
3305000022,3306000022,OH
4905000011,4906000023,NY
4905000012,4906000024,NY
3305000023,3306000023,KY
1305000548,1306000080,PA
1305000551,1306000118,PA
1305000551,1306000118,PA
1305000551,1306000118,PA
4905000014,4906000025,PA
4905000013,4906000026,PA
3905000033,3906310001,IL
4905000057,4906280001,PA
1505000935,1506000078,IL
3905000034,3906320001,IL
4905000058,4906290001,PA
3305000024,3306000024,OH
3905000017,3906330001,IL
3905000018,3906340001,IN
3305000026,3306000026,KY
3905500001,3906500001,IL
4905000016,4906000027,NY
4905000015,4906000028,NY
4905000017,4906000029,NY
1305000574,1306000014,PA
4905000059,4906300001,PA
3905110002,3906110002,KY
3905000035,3906370001,KY
3905000036,3906380001,KY
3905000044,3906390002,IN
3905000020,3906390001,IN
3905000037,3906400001,IN
3905000038,3906410001,KY
1505000057,1506000500,OH
1505000802,1506000499,OH
1505000852,1506000498,OH
4905000060,4906310001,PA
4905000061,4906310002,PA
4905000062,4906320001,PA
1305000623,1306000022,PA
4905000077,4906370004,PA
4905000003,4906000030,OH
3305000028,3306000028,OH
3905000021,3906430001,IN
3305000012,3306000012,WV
4205000007,4206000006,KY
3305000013,3306000013,WV
4905000004,4906000031,PA
4905000063,4906330001,PA
3905000032,3906300001,KY
260005000153,260006000153,IL
5105950070,5106960038,IA
5105590225,5106960030,IL
5105590220,5106960031,IL
5105950071,5106960039,IA
5105500001,5106500001,IL
5105500002,5106500002,IL
260005000055,260006000055,IL
5105010001,5106010001,IL
260005000210,260006100001,IL
260005000143,260006000143,IL
5105020001,5106020001,IA
5605320001,5606000008,IL
5105510001,5106510001,IL
5605010001,5606000036,IL
260005000097,260006000097,IL
5705000001,5706000005,MN
5605700001,5606000037,IL
5605540001,5606000060,MO
5105030001,5106030001,IA
2605000004,2606000004,IN
260005000060,260006000060,IL
260005000059,260006000059,IL
3905440001,3906440001,IL
5105040001,5106040001,MO
260005000099,260006000099,IL
5105590200,5106960032,IA
260005000100,260006000100,IL
4005000005,4006000026,MO
5105520001,5106520001,IA
5105590360,5106960054,IL
5605920001,5606000059,IL
1505000413,1506000341,IL
1505000045,1506000139,MN
1505000046,1506000157,MN
260005000145,260006000145,IL
260005000065,260006000065,IL
260005000062,260006000062,IL
5105590100,5106960015,IL
5105050001,5106050001,IA
5105050002,5106050002,IA
5105530001,5106530001,IL
260005000101,260006000101,IL
5605090001,5606000015,IL
5105540001,5106960027,IL
5105950075,5106960055,IA
5105870001,5106870002,IL
5105870002,5106870001,IL
5105060001,5106060001,MO
5105550001,5106950001,IA
5105550002,5106550003,IA
5105550003,5106550002,IA
5105550005,5106550001,IA
260005000067,260006000067,IL
5105080001,5106080001,IL
5105090001,5106090001,IA
5105560001,5106560001,IL
5105100001,5106100001,IL
5105100001,5106100001,IL
5105570001,5106570001,IL
1505000908,1506000014,IL
5105580003,5106580003,IL
5105580004,5106580004,IL
5105580002,5106580002,IL
5105580001,5106580001,IL
5105580006,5106580005,IL
5105590140,5106960042,IL
5605140001,5606000080,IL
5605140001,5606000080,IL
5105590180,5106960009,IA
5105590001,5106590001,IA
5605150001,5606000063,MO
5105110001,5106110001,MO
5105950078,5106960057,IL
2605000016,2606000016,IL
5105120001,5106120001,IL
5105620001,5106620001,IL
5105620002,5106620002,IL
2605000003,2606000003,IN
2605000003,2606000003,IN
2605000003,2606000003,IN
2605000003,2606000003,IN
2605000003,2606000003,IN
5705000002,5706000017,MN
5105130001,5106130001,IA
5105140001,5106140001,MO
260005000181,260006000181,IL
2605000009,2606000009,IN
5105150001,5106150001,MO
5605200001,5606000004,IL
260005000147,260006000147,IL
5105160001,5106160001,IL
5105950079,5106960058,IL
2605000005,2606000005,IN
5605210001,5606000017,IL
260005000197,260006000197,IL
5105180001,5106180001,IL
5105950077,5106960059,IL
260005000111,260006000111,IL
260005000112,260006000112,IL
5105190002,5106190002,IL
5105190001,5106190001,IL
5605230001,5606000005,IL
5605240001,5606000006,IL
5105590250,5106960053,IA
5105640001,5106640001,IL
2605000007,2606000007,IL
260005000119,260006000119,IL
5105900001,5106650001,IL
260005000073,260006000073,IL
1505000285,1506000311,IL
1505000422,1506000310,IL
5105590190,5106960034,IA
5105590150,5106960052,IL
5105700001,5106700001,IA
5105780001,5106780002,IA
5105780003,5106780003,IA
5105780002,5106780001,IA
5105790001,5106790001,IL
260005000120,260006000120,IL
5605270001,5606000019,IL
260005000148,260006000148,IL
5605280001,5606000020,IL
260005000124,260006000124,IL
260005000123,260006000123,IL
260005000122,260006000122,IL
5105210001,5106210001,IL
5605290001,5606000073,IL
5605300001,5606000033,IL
260005000121,260006000121,IL
5105800002,5106800003,IL
5105800003,5106800001,IL
5105800001,5106800002,IL
5705000039,5706000047,WI
5705000006,5706000021,MN
5705000005,5706000022,MN
5705000009,5706000036,MN
4005000001,4006000001,IL
4005000001,4006000001,IL
4005000001,4006000001,IL
5705000042,5706000018,IA
5705000011,5706000046,MN
5105590270,5106960018,MO
5105590270,5106960018,MO
260005000125,260006000125,IL
260005000138,260006000138,IL
5105220001,5106220001,IA
5105230002,5106230002,IA
5105230002,5106230002,IA
5105230001,5106230001,IA
4005000016,4006000028,MO
260005000149,260006000149,IL
2605000001,2606000001,IL
5105590330,5106960028,IL
5105810001,5106810001,IL
5105830001,5106830001,IL
260005000078,260006000078,IL
5105840001,5106840001,IL
5105850001,5106960014,IL
5605360001,5606000009,IL
260005000139,260006000139,IL
260005000201,260006000201,IL
5105240001,5106240001,IL
5105630001,5106630001,IL
5105630002,5106630002,IL
5705000018,5706000023,MN
5705000065,5706000075,MN
5705000064,5706000074,MN
5705000066,5706000076,MN
260005000080,260006000080,IL
5105250001,5106250001,IA
5605560001,5606000072,MO
260005000130,260006000130,IL
5105860001,5106860001,IL
5105660001,5106660001,IL
5105260002,5106260003,IL
5105260003,5106260006,IL
5105260001,5106260001,IL
5105260005,5106260005,IL
5105260006,5106260002,IL
5105260004,5106260004,IL
5105300001,5106300001,IL
5105310001,5106310001,MO
1705100118,1706000160,MO
5105590390,5106960020,IL
260005000085,260006000085,IL
260005000133,260006000133,IL
5105880001,5106880001,IL
1505000071,1506000114,MN
260005000075,260006000075,IL
260005000131,260006000131,IL
260005000132,260006000132,IL
260005000134,260006000134,IL
5105890001,5106890001,IA
5105590410,5106960023,IL
260005000151,260006000151,IL
260005000135,260006000135,IL
5105070003,5106070003,IA
5105070002,5106070001,IA
5105070001,5106070002,IA
5105330003,5106330001,MO
5605440001,5606000013,IL
260005000091,260006000091,IL
260005000092,260006000092,IL
260005000179,260006000179,IL
260005000207,260006000207,IL
5705000021,5706000020,MN
5105910001,5106910001,IA
5105910002,5106910002,IA
260005000209,260006000209,IL
260005000180,260006000180,IL
5105920003,5106920003,IA
1705000168,1706000018,IA
1705100168,1706000019,IA
1705000172,1706000214,IA
5105920001,5106920001,IA
5105920002,5106920002,IA
5105920005,5106960051,IA
5105920004,5106920004,IA
260005000152,260006000152,IL
260005000141,260006000141,IL
5105550006,5106097001,IA
5605600001,5606000061,MO
5605470001,5606000027,IL
5605470002,5606000028,IL
5105580300,5106960026,MN
5905000003,5906000003,LA
5905000004,5906000004,AR
5905000034,5906000034,LA
4005000012,4006000011,AR
4005000005,4006000026,MO
4005000017,4006000016,AR
5905000007,5906000007,MS
5905000037,5906000037,LA
4005000019,4006000030,AR
4005000018,4006000017,AR
4005000014,4006000013,MO
4005000007,4006000006,TN
5905000048,5906000042,MS
5905000012,5906000012,MS
3705000001,3706000042,AR
5905000057,5906000054,LA
4005000029,4006000058,AR
5905000023,5906000023,LA
3705000022,3706000046,AR
4005000009,4006000023,TN
4005000023,4006000003,TN
4005000001,4006000001,IL
4005000001,4006000001,IL
4005000001,4006000001,IL
4005000006,4006000005,AR
5905000051,5906000051,MS
4005000016,4006000028,MO
3705000062,3706000048,AR
4005000024,4006000021,TN
4005000025,4006000024,TN
3705000003,3706000002,AR
4005000022,4006000025,TN
5905000040,5906000040,MS
5905000038,5906000038,LA
5905000020,5906000020,MS
5905000032,5906000032,MS
4005000010,4006000031,AR
5905000033,5906000033,LA
4405000516,4406000021,LA
4405000516,4406000021,LA
4405000516,4406000021,LA
4405000516,4406000021,LA
4405000516,4406000021,LA
4405000516,4406000021,LA
4405000516,4406000021,LA
4405000516,4406000021,LA
4405000516,4406000021,LA
4405000516,4406000021,LA
4405000516,4406000021,LA
4405000516,4406000021,LA
4405000516,4406000021,LA
4405000516,4406000021,LA
4405000516,4406000021,LA
4405000516,4406000021,LA
4405000516,4406000021,LA
4005000015,4006000018,AR
5905000024,5906000024,MS
1405250001,1406000213,MS
1405000057,1406000046,MS
1405000056,1406000047,MS
5905000029,5906000029,MS
1805000534,1806000133,ND
1805000535,1806000134,ND
5705000072,5706000058,MN
1805000546,1806000098,ND
1805200568,1806000101,ND
1805400528,1806000128,ND
1805500528,1806000129,ND
1805600528,1806000130,ND
1805000703,1806000116,ND
1805000704,1806000114,ND
1805000705,1806000113,ND
1805000706,1806000112,ND
1805000707,1806000111,ND
1805000708,1806000110,ND
1805000709,1806000109,ND
5705000003,5706000004,MN
5705000049,5706000016,ND
5705000015,5706000019,MN
5705000017,5706000038,MN
5705000026,5706000039,ND
5705000036,5706000045,ND
5705000037,5706000044,ND
5705000038,5706000049,ND
5705000030,5706000006,ND
5705000029,5706000011,ND
5705000032,5706000009,ND
5705000031,5706000008,ND
5705000034,5706000007,ND
5705000033,5706000010,ND
1805100568,1806000100,ND
1805000503,1806000021,CO
1805000763,1806000173,SD
1805000758,1806000148,SD
3605000096,3606000033,KS
3605000220,3606000232,KS
4705000114,4706000136,NE
3605000092,3606000017,KS
3605000040,3606000003,KS
3605000039,3606000026,KS
3605000047,3606000037,KS
3605000050,3606000239,NE
4705000103,4706000033,SD
4705000155,4706000123,NE
4705000140,4706000113,NE
3605000121,3606000030,MO
4705000096,4706000042,NE
4705000153,4706000041,NE
1805000022,1806000186,SD
1805000023,1806000188,SD
3605000129,3606000117,MO
1805000817,1806000268,UT
1805000816,1806000269,WY
4705000068,4706000057,NE
4705000069,4706000058,NE
3605000066,3606000041,KS
4705000154,4706000117,NE
4705000061,4706000110,NE
5605810001,5606000046,MO
4705000038,4706000069,IA
4705000039,4706000153,IA
1805000553,1806000043,CO
3605000051,3606000031,MO
1805000508,1806000025,CO
1805001316,1806000143,SD
1805000009,1806000141,SD
4705000024,4706000141,IA
4705000117,4706000017,CO
3605000095,3606000040,NE
3605000119,3606000002,KS
4705000050,4706000091,MT
4705000118,4706000092,CO
4705000119,4706000093,CO
4705000157,4706000137,CO
1805000820,1806000189,SD
1805000733,1806000122,ND
3605000091,3606000042,KS
3605000137,3606000136,KS
3605000123,3606000135,KS
3605000205,3606000217,KS
3605000204,3606000216,KS
4705000051,4706000118,MT
4705000060,4706000102,NE
4705000059,4706000103,NE
4705000045,4706000098,MT
4705000112,4706000034,WY
3605000026,3606000133,MO
3605000099,3606000036,KS
1805001368,1806000108,ND
4705000046,4706000106,MT
4705000047,4706000107,MT
4705000022,4706000025,IA
4705000021,4706000024,IA
4705000102,4706000045,SD
4705000056,4706000063,NE
4705000143,4706000030,SD
4705000142,4706000029,SD
4705000062,4706000064,NE
1805000826,1806000138,SD
1805000827,1806000136,SD
1805000828,1806000137,SD
4705000159,4706000145,IA
4705000020,4706000111,IA
4705000018,4706000112,IA
1705000103,1706000309,NE
3605000052,3606000038,NE
4705000040,4706000021,MO
4705000144,4706000100,MO
4705000042,4706000152,MO
4705000029,4706000150,IA
4705000031,4706000149,IA
4705000032,4706000054,IA
4705000035,4706000077,IA
4705000033,4706000053,IA
4705000036,4706000076,IA
4705000034,4706000079,IA
4705000037,4706000075,IA
3605000020,3606000134,MO
3605000045,3606000018,KS
4705000151,4706000081,NE
4705000148,4706000074,NE
4705000149,4706000087,NE
4705000150,4706000097,NE
4705000147,4706000080,NE
4705000152,4706000089,NE
4705000146,4706000088,NE
4705000122,4706000133,NE
4705000008,4706000007,IA
4705000011,4706000010,IA
4705000012,4706000011,IA
4705000010,4706000009,IA
4705000009,4706000008,IA
4705000004,4706000003,IA
4705000001,4706000083,IA
4705000014,4706000013,IA
4705000007,4706000006,IA
4705000003,4706000002,IA
4705000002,4706000001,IA
4705000013,4706000012,IA
4705000016,4706000015,IA
4705000017,4706000016,IA
4705000015,4706000014,IA
4705000006,4706000005,IA
4705000005,4706000004,IA
1805000829,1806000088,MT
1805000836,1806000045,MT
1805000759,1806000174,SD
1805000761,1806000175,SD
3605000146,3606000152,MO
4705000070,4706000128,NE
4705000071,4706000129,NE
4705000049,4706000108,MT
1805000858,1806000089,MT
4705000101,4706000037,ND
4705000100,4706000036,ND
4705000099,4706000035,ND
3605000120,3606000027,KS
4705000158,4706000144,ND
3605000027,3606000043,KS
4705000057,4706000130,NE
1805000010,1806000140,SD
1805001306,1806000209,ND
3605000046,3606000144,MO
3605000098,3606000044,MO
3605000221,3606000233,MO
3605000097,3606000000,MO
3605000025,3606000004,MO
3605000219,3606000231,MO
3605000141,3606000005,MO
3605000063,3606000006,KS
3605000024,3606000007,MO
3605000006,3606000008,MO
3605000139,3606000010,MO
3605000094,3606000011,KS
3605000079,3606000012,MO
3605000218,3606000230,MO
3605000140,3606000013,MO
3605000138,3606000015,KS
3605000009,3606000220,NE
3605000207,3606000219,NE
1805001314,1806000004,CO
4705000127,4706000071,NE
4705000156,4706000115,NE
4705000125,4706000114,NE
4705000126,4706000072,NE
4705000124,4706000162,NE
4705000123,4706000131,NE
4705000166,4706000161,NE
4705000128,4706000132,NE
4705000129,4706000105,NE
3605000117,3606000028,MO
4705000054,4706000125,NE
4705000055,4706000124,NE
3605000065,3606000032,MO
1805000559,1806000024,CO
1805000507,1806000156,CO
4705000027,4706000019,SD
3605000044,3606000024,KS
3605000008,3606000021,KS
3605000209,3606000221,KS
3605000093,3606000020,KS
4705000065,4706000148,NE
4705000067,4706000127,NE
4705000066,4706000126,NE
4705000092,4706000085,NE
4705000083,4706000038,NE
4705000088,4706000068,NE
4705000087,4706000049,NE
4705000084,4706000048,NE
4705000086,4706000040,NE
4705000085,4706000039,NE
4705000089,4706000084,NE
4705000095,4706000086,NE
4705000090,4706000023,NE
4705000093,4706000052,NE
4705000137,4706000031,SD
4705000023,4706000135,IA
1705000298,1706000299,NE
4705000135,4706000151,IA
4705000043,4706000109,MT
3605000048,3606000035,KS
4705000094,4706000116,NE
4705000098,4706000090,ND
4705000097,4706000082,ND
4705000053,4706000062,NE
3605000021,3606000039,NE
4705000073,4706000096,NE
4705000074,4706000142,NE
4705000075,4706000143,NE
4705000025,4706000026,IA
4705000026,4706000018,IA
4705000108,4706000160,SD
4705000109,4706000027,SD
4705000106,4706000047,SD
4705000107,4706000066,SD
4705000113,4706000046,SD
4705000105,4706000028,SD
3605000213,3606000225,KS
3605000211,3606000223,KS
3605000212,3606000224,KS
3605000143,3606000023,KS
3605000210,3606000222,KS
3605000215,3606000227,KS
3605000214,3606000226,KS
3605000100,3606000022,KS
1805000007,1806000263,WY
3605000101,3606000019,KS
4705000138,4706000032,SD
1805001305,1806000210,ND
1805000757,1806000144,SD
1805000755,1806000154,SD
1805000756,1806000145,SD
1805000747,1806000152,SD
1805000750,1806000150,SD
1805100751,1806000149,SD
1805200751,1806000147,SD
1805000753,1806000146,SD
1805000743,1806000161,SD
1805000742,1806000162,SD
1805000745,1806000160,SD
1805000744,1806000158,SD
1805000748,1806000157,SD
1805000736,1806000167,SD
1805000735,1806000168,SD
1805000738,1806000166,SD
1805000739,1806000165,SD
1805000741,1806000164,SD
1805000740,1806000163,SD
4705000164,4706000158,NE
4705000048,4706000099,MT
4705000132,4706000138,NE
3605000124,3606000025,KS
4705000091,4706000122,NE
4705000044,4706000119,MT
4705000133,4706000104,NE
4705000052,4706000065,NE
1805000550,1806000278,SD
1805100015,1806000068,MT
1805300015,1806000069,MT
1705000268,1706000290,NE
4705000134,4706000101,CO
1805000863,1806000117,ND
1705000263,1706000115,NE
1805001361,1806000079,CO
1805001362,1806000080,CO
1805001360,1806000078,CO
4705000136,4706000055,NE
5905000003,5906000003,LA
5905000004,5906000004,AR
1705100142,1706000243,KS
5805000001,5806001001,KS
1705000018,1706000286,KS
1705000479,1706000362,KS
1705000480,1706000034,KS
5805000002,5806002001,KS
3705000021,3706000045,AR
5905000036,5906000036,LA
3705000033,3706000004,AR
3705000027,3706000023,MO
5905000009,5906000009,LA
3705000013,3706000031,AR
5805000003,5806005001,KS
2205000015,2206000014,CO
2205000016,2206000015,CO
3705000031,3706000035,AR
3705000016,3706000036,AR
5805000020,5806020001,KS
3705000023,3706000033,AR
3005000159,3006000137,TX
3005000128,3006000140,TX
3005000165,3006000150,TX
5805000004,5806070002,KS
5805000005,5806070001,KS
3705000015,3706000037,AR
5905000035,5906000035,LA
5805000006,5806008001,KS
5805000007,5806010001,OK
3705000017,3706000039,AR
5805000008,5806011001,KS
3705000009,3706000027,AR
2205000056,2206000056,CO
2205000026,2206000025,CO
2205000027,2206000026,CO
5805000009,5806000012,KS
5805000010,5806000010,KS
5805000011,5806000009,KS
5805000014,5806013001,OK
5805000015,5806014001,KS
3705000001,3706000042,AR
2205000030,2206000029,CO
3705000048,3706000008,AR
3005000166,3006000151,TX
5805000049,5806000047,KS
5805000016,5806000045,KS
5805000043,5806000044,KS
5805000047,5806000043,KS
5805000044,5806000046,KS
5805000017,5806000001,KS
3705000026,3706000026,MO
5805000018,5806018001,OK
5805000019,5806017001,KS
2205000031,2206000031,CO
2205000032,2206000030,CO
3705000004,3706000043,AR
3705000005,3706000001,AR
3705000012,3706000030,AR
3705000022,3706000046,AR
3705000011,3706000029,AR
5905000013,5906000013,LA
3705000062,3706000048,AR
5805000021,5806021001,OK
3705000063,3706000022,MO
3705000002,3706000044,AR
3705000003,3706000002,AR
5905000038,5906000038,LA
3705000024,3706000038,AR
2205000040,2206000039,CO
2205000041,2206000040,CO
2205000042,2206000041,CO
3005000127,3006000118,TX
3705000007,3706000040,AR
3705000040,3706000017,AR
3705000010,3706000032,AR
3705000061,3706000050,AR
1805001308,1806000026,CO
5805000023,5806023002,OK
5805000046,5806023001,OK
3705000008,3706000028,AR
3705000030,3706000025,AR
1705000109,1706000350,KS
5805000030,5806240011,KS
4405000516,4406000021,LA
4405000516,4406000021,LA
4405000516,4406000021,LA
4405000516,4406000021,LA
4405000516,4406000021,LA
4405000516,4406000021,LA
4405000516,4406000021,LA
4405000516,4406000021,LA
4405000516,4406000021,LA
4405000516,4406000021,LA
4405000516,4406000021,LA
4405000516,4406000021,LA
4405000516,4406000021,LA
4405000516,4406000021,LA
4405000516,4406000021,LA
4405000516,4406000021,LA
4405000516,4406000021,LA
3705000014,3706000034,AR
4005000015,4006000018,AR
1705000023,1706000314,KS
1705700023,1706000322,KS
5805000024,5806025001,KS
5805000025,5806240004,KS
5805000026,5806240001,KS
5805000027,5806240002,KS
5805000029,5806240003,KS
5805000035,5806240006,KS
5805000036,5806240009,KS
3005000099,3006000113,TX
3005000007,3006000007,TX
3005000098,3006000115,TX
3005000008,3006000008,TX
3005000009,3006000009,TX
3005000001,3006000001,TX
3005000010,3006000010,TX
3005000011,3006000011,TX
3005000100,3006000103,TX
3005000002,3006000002,TX
3005000155,3006000134,TX
3005000156,3006000133,TX
3005000158,3006000145,TX
3105000002,3106000004,TX
3005000118,3006000129,TX
3005000139,3006000149,TX
3005000164,3006000128,TX
3005000102,3006000109,TX
3005000103,3006000111,TX
3005000012,3006000012,TX
3005000013,3006000013,TX
3005000104,3006000104,TX
3005000014,3006000014,TX
3005000105,3006000105,TX
3005000113,3006000127,TX
3005000108,3006000112,TX
3105000006,3106000003,TX
3005000119,3006000123,TX
3005000162,3006000107,TX
3005000163,3006000110,TX
3005000125,3006000120,TX
3005000121,3006000121,TX
3005000015,3006000015,TX
3005000016,3006000016,TX
3105000003,3106000005,TX
3105000007,3106000007,TX
3005000017,3006000017,TX
3105000005,3106000001,TX
3005000006,3006000006,TX
3005000020,3006000020,TX
3005000021,3006000021,TX
2205000001,2206000001,CO
2205000002,2206000002,CO
2205000066,2206000066,NM
2205000065,2206000065,NM
2205000063,2206000063,NM
2205000062,2206000062,NM
2205000064,2206000064,NM
2205000058,2206000058,NM
2205000059,2206000059,NM
2205000061,2206000061,NM
2205000074,2206000074,NM
2205000075,2206000075,NM
2205000071,2206000071,NM
2205000060,2206000060,NM
2205000070,2206000070,NM
2205000069,2206000069,NM
2205000073,2206000073,NM
2205000072,2206000072,NM
2205000076,2206000076,NM
2205000077,2206000077,NM
2205000080,2206000080,NM
2205000003,2206000003,NM
2205000004,2206000004,NM
2205000008,2206000007,NM
2205000006,2206000052,NM
2205000007,2206000006,NM
2205000009,2206000008,NM
2205000010,2206000009,TX
2205000011,2206000010,TX
2205000012,2206000011,TX
2205000054,2206000054,TX
2205000055,2206000055,TX
2205000013,2206000012,TX
2205000014,2206000013,NM
2205000078,2206000078,NM
2205000079,2206000079,NM
2205000017,2206000016,NM
2205000020,2206000019,CO
2205000021,2206000020,NM
2205000028,2206000027,NM
2205000029,2206000028,NM
2205000033,2206000032,NM
2205000034,2206000033,TX
2205000037,2206000036,NM
2205000039,2206000038,TX
2205000046,2206000045,TX
2205000047,2206000046,TX
2205000053,2206000053,NM
2205000050,2206000049,NM
2205000051,2206000050,NM
2205000052,2206000051,NM
1805000835,1806000046,CO
1805000724,1806000030,CO
1805000725,1806000031,CO
2205000057,2206000022,NM
2205000025,2206000024,NM
2205000024,2206000023,NM
3805020006,3806020006,AZ
3805020008,3806130001,AZ
3805020009,3806140001,AZ
3805020010,3806020010,AZ
3805020011,3806020011,AZ
3805030008,3806330001,CA
2205000043,2206000042,NM
3805020015,3806020015,AZ
3805020027,3806020027,AZ
3805020026,3806020026,AZ
3805020021,3806020021,AZ
3805020019,3806020019,AZ
3805020017,3806020017,AZ
3805020022,3806020022,AZ
5205020051,5206020051,UT
1805000719,1806000250,WY
1805000720,1806000249,WY
5205020361,5206020361,UT
5205010371,5206010371,NV
5205020211,5206020211,UT
5205020212,5206020212,UT
6005000065,6006000065,WY
5505000001,5506000423,WA
5505000031,5506000391,WA
5505000032,5506000399,WA
6005000001,6006000009,ID
6005000479,6006000479,ID
5505000326,5506001028,WA
6005000420,6006000420,ID
6005000421,6006000421,ID
6005000425,6006000425,ID
6005000235,6006000235,ID
5505000049,5506000413,WA
6005000477,6006000477,ID
6005000002,6006000002,WA
6005000430,6006000430,ID
5005000028,5006040001,WA
5505000058,5506000546,ID
5505000002,5506000376,WA
5505000003,5506000375,WA
6005000255,6006000255,ID
5505000060,5506000425,WA
5505000005,5506000564,MT
5505000004,5506000563,MT
5505000006,5506000562,ID
6005000040,6006000030,WA
6005000041,6006000031,WA
6005000042,6006000032,WA
6005000043,6006000033,WA
5005000026,5006120001,WA
5005000024,5006130001,WA
5005000025,5006140001,WA
5005000022,5006110001,WA
6005000265,6006000265,ID
6005000005,6006000005,ID
6005000030,6006000006,WA
6005000031,6006000007,WA
6005000435,6006000435,ID
5505000007,5506000422,WA
5505000008,5506000421,WA
6005000280,6006000280,ID
6005000547,6006000547,WA
6005000555,6006000555,WA
6005000090,6006000090,WY
6005000540,6006000540,WA
6005000550,6006000550,WA
6005000295,6006000295,ID
6005000445,6006000445,ID
6005000499,6006000499,ID
6005000100,6006000100,WY
6005000300,6006000300,ID
6005000450,6006000450,ID
6005000130,6006000130,WY
6005000180,6006000180,WY
6005000018,6006000018,ID
6005000019,6006000019,ID
6005000020,6006000020,ID
6005000320,6006000320,ID
6005000325,6006000325,ID
5505000009,5506000377,WA
6005000465,6006000466,ID
6005000215,6006000215,WY
6005000150,6006000150,WY
6005000225,6006000225,ID
6005000008,6006000010,ID
6005000570,6006000570,ID
6005000575,6006000575,ID
6005000576,6006000576,ID
6005000705,6006000705,ID
6005000706,6006000706,ID
5505000152,5506000404,WA
6005000350,6006000350,ID
5505000010,5506000561,ID
5505000011,5506000424,WA
5505000043,5506001020,WA
6005000155,6006000155,WY
6005000029,6006000029,ID
6005000079,6006000079,ID
5505000153,5506000370,WA
6005000475,6006000475,ID
6005000009,6006000026,WA
6005000010,6006000027,WA
6005000035,6006000040,OR
6005000036,6006000041,OR
6005000037,6006000042,OR
6005000038,6006000043,OR
5505000186,5506000395,WA
6005000585,6006000585,ID
5505000189,5506000396,WA
5505000012,5506000497,WA
5505000013,5506000496,WA
5505000201,5506000582,MT
6005000595,6006000595,ID
5505000014,5506000495,WA
6005000610,6006000610,ID
6005000021,6006000021,ID
6005000022,6006000022,ID
6005000023,6006000023,ID
6005000024,6006000024,ID
6005000028,6006000025,ID
6005000625,6006000625,ID
6005000370,6006000370,ID
5505000078,5506000387,WA
6005000375,6006000375,ID
6005000190,6006000190,WY
5505000025,5506000452,WA
5505000026,5506000453,WA
5505000305,5506000714,WA
5505000027,5506000712,WA
6005000380,6006000380,ID
6005000630,6006000630,ID
6005000200,6006000200,WY
5505000017,5506000541,ID
5505000271,5506000571,MT
6005000495,6006000495,ID
5505000018,5506000431,WA
5505000019,5506000430,WA
6005000640,6006000640,ID
6005000395,6006000395,ID
6005000700,6006000700,ID
6005000210,6006000210,WY
6005000505,6006000505,ID
6005000015,6006000017,ID
5505000020,5506000371,WA
6005000400,6006000400,ID
6005000025,6006000035,OR
6005000026,6006000036,OR
6005000027,6006000037,OR
6005000665,6006000665,WA
6005000670,6006000670,WA
6005000675,6006000675,WA
5505000297,5506000397,WA
6005000013,6006000013,WA
5505000021,5506000531,WA
5505000022,5506000522,WA
6005000497,6006000497,ID
5305000002,5306010002,CA
5205000393,5206000393,CA
5205000392,5206000392,CA
5205000391,5206000391,CA
3805010046,3806010046,CA
3805010045,3806010045,CA
5205000293,5206000293,CA
5205002130,5206002130,CA
3805030024,3806330008,CA
5205000412,5206000412,CA
5205000411,5206000411,CA
5205000421,5206000421,CA
5205000424,5206000424,CA
5205000423,5206000423,CA
5205000422,5206000422,CA
3805030002,3806060001,CA
3805030003,3806070001,CA
3805010070,3806010070,CA
5205000431,5206000431,CA
3805010021,3806010021,CA
3805010025,3806010025,CA
5305000006,5306060001,CA
5305000009,5306070001,CA
5305000010,5306070002,CA
5305000008,5306070003,CA
3805010020,3806010020,CA
3805010029,3806010029,CA
3805010043,3806010043,CA
3805010057,3806010057,CA
3805010030,3806010030,CA
3805010042,3806010042,CA
3805010058,3806010058,CA
3805010063,3806010063,CA
3805010080,3806010080,CA
3805010083,3806010083,CA
3805010082,3806010082,CA
3805010079,3806100001,CA
5305000011,5306080001,CA
5305000012,5306080002,CA
5305000013,5306090001,CA
5205000133,5206000133,CA
5205000131,5206000131,CA
5205000521,5206000521,CA
5205002131,5206002131,CA
5305000014,5306100001,CA
5305000015,5306100002,CA
5205000662,5206000662,CA
5205001411,5206001411,CA
3805010076,3806010076,CA
3805010054,3806010054,CA
3805010073,3806010073,CA
3805010078,3806010078,CA
3805010026,3806010026,CA
3805010033,3806010033,CA
3805010044,3806010044,CA
3805010047,3806010047,CA
1905012031,1906003264,CA
5305000019,5306014001,CA
3805010081,3806010081,CA
3805010071,3806010071,CA
3805010072,3806010072,CA
5205000441,5206000441,CA
5205000631,5206000631,CA
5205000632,5206000632,CA
5205000633,5206000633,CA
5305000020,5306150001,CA
3805010056,3806010056,CA
5205000281,5206000281,CA
5205000283,5206000283,CA
5305000100,5306000100,CA
5305000050,5306000050,CA
5205000301,5206000301,CA
5205000302,5206000302,CA
5305000024,5306170003,CA
5305000025,5306170002,CA
5305000027,5306180001,CA
5305000028,5306180002,CA
5205000313,5206000313,CA
5205000311,5206000311,CA
5205000312,5206000312,CA
5205000641,5206000641,CA
5205000642,5206000642,CA
3805010069,3806010069,CA
5205001271,5206001271,CA
5205000651,5206000651,CA
5205000661,5206000661,CA
5205001151,5206001151,CA
5205000544,5206000544,CA
5205000741,5206000741,CA
5205000771,5206000771,CA
5205000801,5206000801,CA
5205000842,5206000842,CA
5205000841,5206000841,CA
5205001011,5206001011,CA
5205000923,5206000923,CA
5205000921,5206000921,CA
5205000922,5206000922,CA
5205000931,5206000931,CA
5205000941,5206000941,CA
5205001191,5206001191,CA
5205001201,5206001201,CA
5205001211,5206001211,CA
5205000981,5206000981,CA
5205001221,5206001221,CA
5205000991,5206000991,CA
5205001261,5206001261,CA
5205001281,5206001281,CA
5205001331,5206001331,CA
5205001341,5206001341,CA
5205001351,5206001351,CA
5205001012,5206001012,CA
5305000029,5306190001,CA
5305000030,5306190002,CA
5305000031,5306200001,CA
5305000032,5306200002,CA
3805010100,3806010100,CA
3805010101,3806010101,CA
3805010102,3806010102,CA
3805010104,3806010104,CA
3805010103,3806010103,CA
3805010105,3806010105,CA
3805010038,3806010038,CA
3805010050,3806010050,CA
1905031045,1906000783,CA
5305000033,5306210002,CA
5305000034,5306210001,CA
5205000381,5206000381,CA
5205000541,5206000541,CA
5205000561,5206000561,CA
5205000902,5206000902,CA
3805010067,3806010067,CA
3805010066,3806010066,CA
3805010068,3806010068,CA
3805010062,3806010062,CA
3805010074,3806010074,CA
3805010051,3806010051,CA
3805010061,3806010061,CA
3805010077,3806010077,CA
3805010035,3806010035,CA
3805010052,3806010052,CA
3805010028,3806010028,CA
3805010019,3806010019,CA
3805010049,3806010049,CA
3805010037,3806010037,CA
5305000037,5306230002,CA
5305000040,5306240003,CA
5305000038,5306240001,CA
5305000039,5306240002,CA
5305000043,5306270004,CA
5305000044,5306270002,CA
3805010015,3806010015,CA
3805030013,3806260001,CA
3805030015,3806290001,CA
3805030014,3806270001,CA
3805030012,3806250001,CA
3805010085,3806010085,CA
3805010096,3806010096,CA
3805010092,3806010092,CA
3805010094,3806010094,CA
3805010087,3806310001,CA
3805010088,3806300001,CA
3805010089,3806010089,CA
3805010002,3806010002,CA
3805010097,3806010097,CA
5205000134,5206000134,CA
5305000042,5306260001,CA
3805010086,3806010086,CA
5205001091,5206001091,CA
5205000903,5206000903,CA
3805010023,3806010024,CA
5305000045,5306270001,CA
5305000046,5306270003,CA
5205000413,5206000413,CA
