systemId,Levee_year,areaSquare(mile),Levee_length_m,
6005000570,1949,0.064900583,485.2550825,
6005000280,1949,0.159243489,1363.300954,
6005000235,1949,0.079753168,963.578794,
6005000225,1949,2.746787702,10244.77534,
5905000026,1949,71.64288029,32679.3994,
5805000018,1949,3.017912806,14081.85785,
5505000201,1949,0.666941053,2279.157872,
5305000026,1949,5.967266874,15577.75494,
5305000025,1949,2.685195208,11776.42042,
5305000024,1949,3.986698487,13905.72505,
5105590001,1949,0.059853493,996.382608,
4905000007,1949,1.623186666,1372.112828,
4705000142,1949,0.041494204,1940.13119,
4705000089,1949,10.58255032,12981.21471,
4705000030,1949,109.7569268,68202.95929,
3905000042,1949,25.11057764,31998.88182,
3905000041,1949,1.851119591,6712.596858,
3905000036,1949,0.273721368,2849.419443,
3905000032,1949,17.30878761,20063.66477,
3905000011,1949,7.798046257,15358.75601,
3705000023,1949,27.99224802,52445.26287,
3705000011,1949,13.47031958,22404.30692,
3605000052,1949,0.260291486,1363.926276,
2405000031,1949,0.036612776,625.048463,
2405000019,1949,0.07085957,397.2961632,
2405000005,1949,0.046513631,831.6971382,
2405000004,1949,0.103992601,1857.945353,
2305570001,1949,0.051352696,942.6867507,
2205000016,1949,2.376820332,3911.84118,
2205000015,1949,0.160993349,1196.265255,
1705000103,1949,0.112881331,502.408264,
6005000595,1950,0.025938307,494.2455907,
6005000395,1950,0.185438867,1799.28544,
6005000295,1950,0.262435261,678.1972104,
5905000048,1950,40.19685494,53916.99031,
5905000021,1950,5402.500437,953.2006128,
5905000021,1950,5402.500437,953.2006128,
5905000021,1950,5402.500437,953.2006128,
5905000021,1950,5402.500437,953.2006128,
5505000016,1950,7.519547322,15273.61797,
5505000015,1950,0.98416765,3907.420191,
5405000002,1950,3.773284075,11687.55166,
5205000642,1950,30.41195031,14182.22516,
5205000641,1950,31.34197613,36472.3904,
5105640001,1950,16.56465566,24427.51136,
5105530001,1950,9.871573161,20904.13903,
4705000159,1950,1.16654065,8145.014352,
4705000101,1950,3.578881473,4846.565494,
4705000100,1950,1.452321436,7207.460374,
4705000099,1950,1.049414338,8059.737009,
4705000095,1950,3.251140862,9201.987492,
4705000037,1950,15.08707649,24923.73476,
4705000036,1950,7.457768456,13627.36361,
4305000016,1950,1.63017235,8614.114997,
4305000015,1950,0.739712486,3930.935004,
4305000014,1950,0.316164948,5515.556299,
4005000029,1950,17.62994997,15003.60659,
4005000025,1950,0.835211988,2223.207884,
4005000024,1950,0.400165818,2775.017445,
4005000023,1950,4.207688723,15506.43212,
4005000022,1950,1.279696362,4458.65993,
4005000021,1950,1017.996141,36204.12977,
4005000021,1950,1017.996141,36204.12977,
4005000019,1950,0.065547515,146.928409,
4005000018,1950,0.313523771,2421.631595,
4005000017,1950,3.178414175,10358.91308,
4005000016,1950,209.2019909,91351.17649,
4005000015,1950,601.9368847,59003.044,
4005000014,1950,69.05902846,66431.58227,
4005000012,1950,1828.006464,192553.3037,
4005000011,1950,696.7159174,161598.1261,
4005000011,1950,696.7159174,161598.1261,
4005000011,1950,696.7159174,161598.1261,
4005000010,1950,576.0262069,157451.4633,
4005000009,1950,1.134084679,6897.464405,
4005000007,1950,10.59213844,19061.65682,
4005000006,1950,390.8908573,171825.4975,
4005000005,1950,80.73445952,27568.53392,
4005000003,1950,487.536469,103953.3836,
4005000003,1950,487.536469,103953.3836,
4005000003,1950,487.536469,103953.3836,
4005000002,1950,5265.993705,448512.7712,
4005000002,1950,5265.993705,448512.7712,
4005000001,1950,25.81449832,33596.5555,
4005000001,1950,25.81449832,33596.5555,
4005000001,1950,25.81449832,33596.5555,
3905270004,1950,0.508279274,4435.810162,
3905270003,1950,0.774689712,6413.847397,
3905270002,1950,0.075657173,970.1331384,
3905270001,1950,0.057260022,1072.665922,
3905000027,1950,4.833406963,5686.648014,
3905000022,1950,0.46176429,2772.716101,
3705000008,1950,23.06897275,35173.78243,
3705000004,1950,0.472611014,13829.27829,
3605000139,1950,8.618907812,16536.165,
3605000127,1950,1.484357411,9382.814367,
3605000079,1950,13.87092881,19818.95027,
3605000051,1950,6.774114174,17440.91807,
3305000022,1950,2.990736935,14410.46345,
3305000019,1950,1.196341633,5979.992032,
2405000014,1950,0.367901306,1574.583167,
2305320001,1950,3.634640499,10176.06785,
2305010002,1950,0.086383315,1554.436898,
2305010001,1950,0.092984512,2218.350987,
2205000020,1950,0.09281227,101.1963417,
1805001360,1950,0.054573168,1483.913116,
1805000826,1950,0.108510599,1164.152759,
1205000211,1950,0.066346216,1166.107491,
6005000640,1951,0.077283696,1365.16752,
6005000576,1951,0.290333868,2397.736529,
6005000038,1951,0.959310489,2868.400551,
6005000036,1951,0.182085111,2514.610988,
6005000035,1951,4.363284574,6865.726483,
6005000031,1951,0.48035339,3561.148654,
6005000030,1951,0.345632109,3356.636847,
5905000038,1951,0.429201696,2359.213125,
5605360001,1951,25.23623806,28018.35888,
5105620002,1951,0.047568917,880.8903711,
5105620001,1951,0.061351326,2185.02052,
4905000012,1951,0.555176046,3271.567102,
4905000011,1951,0.732586071,4081.717816,
4705000144,1951,0.212940359,2051.501791,
4705000082,1951,9.776384776,22098.23324,
4705000042,1951,8.134134801,14910.5203,
4705000041,1951,61.71344994,52256.86238,
4705000040,1951,20.22567097,21883.5872,
4305000041,1951,0.039543793,771.6190469,
3905000038,1951,0.417891601,3068.877952,
3905000031,1951,0.686750192,3869.842557,
3905000005,1951,0.647602371,4880.01643,
3805010044,1951,19.90606291,29819.33037,
3705000024,1951,7.386216415,12434.09524,
3705000014,1951,29.6191387,24151.08141,
3605000092,1951,3.087744981,10058.94529,
3605000050,1951,1.005461003,1719.124579,
3605000040,1951,3.080811064,11044.70333,
3305000021,1951,0.374525966,3509.768609,
2305340008,1951,0.044786668,1193.142075,
2305340007,1951,0.077238655,1680.333289,
2305340006,1951,0.071023843,1366.299749,
2305340005,1951,0.05990977,2909.016849,
2305340004,1951,0.060702609,2861.397566,
2305340003,1951,0.08318935,1182.67245,
2305340001,1951,0.150116922,998.9879773,
2305280001,1951,1.422168333,8122.450116,
6005000020,1952,4.437232794,4854.245309,
6005000019,1952,24.17634858,19479.45918,
6005000018,1952,66.57889844,54685.2433,
5905000057,1952,0.993884482,7095.267953,
5905000012,1952,3.3193871,13200.53632,
5205001411,1952,6.065378357,24372.73424,
5205000941,1952,19.26838077,47955.34635,
5205000922,1952,53.94540194,47941.28349,
5205000921,1952,9.69016844,30553.33671,
5205000842,1952,4.660451937,11896.96194,
5205000521,1952,220.8669674,96619.44277,
5205000431,1952,2.326584394,12663.01517,
4905000010,1952,1.971650389,9218.229764,
4905000008,1952,0.799378325,3892.122057,
4705000114,1952,2.657131119,6058.990659,
4705000088,1952,0.529729594,3593.531374,
4705000087,1952,0.658355397,4240.351194,
4705000086,1952,0.363519026,2704.96727,
4705000085,1952,0.21240838,2529.704919,
4705000084,1952,0.64025128,5850.815857,
4705000083,1952,4.419485936,12206.59265,
4505000014,1952,0.031840114,1055.1883,
3905440001,1952,3.355268094,7284.608366,
3905000033,1952,10.39873857,8557.608144,
3705000063,1952,17.27656305,25239.46788,
3705000001,1952,46.49248992,26807.54181,
3605000208,1952,3.56682094,10680.80366,
3605000207,1952,0.497346588,3779.168092,
3605000205,1952,1.421593545,6580.767184,
3605000204,1952,1.179257525,4658.932228,
3605000137,1952,1.023001878,5411.126065,
3605000123,1952,1.042059594,4836.524746,
3605000121,1952,7.796564338,18002.696,
3605000101,1952,0.312375201,1242.110671,
3605000009,1952,5.731381096,16758.18365,
3405000014,1952,116.178913,45078.04867,
3405000007,1952,66.63826045,21011.78462,
3405000006,1952,54.33610595,11821.03553,
2305320003,1952,0.460063959,4268.199092,
2205000040,1952,0.099655488,5683.089066,
1705000298,1952,0.947079032,4189.100201,
4705000102,1953,0.377026491,1726.88171,
3905000017,1953,0.411427546,2107.956443,
3905000009,1953,0.093685273,1589.011747,
3605000138,1953,2.334606122,7352.376485,
3605000119,1953,3.348527932,10516.18084,
3605000021,1953,0.179115655,2775.330807,
3405000045,1953,9.029946331,11439.02254,
3405000044,1953,9.253542889,7924.727218,
3305000002,1953,0.057125224,138.4525919,
3305000001,1953,0.556541731,4756.31456,
6005000450,1954,0.100587706,1546.25598,
5805000049,1954,4.166269974,13317.33257,
5805000047,1954,3.483187062,12239.19649,
5805000044,1954,0.20097999,2745.640159,
5805000043,1954,3.168596613,6927.310538,
5805000016,1954,6.506452751,13658.2185,
5105590150,1954,1.531729765,6406.046894,
5105580006,1954,0.086672112,1961.852125,
5105580004,1954,0.147286471,2436.568963,
5105580003,1954,0.138583633,2889.703399,
5105580002,1954,0.061241868,1548.282099,
5105580001,1954,0.782700968,5258.75745,
4905000046,1954,0.026196848,544.8417753,
4805000005,1954,0.039722689,1216.306691,
3905000030,1954,3.436109586,6765.472991,
3905000028,1954,76.20677769,45321.24688,
3605000094,1954,7.466229514,13954.70753,
3605000065,1954,4.544995401,14869.89981,
2305600004,1954,0.082649432,1453.885146,
2305580001,1954,0.328739725,2473.724637,
2305380003,1954,0.032010617,639.9892086,
5905000034,1955,1.539924449,5364.981942,
5505000297,1955,0.197892205,2463.617837,
5505000032,1955,0.218815938,1026.777342,
5505000031,1955,0.329125492,3968.042741,
5205000902,1955,50.76789154,61625.63427,
5205000801,1955,14.48899753,41488.45537,
5205000771,1955,15.01010973,30517.07225,
5205000401,1955,23.35998663,68974.81261,
5105580300,1955,0.133292765,874.542427,
4905000037,1955,0.067965225,1450.534287,
4905000032,1955,0.050025185,942.7672624,
3905000023,1955,1.041428442,5823.447339,
3605000024,1955,27.13016273,24369.42628,
3405000041,1955,144.4491622,50825.11172,
3405000039,1955,77.72719665,74612.73556,
3105000007,1955,4.676917517,5434.314147,
3005000020,1955,1.274729232,7473.204053,
3005000015,1955,0.540475798,4459.48328,
3005000010,1955,1.293281107,4895.339915,
2305320002,1955,2.06687979,10881.36308,
2305170006,1955,0.766767685,6592.815691,
2305170005,1955,0.168719804,2147.588075,
2305170004,1955,0.219782284,3221.874145,
2305170002,1955,0.067190839,1187.309685,
2305170001,1955,0.636110634,5142.912429,
1705100142,1955,0.359031955,1497.358497,
1705000480,1955,5.66485361,13157.68493,
1105100066,1955,0.059803873,1206.023697,
6005000445,1956,0.343572369,700.2877402,
5905000032,1956,0.194670192,2664.808861,
5905000029,1956,18.2036843,26632.95863,
5905000013,1956,223.7663042,60811.66707,
5905000003,1956,100.7381573,70456.87406,
5005000028,1956,0.400798325,2128.509896,
4405000516,1956,1392.834698,4.455239679,
4305000007,1956,0.047872358,1003.582972,
3805030013,1956,0.622754409,2413.832413,
3805010081,1956,0.363690453,1120.941771,
3805010072,1956,1.233096142,5046.999923,
3805010071,1956,2.057186609,4529.947981,
3805010047,1956,7.606233133,22662.47302,
3705000027,1956,1.10310387,6690.828598,
3705000026,1956,0.17028303,1759.896318,
3405000043,1956,38.88098334,32833.26655,
3405000042,1956,32.05218806,45463.07822,
3405000038,1956,104.6781985,76167.95957,
3405000036,1956,8.003256386,17764.07693,
3305000016,1956,0.568904796,5061.291384,
2205000004,1956,19.36745866,17143.15209,
6005000265,1957,0.605839954,1206.097189,
6005000180,1957,0.40523371,1774.47105,
6005000130,1957,0.702355568,5168.626714,
5605320001,1957,76.74020035,84762.70026,
5605300001,1957,134.3362114,46354.14267,
5205000651,1957,25.84620076,46832.60906,
5105950070,1957,0.026025873,580.1634362,
5105250001,1957,0.956139841,4930.910445,
4705000047,1957,1.095216982,6503.406709,
4705000046,1957,0.081738709,1832.927416,
4705000043,1957,0.356316137,5071.167328,
4105000002,1957,0.096725706,1315.94244,
3805010104,1957,0.680465614,4606.067401,
3805010102,1957,0.550204757,2129.684702,
3805010101,1957,0.290173889,1305.649444,
3805010100,1957,0.812723454,1152.790763,
3805010033,1957,26.80516689,22893.22718,
3805010026,1957,7.488315372,11082.78113,
3605000047,1957,0.285015185,3384.651006,
3605000025,1957,5.970165269,12008.6806,
3405000046,1957,173.5606496,118647.05,
3405000030,1957,2.926325897,9065.457761,
5205000981,1958,10.32366714,27497.961,
5205000393,1958,10.35168677,25422.99593,
5105870002,1958,0.144181512,2982.526137,
5105870001,1958,0.216160327,2652.916257,
4505000028,1958,0.081624376,81.43273147,
4305000036,1958,0.039937587,1519.568826,
4305000032,1958,0.312845987,284.7574146,
4305000017,1958,0.033057116,2159.663661,
3805010083,1958,1.46160693,2480.591996,
3805010050,1958,2.592657534,6046.605621,
3805010038,1958,2.166315817,3762.745344,
3705000031,1958,2.111768069,4651.669481,
3405000107,1958,20.40295413,20241.83856,
2405000030,1958,0.026874551,362.0560936,
2405000024,1958,0.206988115,2313.886052,
6105011001,1959,2.332640555,4810.505685,
6005000400,1959,0.672284414,1212.868711,
6005000008,1959,0.052590849,1284.932008,
5805000036,1959,6.438049344,11103.35159,
5805000035,1959,19.55218853,36566.33642,
5805000030,1959,1.520403318,7936.37839,
5805000027,1959,58.55647398,42494.83137,
5805000026,1959,7.331426469,10820.0971,
5805000025,1959,57.77820339,38914.51125,
5505000010,1959,0.708946012,1101.903727,
5305000039,1959,0.052149563,700.3147422,
5305000038,1959,0.189081,1397.649545,
5305000013,1959,1.179829379,5770.281298,
5205000931,1959,102.7889242,95058.09858,
5205000561,1959,438.3209739,187256.8995,
4905000066,1959,0.029269298,907.4273603,
4905000034,1959,0.111371942,1522.009033,
4905000033,1959,0.214961549,1884.632136,
4905000004,1959,0.04115039,561.0195227,
4705000158,1959,0.613397754,4513.273574,
4705000112,1959,0.983975736,3859.301427,
4705000098,1959,0.041895707,735.6724947,
4705000097,1959,0.038774673,750.6100333,
4705000044,1959,0.612874722,4149.432509,
3805010105,1959,0.128874432,860.3841212,
3805010103,1959,0.08554752,844.206784,
3805010074,1959,5.328694642,3202.039734,
3605000063,1959,6.879687199,16226.04732,
3405000064,1959,13.60713357,23379.16482,
3405000047,1959,208.770845,120481.1072,
3405000037,1959,165.4083214,151190.4128,
3305000023,1959,0.089547327,66.22332703,
3305000003,1959,0.405470592,2838.868665,
3005000011,1959,0.26278172,2549.64911,
3005000006,1959,14.87048669,18621.9924,
3005000002,1959,11.15395153,20209.51385,
2305430001,1959,0.047310234,1338.462772,
2305020001,1959,0.346354741,3388.54022,
6005000706,1960,0.146668437,3119.923848,
6005000705,1960,0.318098828,3262.292952,
6005000700,1960,0.043657383,671.0769217,
5605180001,1960,88.67027233,65767.10493,
5605180001,1960,88.67027233,65767.10493,
5505000189,1960,0.287258622,2070.995159,
5505000049,1960,0.400438897,6053.476303,
5205020212,1960,22.56710449,15889.62092,
5205020211,1960,5.339841697,15666.0627,
5205000413,1960,4.015628504,1799.197388,
5205000412,1960,42.84152335,45894.9144,
5205000411,1960,33.31052124,32841.42194,
5105590140,1960,0.453154213,4469.017628,
4905000063,1960,0.035251102,1320.072018,
4905000044,1960,0.033480734,651.1327144,
4805000016,1960,0.097650611,1566.092582,
4805000001,1960,0.121708146,1506.262419,
4705000092,1960,2.594474766,9575.375713,
4305000030,1960,0.056062694,986.7245307,
3905000002,1960,82.19200027,70431.58065,
3805010094,1960,0.615948203,5210.706868,
3805010070,1960,2.472834038,4033.851863,
3805010056,1960,7.856328005,5670.489318,
3605000220,1960,1.178104607,2600.131124,
3605000096,1960,1.341047929,2555.607022,
3405000055,1960,163.399551,21206.77233,
3305000024,1960,0.110858175,1689.825274,
1805000733,1960,0.238693408,1217.604098,
1305000136,1960,0.051230583,717.6684228,
1205000032,1960,0.109718015,738.7530632,
1205000023,1960,0.086050987,910.2996538,
5205020051,1961,13.68449339,2049.759767,
5205000991,1961,17.89241462,27261.83654,
5205000711,1961,15.90387068,40868.20623,
5205000662,1961,3.028641549,2826.008122,
5205000661,1961,17.48460461,35731.92761,
5205000633,1961,48.12338672,30038.42437,
5205000632,1961,2.428427299,6721.592886,
5205000631,1961,57.67194465,28265.35714,
4705000113,1961,1.222652782,5901.544226,
4705000109,1961,0.24193521,2854.394097,
4705000108,1961,5.4877573,13678.17718,
4705000107,1961,1.35828932,7547.056894,
4705000106,1961,2.380880862,12546.62464,
4705000105,1961,0.115380636,1922.436375,
4505000034,1961,0.10162445,1337.737314,
4505000033,1961,0.164405858,1042.818092,
4505000032,1961,0.110273805,864.3494012,
4505000030,1961,0.295459061,2857.433605,
4305000034,1961,0.103477086,1195.214807,
3805030024,1961,0.42140525,200.3800293,
3805030003,1961,0.362315896,2354.428013,
3805030002,1961,0.252665081,2410.775308,
3805010085,1961,2.187971943,8188.236131,
3805010082,1961,1.675519963,3274.902724,
3805010079,1961,0.548625705,2433.809156,
3805010069,1961,0.612295689,809.0957252,
3805010062,1961,7.724764703,13387.31324,
3805010061,1961,6.121992127,6795.105898,
3805010052,1961,0.397437812,3854.693524,
3805010051,1961,0.305981693,1997.454424,
3805010019,1961,5.857089949,8243.597949,
3705000013,1961,0.198407823,1783.639533,
3605000215,1961,0.472717002,2261.250604,
3605000214,1961,0.535174813,5259.665299,
3605000213,1961,0.070512394,1410.030624,
3605000212,1961,0.232489042,3312.475817,
3605000211,1961,0.221004902,2416.139358,
3605000210,1961,0.087602332,2306.203147,
3605000143,1961,0.025438039,1095.037001,
3605000048,1961,22.4646404,30318.30669,
3405000053,1961,705.9523355,5486.223817,
3405000052,1961,43.50559507,18356.09598,
3405000034,1961,11.17415259,12409.8654,
3005000008,1961,0.479683871,3004.931852,
2705000001,1961,0.332940459,261.1720943,
2305550001,1961,0.202946422,2242.205849,
2305130003,1961,1.081736456,7474.090343,
2305130002,1961,0.48975731,4115.882357,
2305130001,1961,1.587359133,7700.886813,
1805000863,1961,4.534247587,16311.32644,
1105300081,1961,0.11102529,2770.708519,
1105200081,1961,0.099175324,3744.297939,
1105100081,1961,0.02872939,1394.887273,
6105009004,1962,2.054073915,3043.665016,
6105009003,1962,1.670382275,2878.159779,
6105009002,1962,2.007430007,1682.765491,
6105009001,1962,0.121208724,585.9766782,
6105008001,1962,12.18402458,25088.85091,
5905000024,1962,162.3590759,87920.7012,
5805000007,1962,0.057812336,445.6896144,
5705000049,1962,0.167969184,852.4552407,
5305000032,1962,0.027631178,900.7355401,
5305000031,1962,0.07231608,917.326859,
5205001011,1962,10.49416825,29967.20615,
5205000841,1962,41.27980504,43342.63878,
4905000077,1962,0.050339563,230.7038879,
4905000062,1962,0.049404547,1079.454507,
4805000015,1962,0.159532414,1822.250418,
4805000010,1962,0.155644651,1790.418667,
4805000009,1962,0.074586143,1019.452688,
4705000023,1962,1.242257423,4575.58228,
4705000003,1962,3.271671242,9944.491176,
4705000002,1962,3.986879556,8636.852596,
3805010067,1962,0.42624357,780.9624289,
3605000218,1962,0.342440976,2517.96027,
3605000209,1962,0.272252252,2302.211056,
3605000140,1962,10.18961932,19419.76459,
3605000093,1962,0.951244622,5475.855656,
3605000039,1962,0.548018179,2177.821341,
3405000073,1962,2.859482572,5420.225851,
3405000065,1962,3.05890833,2568.249187,
3405000033,1962,18.68964916,11161.72551,
3405000032,1962,32.50960778,16935.30775,
3105000001,1962,2.752185337,11550.52739,
3005000017,1962,0.037380992,791.5720554,
6005000043,1963,0.157765622,4270.3256,
6005000013,1963,0.17500935,1986.877999,
5505000058,1963,0.256749541,3635.112494,
5305000037,1963,0.175387331,2547.13968,
5305000036,1963,0.129677511,2532.435946,
5205001271,1963,39.78975391,60859.89597,
5105110001,1963,23.5034716,29017.13246,
5105080001,1963,7.983272502,16743.33264,
5105040001,1963,1.014370516,5166.853559,
4705000022,1963,0.387289329,2300.909579,
4705000021,1963,0.372513858,2138.564076,
4305000042,1963,0.043912438,1325.242816,
4305000039,1963,0.029117735,519.6570014,
3805010096,1963,6.901564111,9302.619371,
3805010035,1963,13.78918605,33920.4943,
3805010018,1963,0.431910067,7582.452885,
3605000120,1963,2.346756687,9191.969765,
3605000066,1963,0.236327419,2095.497691,
3405000117,1963,42.63388804,721.3574653,
2305530004,1963,0.025003421,578.1837025,
2305530001,1963,0.050331609,423.9846388,
1705100118,1963,2.524711176,4479.016756,
1105000055,1963,0.027529742,281.1705913,
6005000425,1964,0.309426653,885.0596355,
6005000421,1964,2.246366847,6859.218556,
6005000420,1964,1.595911159,9535.59754,
6005000200,1964,2.878750031,7036.659262,
6005000150,1964,14.19431964,19484.71872,
5905000036,1964,0.425197556,2809.864071,
5805000008,1964,0.331270727,2722.297098,
5705000039,1964,0.085655971,601.6148107,
5605470002,1964,2.563950312,8511.636191,
5605470001,1964,16.70019995,21723.01918,
5505000007,1964,1.346351175,3709.968037,
5505000004,1964,0.064305803,559.9199754,
5305000020,1964,0.817353124,2855.254903,
5205000903,1964,25.26702175,33896.27207,
5205000544,1964,52.62234293,67117.05688,
4805000003,1964,0.277159586,3223.961295,
4705000069,1964,0.214937416,2172.27352,
4705000068,1964,0.050424831,949.4702511,
4705000067,1964,0.076422485,413.12154,
4705000066,1964,0.766671593,5380.860438,
4705000052,1964,0.575479564,3898.999643,
4705000029,1964,15.91302516,23602.37975,
4705000017,1964,19.51382745,67324.38626,
4705000016,1964,0.472515456,3892.622687,
4705000015,1964,111.1556487,78414.43334,
4705000014,1964,0.531173635,3421.081682,
4705000013,1964,0.159812649,2286.315588,
4705000012,1964,3.84996897,14204.01584,
4705000011,1964,1.875739471,7482.756146,
4705000010,1964,3.544080069,12640.99419,
4705000009,1964,8.796923869,12163.38953,
4705000007,1964,2.000528113,6550.294684,
4705000006,1964,14.13760314,32153.6027,
4705000005,1964,14.86042985,35557.48697,
4705000004,1964,4.68469073,16811.92276,
4505000011,1964,0.604124975,5288.707929,
3905000037,1964,0.195087998,849.2783054,
3805020021,1964,0.081067227,325.7317046,
3805020019,1964,0.22813269,212.8864104,
3805020017,1964,0.104023702,198.883049,
3805010021,1964,3.008474523,5941.432661,
3805010020,1964,4.219826332,5282.482299,
3705000010,1964,2.248006765,2331.652242,
3605000006,1964,12.09324363,25994.22041,
3405000122,1964,0.805921389,3670.319454,
3405000121,1964,0.654558769,2122.92807,
3405000119,1964,2.51428728,8810.91246,
3405000118,1964,2.061328629,4582.911566,
3405000063,1964,22.37929638,25171.72321,
3405000057,1964,4.842782826,9570.656395,
2305490002,1964,0.069097884,1095.750783,
2305490001,1964,0.024985193,777.775263,
2305180002,1964,0.067940842,1487.832462,
2305100003,1964,0.252462345,3489.609686,
2305100002,1964,0.135471252,2746.013934,
2305100001,1964,0.654866836,3159.05193,
2305050002,1964,0.024403933,432.1108167,
2205000053,1964,1.044091175,17238.72607,
2205000051,1964,8.014664148,8264.566935,
2205000050,1964,3.278099651,2499.227209,
6005000630,1965,0.052654525,499.678231,
6005000300,1965,0.062531114,989.4112993,
6005000255,1965,0.787268673,1349.359588,
6005000090,1965,0.315710936,2762.809733,
6005000041,1965,0.059646843,2454.611684,
6005000040,1965,0.178525674,3271.576614,
6005000027,1965,0.038683549,833.0225636,
6005000025,1965,0.788914952,2559.98298,
5905000051,1965,0.393599721,2909.98794,
5805000017,1965,0.085609596,1921.512391,
5505000018,1965,1.161385054,6659.834435,
5305000007,1965,0.106408596,383.0139232,
5305000006,1965,0.04439713,679.1282181,
5205001281,1965,26.93053207,31207.13969,
5205000424,1965,0.258253931,3378.935438,
5205000423,1965,0.741744075,5974.975333,
5205000422,1965,21.46365806,23701.57272,
5205000421,1965,7.764050518,10823.38227,
4705000008,1965,15.91363679,32734.81655,
4705000001,1965,0.803396343,3692.604299,
4505000024,1965,0.06823751,1225.408651,
4305000061,1965,0.63771339,5015.255277,
4305000004,1965,0.094432921,1559.910562,
3805010028,1965,2.525250853,611.9731843,
3805010025,1965,1.80814473,5176.683921,
3705000061,1965,0.301497697,4933.841316,
3705000012,1965,8.86134305,18294.16928,
3605000091,1965,0.596492135,4871.404206,
3005000021,1965,1.134471192,5777.36849,
2305140001,1965,0.06938034,987.5529204,
1505000046,1965,0.057233497,312.2209895,
6005000540,1966,0.218222899,3464.112015,
5505000005,1966,0.056086507,1437.308586,
5305000033,1966,0.070066856,329.7549883,
5305000012,1966,0.057370676,649.1291091,
5305000011,1966,0.291774628,1354.635512,
5105660001,1966,32.83626795,34544.58148,
5105590250,1966,0.076188287,1710.48907,
5105130001,1966,23.6592293,34604.87595,
4905000058,1966,0.052355334,1444.698989,
4705000056,1966,0.398538984,3486.930921,
4705000032,1966,4.332376924,11946.40731,
4705000031,1966,22.2951846,23984.06363,
4705000026,1966,1.936563447,8986.997649,
4705000025,1966,1.684006919,6095.41718,
4505000027,1966,0.111968096,1431.432635,
4305000040,1966,3.116135527,9317.263782,
4305000020,1966,1.115996389,1137.424601,
3805020022,1966,4.341879081,3805.642206,
3605000098,1966,12.74003631,28522.23983,
3405000106,1966,0.189241432,7164.443609,
3405000095,1966,106.0088501,39966.89086,
3405000056,1966,152.4703922,40748.8267,
3405000050,1966,867.5286049,65292.48071,
1505000422,1966,0.404591814,4667.805418,
1505000285,1966,0.768576527,5253.679118,
6005000028,1967,0.080369952,2563.4991,
6005000024,1967,0.207767272,3921.042732,
6005000023,1967,0.076087941,1752.69306,
6005000022,1967,0.594263211,5325.518899,
6005000021,1967,0.430636286,3603.192808,
5905000035,1967,13.57895105,22580.72927,
5905000009,1967,47.6672963,53589.0049,
5905000004,1967,372.4071524,94906.39983,
5905000001,1967,7533.478676,582411.5818,
5205001201,1967,16.2092321,22716.43671,
5105950077,1967,0.104778743,1612.843646,
5105160001,1967,28.11919794,30238.86554,
5105070003,1967,4.437811378,10480.62297,
5105070002,1967,31.26643003,29227.23348,
5105070001,1967,35.37076286,37966.76777,
5105010001,1967,39.04858229,37373.41881,
4905000035,1967,0.169406686,3345.69544,
4705000091,1967,0.646086068,5581.389187,
4305000055,1967,0.061533088,2194.782393,
4305000054,1967,0.078781585,2412.126534,
4305000024,1967,0.067534374,2858.792007,
4305000023,1967,0.195793931,2688.299914,
3805010049,1967,0.030861284,771.0292268,
3605000044,1967,9.474232552,33304.48787,
3405000114,1967,176.3253296,342665.0784,
3405000102,1967,1.217202969,27836.62889,
3405000076,1967,75.1391723,31573.12422,
3005000108,1967,2.155676094,6892.096133,
3005000007,1967,0.341803982,1728.531735,
2705000019,1967,0.042768744,1608.95871,
2705000007,1967,0.057983233,1028.467106,
2305410001,1967,0.2141539,2050.015624,
2305110001,1967,1.475573343,5923.632794,
6005000430,1968,0.305224282,1397.141866,
6005000215,1968,5.237731511,12045.26513,
5905000015,1968,13.07860382,18732.27772,
5905000002,1968,0.891819512,3347.875941,
5705000066,1968,0.235568449,3328.435527,
5705000065,1968,0.087618806,1492.287146,
5705000064,1968,0.053603358,1006.657305,
5605030001,1968,41.17371446,58985.87951,
5605030001,1968,41.17371446,58985.87951,
5205010371,1968,1.346924713,5491.039783,
5205001351,1968,1.275000617,5398.641654,
5205001341,1968,3.094325711,7249.611998,
5205001331,1968,0.584640417,3918.240628,
5205001211,1968,16.3707807,22670.28132,
5105260006,1968,65.4104816,61401.5123,
5105260005,1968,26.5919717,28629.5359,
5105260004,1968,17.65016528,23708.61059,
5105260003,1968,3.844582916,11103.6455,
5105260002,1968,1.36263761,6569.560007,
5105260001,1968,69.63606505,56021.62882,
5105060001,1968,17.87754611,29072.86516,
4705000152,1968,0.381816409,2676.417851,
4705000151,1968,0.471517752,4134.588471,
4705000150,1968,0.447486543,3122.570357,
4705000149,1968,0.467356264,2090.2187,
4705000148,1968,0.189780536,2108.130276,
4705000147,1968,1.334364772,6898.643712,
4705000146,1968,0.441278589,2838.366819,
4705000055,1968,5.677346468,6656.015772,
4705000054,1968,1.837691235,4377.351433,
3905000035,1968,1.404600573,8370.933046,
3805010031,1968,24.97686964,29367.05754,
3605000022,1968,20.63999599,22946.55619,
3405000051,1968,54.5581827,40566.24345,
3005000009,1968,0.253552216,2583.706512,
2305420001,1968,0.098047631,1891.401318,
1405000063,1968,0.3385084,2131.507683,
6005000625,1969,0.02553541,696.1530184,
6005000499,1969,0.056109057,734.2660602,
6005000497,1969,0.040729929,233.8930643,
6005000495,1969,0.038518518,434.753741,
6005000479,1969,0.498842049,239.5570471,
6005000477,1969,0.108880726,866.7519038,
5505000019,1969,0.104660128,1081.92748,
5305000030,1969,0.495140992,5219.366601,
5305000029,1969,0.911851465,5962.260507,
5105950071,1969,0.417062438,3685.001348,
5105590225,1969,0.08233234,1733.797647,
5105590220,1969,0.045002244,971.5310244,
4705000166,1969,0.265322338,2687.79243,
4705000156,1969,0.226267481,4472.053568,
4705000128,1969,0.765462257,4601.420619,
4705000127,1969,0.64414231,2820.248817,
4705000126,1969,0.360125479,3773.660591,
4705000125,1969,1.027282257,4960.412451,
4705000124,1969,0.461420105,3714.217888,
4705000123,1969,0.629464498,5572.0711,
4705000122,1969,0.13699964,2312.824072,
4705000048,1969,0.943174873,4599.994697,
4305000051,1969,0.964627391,4437.644641,
3405000115,1969,7.888281329,607.0786347,
2305270002,1969,0.053748938,477.8728193,
2305270001,1969,0.113675751,822.9577721,
2205000077,1969,0.029528588,483.837571,
2205000076,1969,0.033694102,476.323095,
2205000075,1969,0.030089123,348.4533109,
2205000074,1969,0.03343135,308.1985595,
2205000071,1969,0.03749221,567.1211562,
2205000066,1969,2.004820103,2213.163551,
2205000065,1969,1.185891982,1302.63462,
2205000064,1969,1.202961376,1617.408174,
2205000063,1969,0.530645537,1167.836921,
2205000062,1969,0.137384471,260.917857,
2205000061,1969,0.128653741,1390.29969,
2205000060,1969,0.043526581,494.5147786,
2205000059,1969,0.129924349,1666.760329,
2205000058,1969,0.034135405,908.9283765,
2205000003,1969,25.32700336,4121.805364,
1805000535,1969,0.05713608,1716.459815,
1805000010,1969,0.082799925,968.4002783,
1805000009,1969,0.100969281,1238.27413,
1505000071,1969,0.039753541,878.1594624,
1305000004,1969,0.074438316,2061.525035,
6005000015,1970,0.065440843,596.1698055,
6005000002,1970,0.028396878,621.4347426,
5805000003,1970,1.013499827,6148.115832,
5105550003,1970,0.620857139,3986.034439,
5105550002,1970,1.170719845,5218.570157,
5105550001,1970,4.023897145,18674.43352,
5105140001,1970,14.2692093,18745.35119,
4905000023,1970,0.038555281,211.8839003,
4905000019,1970,0.072575114,716.1605674,
4705000094,1970,7.818306878,4703.170142,
4705000018,1970,0.31436152,1684.27203,
3905110001,1970,0.68215172,9447.970616,
3605000095,1970,0.541160937,2924.508571,
3605000008,1970,1.266558876,9355.683814,
3405000072,1970,1.662835848,6294.842426,
3005000016,1970,0.865367469,3173.968152,
6005000210,1971,0.991151684,3959.53663,
6005000155,1971,0.320389691,642.3318417,
6005000079,1971,0.391593527,1549.134999,
6005000029,1971,0.322762515,1489.093367,
5205001151,1971,58.06308765,66507.74836,
5205000313,1971,0.213540225,3074.66788,
5205000312,1971,0.087567619,1070.893798,
5205000311,1971,0.149548326,929.4254596,
5105190002,1971,10.72183374,20725.15088,
5105190001,1971,19.74675734,25357.05488,
4705000093,1971,7.00278142,15603.81157,
4705000090,1971,3.465700438,16240.23499,
4605000001,1971,0.140221757,616.9345394,
4505000006,1971,0.448428091,1764.346157,
4305000003,1971,0.030819625,627.093878,
3905000034,1971,7.536554869,13265.95269,
3905000016,1971,0.860073792,5521.717042,
3905000006,1971,9.620969904,13887.98909,
3805020015,1971,15.04153984,12286.10449,
3605000129,1971,15.49718954,19566.80681,
3405000020,1971,4.031061724,8833.52182,
2305220001,1971,0.300669517,3376.374434,
2305040001,1971,1.572807324,5415.564551,
1805000724,1971,0.099024757,707.1496627,
1505000045,1971,0.070624184,646.8970593,
6005000585,1972,0.123799582,1681.861643,
6005000005,1972,0.044624691,1406.022719,
5705000042,1972,0.721010118,3912.627679,
5305000019,1972,0.25409015,3154.059334,
5205001191,1972,4.676431321,10329.78977,
4905000017,1972,0.120862705,1628.135183,
4905000015,1972,0.053298102,1410.353312,
4805000008,1972,0.125083034,1959.558182,
4705000061,1972,2.685373571,9678.494224,
3805010023,1972,15.86211585,16067.89464,
3605000146,1972,32.08879011,31176.18127,
3605000141,1972,15.35451928,19889.3621,
2405000013,1972,0.281729555,2348.221961,
2405000012,1972,0.843467185,4537.337271,
2205000029,1972,0.129527994,1748.989859,
2205000028,1972,0.060820843,1123.31316,
2205000008,1972,0.214499069,9235.813504,
2205000007,1972,0.89596647,8085.474607,
2205000006,1972,3.751210639,10954.85759,
1705000268,1972,0.145925049,2757.107642,
1505000935,1972,1.000547098,2904.002359,
1505000042,1972,0.02411892,834.1417016,
5105090001,1973,1.84692741,8218.454172,
4305000037,1973,0.029400585,876.1510136,
4305000035,1973,0.214342002,2958.979243,
4305000033,1973,0.354110099,3207.770232,
3805030008,1973,9.903148592,12789.44834,
3405000035,1973,36.85524985,32587.07079,
3405000031,1973,27.3208053,32779.37329,
2405000026,1973,0.534612185,1361.598258,
2305560002,1973,0.033331392,1003.711328,
2305560001,1973,0.058346536,328.8312686,
2205000055,1973,0.073715901,459.5454278,
2205000054,1973,0.679456889,702.1766401,
2205000052,1973,0.057658989,1373.774894,
2205000037,1973,0.040229754,709.4169979,
2205000033,1973,0.025758118,695.3969585,
2205000021,1973,0.051529681,545.9810534,
2205000013,1973,0.917149131,1183.245074,
2205000012,1973,0.297138613,1833.520115,
2205000011,1973,0.480305141,203.3387451,
1805000559,1973,0.369113846,1911.805022,
1805000507,1973,0.654881771,2463.12201,
1505000852,1973,0.079359772,1101.70916,
1505000057,1973,0.275551242,1750.673167,
6005000320,1974,0.126044132,372.9524638,
4505000017,1974,0.067603211,3452.729541,
4505000016,1974,0.04218934,2082.904418,
4505000013,1974,0.084683074,265.4423997,
3905000040,1974,79.03742576,74979.03265,
3805010088,1974,0.287768629,952.7258004,
3805010087,1974,1.221231224,1045.48105,
2305020004,1974,0.304924803,3413.489014,
2305020003,1974,0.08387017,1228.09776,
2305020002,1974,0.260193331,1731.398352,
1805000508,1974,0.217805956,1841.128223,
6005000065,1975,0.203319164,1968.79935,
5105780003,1975,0.105577457,2497.247196,
5105780002,1975,0.405590244,3839.164049,
5105780001,1975,1.521975914,10212.3857,
5105590100,1975,21.80355296,33101.87085,
5105240001,1975,1.357337927,6865.6916,
4705000153,1975,0.244962798,1678.307924,
4705000096,1975,0.054720952,774.6458118,
4305000050,1975,0.400181265,687.6928187,
2705000022,1975,0.035852261,821.2841142,
2705000020,1975,0.052318017,340.30515,
5905000020,1976,45.5285015,33236.6322,
5705000026,1976,0.528353308,5128.966179,
5205002131,1976,50.77934557,59191.12273,
5205002130,1976,11.79572426,31070.11762,
5205000923,1976,83.57671697,64186.16098,
5205000302,1976,0.41714358,2135.934088,
5205000301,1976,1.70756387,2708.209063,
5105050001,1976,3.141853492,13374.94008,
3905000015,1976,32.28100078,29493.18519,
2305470001,1976,0.203696102,4810.827576,
2305120002,1976,4.015715316,16742.27808,
2305120001,1976,2.745047231,13799.95279,
1105000072,1976,0.074198927,549.1057345,
6005000190,1977,0.123496341,516.5057842,
5805000005,1977,1.376641818,5254.438349,
5805000004,1977,1.264580022,9566.616059,
5305000002,1977,7.612855279,19606.65806,
5305000001,1977,32.04806426,19320.54936,
5205000741,1977,18.36302063,31741.66848,
5105210001,1977,16.16512333,33095.09141,
5105050002,1977,0.04141674,406.6525604,
4305000046,1977,0.066454941,1549.796606,
3905000021,1977,0.6924217,5121.52655,
3805010030,1977,0.123859539,1808.157493,
2405000007,1977,0.330668424,728.832361,
2305500001,1977,0.262158839,1963.076082,
2305500001,1977,0.262158839,1963.076082,
2305440001,1977,2.55833942,8991.304707,
1805000534,1977,0.340521193,3775.275702,
5905000023,1978,163.9288781,118049.9554,
5705000021,1978,0.17252122,1766.771528,
4705000137,1978,0.084458245,1290.558333,
4505000021,1978,2.554748656,10042.95132,
4505000015,1978,0.121054144,1830.728389,
3805020006,1978,1.031489993,2362.273499,
3805010043,1978,0.0838018,666.1566029,
3805010042,1978,0.057235066,689.844192,
3605000045,1978,13.38114819,28013.9533,
2205000032,1978,13.91326346,17999.87708,
2205000031,1978,0.126985674,2153.704736,
2205000010,1978,0.406988761,425.293384,
1805000836,1978,0.046663273,385.8395088,
5505000013,1979,0.276091178,2237.999207,
5505000012,1979,0.183739201,2234.342866,
5105920005,1979,0.758865676,1092.752112,
5105120001,1979,16.98818496,20819.56606,
4905000031,1979,0.890573468,11843.58869,
4905000030,1979,0.849930732,8122.08357,
4905000029,1979,0.623304747,8581.12743,
4305000052,1979,0.028147158,1078.558805,
3805030012,1979,0.632250652,5041.960241,
3805010002,1979,0.808707904,3418.683967,
3805010001,1979,0.195851562,3218.75383,
2205000024,1979,0.063386695,1177.162417,
1805500528,1979,0.031498158,227.1463856,
1805000546,1979,0.11493936,1416.841403,
1305000617,1979,0.530282842,3527.683448,
5805003001,1980,1.11805817,5031.45398,
5805003001,1980,1.11805817,5031.45398,
5805000020,1980,1.127810264,5799.370882,
5505000014,1980,0.336574705,2986.681819,
5105700001,1980,2.349996662,7512.679356,
5105630002,1980,3.210909398,1122.83785,
4705000138,1980,0.111207933,566.182124,
3605000099,1980,1.229249331,7093.870705,
2205000056,1980,2.424266249,2477.999355,
2205000027,1980,2.370402651,3441.664564,
2205000026,1980,0.620492811,2831.560026,
1805000858,1980,0.072565023,785.1671849,
1805000835,1980,0.238189618,356.2527537,
5305000042,1981,0.561329826,3838.813173,
4705000028,1981,0.653728311,3753.872813,
4705000027,1981,1.761088305,6302.403015,
3905000004,1981,0.266144837,2777.619756,
3805010080,1981,1.522890031,975.8184519,
3605000046,1981,41.91801829,30766.10128,
3105000002,1981,42.87920464,67953.64989,
2405000029,1981,0.03537594,733.3020316,
2405000028,1981,0.106237963,928.4318187,
2405000022,1981,0.042121823,346.9814048,
2305400001,1981,0.435719706,5239.623223,
5805000019,1982,1.437068868,3589.081002,
5605810001,1982,5.148061081,11599.85435,
5205001221,1982,5.318392698,23678.56015,
5105920004,1982,0.08325658,1897.189669,
5105920003,1982,6.415854802,20611.98087,
5105920002,1982,1.755265584,11022.01366,
5105920001,1982,1.268622036,8769.865301,
5105230002,1982,0.048881337,470.0986653,
5105230002,1982,0.048881337,470.0986653,
5105230001,1982,0.076405949,1208.924426,
4905000064,1982,0.053500186,566.3228461,
3105000005,1982,1.858924496,8688.807842,
3105000003,1982,64.57630443,48316.74341,
2405000003,1982,0.054972056,430.8634258,
2305350001,1982,0.472999962,2115.517978,
2205000039,1982,0.534489927,1273.058883,
2205000038,1982,2.22473925,3653.348878,
1705000172,1982,0.129500654,1092.917958,
6105001001,1983,0.224032893,2293.094465,
5705000017,1983,0.580732573,5960.76124,
5105100001,1983,4.024570973,4563.639374,
5105100001,1983,4.024570973,4563.639374,
4305000047,1983,0.037805489,948.5896183,
3805020027,1983,0.834104129,2814.348498,
3805020026,1983,0.383200374,1676.242346,
3805010089,1983,0.865912613,3150.234746,
3305000005,1983,2.154059234,7164.891155,
2205000030,1983,1.855426366,7349.63138,
1805001368,1983,0.087820425,1529.421835,
1705000109,1983,0.424314584,856.563121,
6005000505,1984,0.336406851,3013.560924,
5105630001,1984,0.994679282,425.8836076,
5105030001,1984,0.38319681,2796.72658,
4305000022,1984,0.189099351,1163.619238,
3805020009,1984,5.484691913,10839.54581,
3805020008,1984,0.352944117,2185.950476,
3805010063,1984,0.127513471,162.4734435,
3805010058,1984,0.033143936,245.8714803,
3805010057,1984,0.05245428,205.5616045,
3005000014,1984,20.13372995,18867.41234,
3005000013,1984,1.474644107,2942.266898,
3005000012,1984,2.045944555,7503.238226,
2305150004,1984,0.062363868,1086.251287,
2305150002,1984,0.044648275,1087.131853,
2305150001,1984,0.07433386,1899.195932,
6005000465,1985,1.114376522,22.24048741,
5805000029,1985,1.954335695,12366.97158,
5705000015,1985,0.457869063,5554.404126,
5605280001,1985,19.14668386,22854.28578,
4905000057,1985,0.035122175,1145.362612,
4805000006,1985,0.227544085,1532.829789,
4705000024,1985,0.041447166,620.4376435,
4305000049,1985,0.057685197,690.6989271,
3605000020,1985,3.220210756,5738.755392,
2205000036,1985,1.157631116,794.9716745,
1905031045,1985,0.656821226,3240.440247,
1805000720,1985,0.057890089,691.1641804,
1805000719,1985,0.114300051,1409.241333,
1405000036,1985,0.175837834,1487.48875,
6005000100,1986,0.708898488,4354.56379,
3705000022,1986,4.836121853,9719.649461,
2405000020,1986,0.49824201,7153.036681,
2305330002,1986,3.16766007,3367.143164,
2305330001,1986,6.998914976,25384.05988,
2205000035,1986,4.514866558,3119.51312,
1805000503,1986,0.042094725,1506.044109,
1805000007,1986,0.038797777,577.2558094,
6105005002,1987,0.032556742,753.4637653,
6105005001,1987,0.098274769,2295.909439,
5805000014,1987,0.09890584,1982.756835,
5705000038,1987,0.63097016,4245.200813,
5705000001,1987,1.7452183,115.1083333,
4905000041,1987,0.183009804,3184.934377,
4905000005,1987,0.05498108,723.363453,
4705000035,1987,0.923805586,4184.132027,
4705000034,1987,4.714517347,11744.63809,
4705000033,1987,36.97491745,41145.83141,
3105000004,1987,37.40940522,35484.5065,
1505000946,1987,0.280429902,1921.511732,
5105800003,1988,1.308672979,6572.26543,
5105800002,1988,2.067314282,9847.506797,
5105800001,1988,0.132725668,2146.555241,
5105020001,1988,0.701649235,5948.9685,
4705000154,1988,0.741722074,2468.429062,
4705000134,1988,1.719569529,3718.885462,
4505000009,1988,0.312833174,2945.40292,
4505000007,1988,0.246565779,2006.313357,
4005000004,1988,11.21687912,14821.23285,
4005000004,1988,11.21687912,14821.23285,
3305000020,1988,0.630245159,1805.245483,
1505000242,1988,0.027080955,1517.775993,
1505000058,1988,0.28730518,5715.711649,
5705000009,1989,1.35125154,5764.593389,
5505000008,1989,0.587728131,2564.060089,
4605000005,1989,0.068520942,1237.880162,
5705000016,1990,0.044454878,2049.549314,
5505000043,1990,8.138072101,15273.12064,
5305000046,1990,0.386230923,1768.920409,
5305000045,1990,1.258938253,539.3550364,
5305000044,1990,0.466401369,1948.0981,
5305000043,1990,0.292124003,1822.392978,
4705000053,1990,1.011809606,9694.273576,
2205000057,1990,0.581495076,3424.916158,
2205000042,1990,0.037252537,368.6528035,
2205000041,1990,0.332095838,2475.367373,
1805001314,1990,0.19664729,1146.655843,
5805000021,1991,0.147214504,2296.415153,
5705000036,1991,0.071572195,1346.135061,
5705000034,1991,0.038755063,879.3218876,
5705000033,1991,0.076116169,1201.370217,
5705000032,1991,0.036027596,1536.930487,
5705000031,1991,0.204958135,3612.977945,
5705000030,1991,0.089122505,1621.507253,
5705000029,1991,0.193306344,2143.576409,
5705000003,1991,0.669826157,6303.636684,
5105300001,1991,9.29601722,14851.4218,
4705000135,1991,0.515106986,3062.966269,
4205000005,1991,0.07577103,1273.171769,
4205000004,1991,0.255400969,2587.223077,
3405000001,1991,56.04248691,45259.39849,
3305000013,1991,0.123887774,1287.807186,
5505000020,1992,1.494343372,7470.428832,
4705000118,1992,0.075120952,479.7572276,
2405000021,1992,3.443510035,7290.183075,
2305540001,1992,0.887364334,11026.49008,
1805100568,1992,0.18351081,712.2748178,
1805000023,1992,0.097823711,226.9092116,
6105004001,1993,0.073107575,540.5158122,
5105150001,1993,0.055021142,1090.046051,
4705000164,1993,29.18785862,20101.93266,
4705000073,1993,1.301290158,5130.533272,
1805200568,1993,31.09008649,19109.91558,
5805000015,1994,3.426963943,7007.456706,
4705000117,1994,0.201678637,380.9152541,
4605000007,1994,0.634625838,4038.296665,
3905100003,1994,1.037823175,5351.418392,
3905100002,1994,0.083229523,217.1014284,
3905100001,1994,16.47918354,26991.43702,
2305200001,1994,2.099436946,13009.78936,
1805000022,1994,0.121579357,977.7197752,
5805000011,1995,10.55327151,10501.65452,
5805000010,1995,35.0210516,21386.27683,
5805000009,1995,6.819486373,14236.55785,
5705000011,1995,0.763328545,4697.208672,
5505000024,1995,59.23405758,29981.46474,
5105890001,1995,0.762337609,4648.766224,
5105550005,1995,0.260499238,2471.947683,
4705000155,1995,0.09381811,1900.099585,
4705000140,1995,0.109398857,2738.711077,
4605000002,1995,0.259986893,1407.188242,
4205000006,1995,1.063485868,6415.465204,
3805010015,1995,16.91146398,35166.27637,
3405000017,1995,207.9102694,50032.8916,
