systemId,Levee_year,length_km_wrong,areaSquare_km2
1105000028,1973,7.304056274,0.00420907
4305000003,1971,0.743785515,0.079822476
1105000077,1969,0.284266149,0.013917275
1105200078,1960,1.06905634,0.004811884
1105000060,1963,3.983313579,0.013896313
4305000004,1965,0.684145007,0.244580146
4305000007,1956,1.47260901,0.123986261
4305000014,1950,0.65007889,0.818863845
4305000015,1950,1.647986179,1.9158466
4305000016,1950,11.23930758,4.222126867
4305000017,1958,16.73011898,0.08561753
4305000018,1958,2.142665381,0.052502317
4305000019,1960,12.72704413,0.105614716
1105100066,1955,53.00696216,0.154890149
4305000020,1966,13.97453211,2.890417559
1105100038,1950,10.85260706,0.024917227
1105200038,1950,26.30314976,0.00612299
4305000022,1984,26.88555042,0.489763391
1105000045,1960,4.808408606,0.003343254
4305000023,1967,3.861873318,0.507103941
4305000024,1967,3.217049322,0.174913261
1105000051,1965,2.104874556,0.004699432
4305000027,1948,17.21805229,0.487792724
4305000030,1960,2.532537791,0.145200266
4305000031,1960,4.560072606,0.044230453
4305000032,1958,0.63951763,0.810266126
4305000033,1973,8.999281274,0.917140893
4305000035,1973,7.121174861,0.555143144
4305000034,1961,0.697518114,0.26800441
4305000036,1958,6.197384355,0.103437857
4305000037,1973,2.333769664,0.076147174
4305000038,1958,4.529534066,0.044655187
4305000039,1963,55.15093406,0.075414035
4305000040,1966,1.185762574,8.070756342
4305000041,1951,2.589966526,0.10241796
4305000042,1963,1.250257022,0.113732686
4505000019,1961,15.66356897,0.018226112
4505000020,1961,8.264090505,0.04418616
4305000043,1976,6.975341534,0.031942948
4305000044,1963,4.225529955,0.053530801
4305000046,1977,5.271129233,0.172117534
4305000047,1983,1.868472225,0.097915757
4305000048,1983,4.022540282,0.025011488
4305000049,1985,1.533787642,0.149403972
4305000049,1985,9.794985222,0.149403972
4305000050,1975,72.86194393,1.036464536
1105000067,1976,4.550366873,0.058489425
1105000072,1976,7.990860591,0.192174498
1105000015,1948,6.971125826,0.03302431
4305000051,1969,3.277739089,2.498373548
4305000051,1969,1.023328011,2.498373548
4305000052,1979,6.787352527,0.0729008
4305000054,1967,1.328808644,0.204043324
4305000055,1967,3.53239357,0.159369994
1105000068,1965,1.907843325,0.064126751
4305000058,1993,0.727874367,0.039595819
4305000059,1993,1.406608548,0.036058648
1105000055,1963,1.33575225,0.071301695
1105000019,1960,3.019983497,0.002592047
4305000061,1965,3.69590232,1.651669998
1105300080,1960,2.329681755,0.002135068
4505000037,1960,1.272729632,0.02366188
4505000001,1960,4.35274075,0.201915608
4505000002,1960,11.10622907,0.016325722
4505000003,1960,2.741837468,0.044643563
4505000004,1960,4.35688198,0.010339432
2305150001,1984,3.843400501,0.192523815
2305150003,1984,23.3758057,0.011156604
4805000001,1960,3.420598121,0.315222597
1305000136,1960,6.968615559,0.13268664
1305000345,1959,6.005989409,0.212620449
4505000005,1989,5.336673341,0.026229017
2305150002,1984,2.358168172,0.115638486
2305150004,1984,1.843755475,0.161521657
2305370001,1949,1.387650603,0.493606287
2305540001,1992,1.073593982,2.298180689
2305040001,1971,16.30842166,4.073551251
2305040001,1971,2.278017989,4.073551251
4505000006,1971,0.381988902,1.161424694
4805000003,1964,21.49586804,0.717841369
2305020001,1959,0.995562806,0.897054713
2305180001,1964,11.48867855,0.047175198
2305020002,1974,4.426868384,0.673897736
5.00005E+11,1976,0.128201385,0.114867523
5.00005E+11,1976,22.79421351,0.114867523
2305350001,1982,0.224270036,1.225063973
4805000004,1952,2.11520171,0.033034375
2305600003,1954,1.226583948,0.033574319
2305600004,1954,3.238233907,0.21406104
4805000005,1954,1.297617098,0.102881292
2305290002,1964,4.358334747,0.044071814
2305020003,1974,1.031662383,0.217222741
2305100001,1964,1.926991901,1.696097316
2305400001,1981,4.024662358,1.128508825
4805000006,1985,5.607647699,0.589336563
2305410001,1967,6.792839669,0.560840754
2305050001,1964,1.684642416,0.034521659
4805000008,1972,0.586467533,0.323963571
2305160001,1951,2.84181914,0.047888942
4805000009,1962,24.91576926,0.19317725
4805000010,1962,2.132562665,0.403117751
4505000008,1988,1.898216993,0.014465734
4505000009,1988,1.355583517,0.810234069
4505000010,1988,9.148342975,0.119354684
4505000007,1988,0.70112522,0.638602669
2305110001,1967,3.831883639,3.82171749
2305130001,1961,1.829856007,4.111241261
1205000023,1960,2.561342589,0.222871045
2305420001,1968,0.862301587,0.253942146
2305140001,1965,5.764735235,0.179694384
2305430001,1959,1.576273446,0.122532929
2305430002,1959,1.055991732,0.020757906
2305440001,1977,17.8627602,6.62606822
4505000011,1964,2.898723101,1.564667232
4505000013,1974,2.330881873,0.219328464
4505000014,1952,1.416837015,0.082465554
1205000092,1952,6.454995705,0.004902012
2305520001,1971,3.959043082,0.009071542
1305000004,1969,4.779193212,0.19301144
2305470001,1976,0.947386122,0.527570878
2305020004,1974,1.720394585,0.789751636
2305490002,1964,2.743486563,0.178962634
2305490001,1964,10.20890286,0.064711372
1305000581,1964,1.636098473,0.004628992
2305130002,1961,3.707949798,1.26846541
1205000032,1960,1.145852497,0.284168356
4805000002,1968,3.983101432,0.029898098
2305330001,1986,1.406588047,18.12711293
4505000015,1978,0.785069354,0.313529177
2305180002,1964,11.22078555,0.175965874
5.00005E+11,1971,2.15874631,0.470838258
2305520003,1971,6.259448468,0.04048091
2305500001,1977,1.237890878,0.678986672
2305500001,1977,1.237890878,0.678986672
1205000104,1948,2.30153444,0.010683116
2305190001,1948,15.95165421,0.241766743
2305200001,1994,7.090352549,5.437518751
2305530001,1963,0.464334042,0.130358308
2305530002,1963,2.3813098,0.017789166
2305530003,1963,0.793489346,0.118298312
2305530004,1963,1.72388015,0.064758573
2305530006,1963,0.52337646,0.009289294
2305530005,1963,1.766197664,0.06840454
4505000016,1974,17.45686252,0.109269849
4505000017,1974,9.467017876,0.175091558
4505000018,1974,1.700437039,0.045286428
2305220001,1971,41.41065892,0.778730379
4605000001,1971,1.317570384,0.36317267
1105100081,1961,5.972548018,0.07440875
1105200081,1961,8.334081256,0.25686292
1105300081,1961,2.460376331,0.287554177
4505000032,1961,10.21908245,0.285607691
4505000030,1961,2.151730486,0.765235516
4505000031,1961,3.314834158,0.045700708
4505000029,1961,9.202798148,0.029461646
4505000034,1961,1.819891003,0.263206415
4505000033,1961,3.034137907,0.425805897
2305010001,1950,2.591808583,0.240828781
2305080001,1948,0.851299181,1.993315018
2305120001,1976,0.905243087,7.109638241
2305170002,1955,6.908432215,0.174023495
2305170003,1955,5.133076618,0.061015226
2305320001,1950,6.978741762,9.413677175
2305170001,1955,3.240032948,1.647519359
2305320002,1955,9.435196512,5.353194144
2305550001,1961,0.71087491,0.525628893
2305550002,1961,7.273190655,0.041920087
1205000048,1964,2.310837726,0.015590935
2305560001,1973,4.453147607,0.15111676
2305560002,1973,6.163032872,0.086327871
4505000028,1958,0.246044801,0.211406099
2305330002,1986,1.826529637,0.762195275
2305380001,1954,26.30967043,0.056732364
4505000027,1966,2.582906721,0.289995684
4505000021,1978,13.6917615,6.616770747
4605000002,1995,1.661077206,0.673362948
4605000007,1994,3.456910847,1.643673429
2305100002,1964,6.814086044,0.350868928
1205000103,1948,1.365112258,0.005094457
4505000022,1971,5.574199476,0.03069917
4505000023,1971,3.176459264,0.043069778
4505000024,1965,9.700026484,0.176734384
4505000025,1976,33.38352769,0.00565109
4505000026,1976,2.896634864,0.004675755
2305570001,1949,22.51297644,0.133002846
4605000005,1989,2.808938468,0.177468402
2305010002,1950,2.51316046,0.223731751
2305080002,1948,29.15698446,0.042898402
2305120002,1976,2.919224641,10.40065527
2305270001,1969,9.219357943,0.29441904
2305270002,1969,7.398366377,0.139209131
2305320003,1952,1.728696278,1.191560278
2305170004,1955,3.52111604,0.569233549
2305170005,1955,2.815684661,0.436982358
4805000015,1962,2.91698067,0.413187082
2305280001,1951,1.851719157,3.683399245
2305380003,1954,2.50468766,0.082907111
2305580001,1954,1.359744064,0.851432218
1305000617,1979,1.119258219,1.398877864
1205000211,1950,3.122988275,0.171835894
1205000245,1960,11.59179769,0.027885383
2305130003,1961,0.244426664,2.801684602
2305380002,1954,25.18584338,0.019711479
4805000016,1960,11.78880657,0.252913738
2305050002,1964,12.7372735,0.06320588
2305100003,1964,1.318904134,0.653874488
2305160002,1951,7.028793547,0.033369774
2305170006,1955,1.950021222,1.985919161
2305310001,1948,15.73993771,0.53366404
2305330003,1987,21.29911618,8.767153685
2305340005,1951,0.792440038,0.155163902
2305340003,1951,1.134006156,0.215458404
2305340001,1951,7.775315229,0.38880104
2305340002,1951,18.42085803,0.08347961
2305340007,1951,6.728054774,0.200047158
2305340008,1951,5.977473118,0.115996926
2305340006,1951,13.65910471,0.183950911
2305340004,1951,19.08210519,0.157219055
1405000063,1968,3.626393856,0.630377034
3405000107,1958,8.228307048,52.84338295
3405000057,1964,3.78976389,12.54275329
6105001001,1983,4.50946455,0.580245755
3405000039,1955,2.391267594,201.3122743
3405000095,1966,2.708250573,274.5608529
3405000007,1952,1.615853425,172.5963209
3405000006,1952,2.243266224,140.7291153
3405000016,1952,1.774784613,393.5308018
3405000015,1951,2.694734706,576.6784355
3405000014,1952,0.569126147,784.8882041
5905000015,1968,0.409619947,33.87342521
5905000002,1968,3.242385343,2.309803313
3405000017,1995,0.30180243,538.4849888
3405000108,1969,0.617754625,1.959194734
3405000041,1955,10.46618829,374.1201425
3405000042,1956,3.591866756,83.01473729
3405000020,1971,2.360459104,10.44040686
3405000036,1956,2.464064537,20.72831482
3405000050,1966,5.408600098,2247.422883
3405000051,1968,1.289421473,141.3045605
3405000076,1967,4.335130912,194.608097
3405000102,1967,10.11165653,3.152549671
3405000053,1961,2.937085486,1828.408121
3405000106,1966,21.23471776,0.490133089
3405000030,1957,1.622264291,7.579133182
3405000032,1962,14.52656369,84.19962948
3405000033,1962,33.24232678,48.40597689
3405000034,1961,1.005520282,28.94096363
3405000035,1973,10.00036866,95.45468496
3405000031,1973,5.71250315,70.76076936
3405000044,1953,4.27495052,23.9665781
3405000045,1953,1.94917746,23.38745049
3405000038,1956,4.637543319,271.1152663
3.90005E+11,1974,2.174053846,29.96649957
5405000002,1950,1.726239458,9.772757087
4105000002,1957,12.04889751,0.250518414
3405000063,1964,2.206222552,57.9620847
3405000043,1956,1.263836489,100.7012436
6105009001,1962,0.96345249,0.313929098
6105009002,1962,0.326689357,5.199209472
6105009003,1962,0.650972349,4.326254589
6105009004,1962,1.162045291,5.320030483
6105011001,1959,3.649066437,6.041513424
6105005003,1987,15.545032,0.021870952
6105005002,1987,10.00170269,0.084321538
6105005001,1987,6.091210904,0.254530471
6105004001,1993,7.859478578,0.189347775
1405000036,1985,3.005568149,0.455417871
3405000121,1964,5.105829993,1.695297582
3405000122,1964,1.827765484,2.087330545
3405000115,1969,9.699399086,20.4305587
3405000117,1963,3.060404684,110.4212577
3405000114,1967,2.586435718,456.6804797
3405000072,1970,2.295879764,4.306873698
3405000065,1962,5.939113401,7.922534574
3405000073,1962,34.29713264,7.405978497
3405000118,1964,1.459613096,5.33881505
3405000119,1964,4.362116927,6.511972394
3405000047,1959,3.36938572,540.7138043
3405000046,1957,0.541427612,449.519935
3405000001,1991,1.54457909,145.1497795
3405000010,1995,1.360035971,474.4919701
3405000052,1961,8.210280063,112.6789657
3405000055,1960,1.43704179,423.2030393
3405000056,1966,2.114760111,394.8964991
3405000037,1959,4.748395422,428.4055029
6105008001,1962,13.34794414,31.55644383
3405000064,1959,12.48351182,35.24232023
2705000001,1961,5.648372649,0.862312089
2705000002,1961,2.328262981,0.010380548
2405000001,1986,0.847726437,0.210474975
3.40005E+11,1986,10.28818537,0.032727532
3.40005E+11,1986,7.979896195,0.033322736
2405000014,1950,3.907659154,0.952856906
2405000014,1950,0.881641356,0.952856906
2405000014,1950,1.479994215,0.952856906
2405000015,1950,14.13693524,0.017358956
2405000003,1982,1.084092521,0.142377015
2405000004,1949,1.392601543,0.269339595
2405000031,1949,4.017396871,0.094826646
2405000005,1949,1.832656494,0.120469749
2405000006,1977,0.57327174,0.01419072
2405000006,1977,1.59700617,0.01419072
2405000007,1977,2.590890922,0.856423345
1205000258,1986,6.805330335,0.058450703
3.40005E+11,1986,1.130665237,0.686453105
2405000008,1948,1.445397091,0.163468875
2405000030,1958,2.062210082,0.06960477
2405000009,1986,3.257685944,0.087982739
2405000010,1989,13.30694925,0.047702604
3.40005E+11,1987,1.10543672,0.952979761
3.40005E+11,1987,13.21959303,0.952979761
3.40005E+11,1987,3.163760472,0.952979761
3.40005E+11,1987,0.443716093,0.952979761
3.40005E+11,1987,0.380611742,0.952979761
2405000011,1985,1.363751962,0.033338955
2705000019,1967,1.126901102,0.110771105
2705000007,1967,4.623704704,0.150175884
2405000024,1958,7.183122709,0.536096711
2405000025,1958,15.26696639,0.060225227
3.40005E+11,1986,16.42198157,0.47057684
3.40005E+11,1988,8.163162786,19.14816032
1505000058,1988,2.448304711,0.744109147
1505000242,1988,4.285236232,0.070139631
2405000021,1992,2.266113654,8.918663293
3.40005E+11,1987,1.346604302,1.353734318
2405000020,1986,1.766197664,1.290441023
2405000018,1949,1.937808969,0.054083894
2405000019,1949,2.682685617,0.183525431
2705000006,1987,2.161632617,0.039443263
2405000026,1973,0.504456802,1.384640959
2405000012,1972,2.858692101,2.18456999
2405000013,1972,0.934277127,0.729676183
2405000028,1981,3.246367057,0.275155179
2405000022,1981,0.360420888,0.109095522
2405000029,1981,5.845076184,0.091623044
2705000010,1948,2.32337006,2.284596549
2705000011,1948,2.009767143,1.55543591
3.40005E+11,1990,0.962457187,0.073618757
3.40005E+11,1990,10.08620238,0.021811421
2405000023,1995,3.861295053,0.099671488
2705000020,1975,2.151730486,0.135503025
2705000022,1975,0.54012222,0.092856967
2405000027,1988,4.789791859,0.452932208
3305000027,1972,62.92130151,0.05156625
3305000001,1953,14.75046574,1.441436462
3305000002,1953,9.556158186,0.14795361
4205000006,1995,1.357289198,2.754411304
4905000064,1982,1.439308067,0.13856487
4905000032,1955,2.588160118,0.129564629
3905000002,1960,1.54912429,212.8762981
4905000033,1959,0.387460134,0.556747837
4905000066,1959,0.40456317,0.075807155
4905000034,1959,2.990329522,0.288451995
3905000041,1949,4.215499057,4.794377666
3905440001,1952,1.899165082,8.689226313
3905440001,1952,33.06487244,8.689226313
3905000022,1950,31.10842412,1.195972258
3305000003,1959,24.27843203,1.050164106
1305000625,1956,17.32029879,0.041270952
3305000005,1983,1.869085849,5.578991955
3905000003,1948,62.24837031,8.827926928
1505000042,1972,4.518972467,0.062467716
4005000002,1950,3.064925826,13639.15735
4005000002,1950,3.064925826,13639.15735
4005000002,1950,36.36526149,13639.15735
4005000002,1950,36.36526149,13639.15735
4005000002,1950,14.67858779,13639.15735
4005000002,1950,14.67858779,13639.15735
4005000002,1950,3.870232608,13639.15735
4005000002,1950,3.870232608,13639.15735
4905000035,1967,5.450876982,0.438761288
4905000036,1967,1.731956239,0.012103811
4905000072,1955,1.836065304,0.057729818
4905000037,1955,1.084827057,0.176029147
3905000023,1955,1.48478046,2.697287371
4905000039,1961,3.219056373,0.04172264
4905000040,1961,0.855361689,0.006481188
3905000004,1981,0.301998898,0.689311981
3905000005,1951,6.978741762,1.677282397
4905000041,1987,2.325626481,0.473993199
4905000007,1949,1.957573541,4.204034467
3905000006,1971,0.609865366,24.91820229
4905000005,1987,5.378278316,0.142399586
3905100001,1994,1.7775392,42.6808886
3905110001,1970,3.315491971,1.766764699
4905000019,1970,1.931152697,0.187968676
4905000023,1970,2.304559082,0.099857712
4905000074,1952,1.887142024,0.001355539
4905000044,1960,0.846080044,0.086714656
4905000045,1960,2.987329521,0.032337456
3905000026,1988,2.288427097,0.01042397
3905000027,1950,4.123202317,12.51846599
3905000009,1953,2.052178752,0.242643772
3905100002,1994,2.917605741,0.215563467
3905100003,1994,0.313288078,2.687949967
1505000946,1987,1.331770805,0.726310357
4905000046,1954,7.647451197,0.067849554
3905000011,1949,26.90696564,20.19685253
4905000006,1957,2.430218275,0.054387336
4905000031,1979,0.842944329,2.306570707
4905000029,1979,21.76459866,1.614354946
4905000030,1979,3.607040765,2.201309186
3905000040,1974,0.741141707,204.7059879
3905000042,1949,2.840931916,65.03626794
3905000028,1954,14.99952956,197.3746535
3905000015,1976,1.151769742,83.60741478
3305000016,1956,2.063936343,1.473456697
4905000050,1973,3.372790129,0.053200546
4005000001,1950,1.496840138,66.85864047
4005000001,1950,1.496840138,66.85864047
4005000001,1950,1.496840138,66.85864047
4005000001,1950,32.44586453,66.85864047
4005000001,1950,32.44586453,66.85864047
4005000001,1950,32.44586453,66.85864047
4005000001,1950,132.5806414,66.85864047
4005000001,1950,132.5806414,66.85864047
4005000001,1950,132.5806414,66.85864047
3905000016,1971,1.545983028,2.227580279
3905270002,1950,8.1007196,0.19595117
3905270001,1950,8.137459873,0.148302779
3905270003,1950,1.56835135,2.00643708
3905270004,1950,3.993583719,1.316437172
3905000030,1954,8.935401281,8.89948567
4905000056,1976,5.689754858,0.039164528
3905000031,1951,2.445318501,1.778674705
4905000008,1952,0.53763717,2.070378174
4905000010,1952,0.417214023,5.106548267
3905000032,1949,2.687965873,44.82955566
3905000032,1949,4.651174922,44.82955566
3305000019,1950,3.256407255,3.098510681
3305000020,1988,7.286404543,1.632327434
4205000004,1991,2.18990258,0.661485819
4205000005,1991,5.272779294,0.19624604
3305000021,1951,2.969501879,0.97001745
3305000022,1950,1.107024383,7.745974599
4905000011,1951,3.794881147,1.897389214
4905000012,1951,0.254453568,1.437899313
3305000023,1959,0.495038071,0.231926515
1305000548,1950,1.072011041,0.007003749
1305000551,1950,4.275872852,0.043712997
1305000551,1950,5.183582611,0.043712997
1305000551,1950,10.24954113,0.043712997
3905000033,1952,2.552411086,26.93262612
4905000057,1985,1.081507288,0.090966013
1505000935,1972,9.949259824,2.591405194
3905000034,1971,4.630812076,19.51958752
4905000058,1966,15.26565241,0.13559969
3305000024,1960,2.142573946,0.288163251
3905000017,1953,5.962228176,1.065592433
3305000026,1951,1.53634363,0.057115883
4905000016,1972,4.096203006,0.062421544
4905000015,1972,6.445226038,0.138040828
4905000017,1972,2.498150913,0.313032642
1305000574,1986,5.105673521,0.004780845
4905000059,1986,5.308618679,0.014684868
3905000035,1968,0.418111622,3.637898723
3905000036,1949,6.374468286,0.708935075
3905000037,1964,0.613763288,0.505275898
3905000038,1951,3.649444577,1.082334254
1505000057,1973,0.901730765,0.802873786
1505000802,1973,1.822949282,0.070292781
1505000852,1973,15.91348891,0.205540925
4905000060,1993,0.941480038,0.027547151
4905000061,1993,4.539257313,0.05287263
4905000062,1962,0.895261199,0.127957207
1305000623,1962,2.145632527,0.002597694
4905000077,1962,3.392010595,0.130378867
3905000021,1977,9.426923604,1.793363857
3305000013,1991,1.652796866,0.320867851
4905000004,1959,4.476775868,0.106579051
4905000063,1960,30.76796086,0.091299933
5105950070,1957,1.718809018,0.067406699
5105590225,1969,2.936791414,0.213239774
5105590220,1969,2.028742522,0.116555274
5105950071,1969,4.457472799,1.080186671
5105010001,1967,4.13927057,101.1353669
5105020001,1988,5.097613593,1.817262931
5605320001,1957,2.787013955,198.7561898
1805000830,1984,2.575159991,0.018027885
1805000830,1984,2.575159991,0.018027885
5705000001,1987,37.69298791,4.520094751
5605030001,1968,15.88004638,106.6394277
5605030001,1968,15.88004638,106.6394277
5105030001,1984,44.95460402,0.99247533
2.60005E+11,1950,11.98389243,0.118621653
2.60005E+11,1951,45.37641767,0.288261926
5105040001,1963,13.64546837,2.627207553
2.60005E+11,1950,4.889690509,0.210832424
2.60005E+11,1950,10.86952363,0.78304596
4005000005,1950,0.440271838,209.1005254
4005000005,1950,12.95817023,209.1005254
5605920001,1948,38.22779305,8.090597946
1505000413,1983,9.160142408,0.195163507
1505000045,1971,14.93324183,0.182915792
1505000046,1965,2.085996695,0.148234126
2.60005E+11,1952,85.05246163,1.422606296
2.60005E+11,1958,24.68894164,1.698217619
5105590100,1975,20.03306287,56.47095948
5105050001,1976,28.39129205,8.137364992
5105050002,1977,18.09543111,0.107269605
5105530001,1950,15.57833062,25.56725836
2.60005E+11,1951,89.61407527,0.473821799
5105870001,1958,6.951647685,0.55985255
5105870002,1958,4.635551159,0.373428485
5105060001,1968,9.166257481,46.30263123
5105550001,1970,7.150141187,10.42184947
5105550002,1970,8.550103069,3.032149886
5105550003,1970,10.05877099,1.608012601
5105550005,1995,1.073352981,0.674689922
2.60005E+11,1948,6.302342172,0.971534702
5105080001,1963,58.40384969,20.67658648
5105090001,1973,174.8022467,4.783520306
5105100001,1983,20.67215948,10.42359912
5105100001,1983,20.67215948,10.42359912
1505000908,1954,23.8972862,0.028568154
5105580003,1954,2.984403351,0.358929974
5105580004,1954,1.539644412,0.381470484
5105580002,1954,24.0234196,0.158615725
5105580001,1954,5.56088964,2.027188089
5105580006,1954,3.721151686,0.224479728
5105590140,1960,71.59142607,1.173663945
5105590001,1949,62.74683865,0.155019817
5105110001,1963,386.1670358,60.87370574
5105120001,1979,32.42197447,43.99919688
5105620001,1951,7.175181688,0.158899588
5105620002,1951,57.35235229,0.123202776
5705000002,1995,63.05184956,3.846241043
5605180001,1960,18.14606143,229.6548772
5605180001,1960,18.14606143,229.6548772
5105130001,1966,18.6453545,61.27711199
5105140001,1970,6.718876927,36.95709633
2.60005E+11,1951,8.608072767,1.344617378
5105150001,1993,2.03413016,0.142504103
5105160001,1967,4.328595186,72.82838661
2.60005E+11,1974,116.0547467,0.285000087
5105950077,1967,11.66633968,0.271375726
2.60005E+11,1950,7.496810312,0.136292217
2.60005E+11,1950,4.10535171,0.113759972
5105190002,1971,11.25152093,27.76942434
5105190001,1971,1.018560272,51.1438651
5105590250,1966,9.778718793,0.197326717
5105640001,1950,5.122450527,42.90225285
4005000021,1950,4.434373036,2636.597922
4005000021,1950,4.434373036,2636.597922
4005000021,1950,12.04500876,2636.597922
4005000021,1950,12.04500876,2636.597922
2.60005E+11,1950,4.826515616,0.0321902
1505000285,1966,69.61232955,1.990605653
1505000422,1966,13.78485182,1.047889558
5105590150,1954,7.261445615,3.967161841
5105700001,1980,121.1954667,6.086463602
5105780001,1975,49.51476324,3.941899874
5105780003,1975,19.10819211,0.273444391
5105780002,1975,24.54396402,1.050473936
5605280001,1985,23.05662902,49.58967863
2.60005E+11,1962,32.09003674,0.135012785
2.60005E+11,1962,264.1496919,0.61216644
2.60005E+11,1962,7.434735358,0.563965155
5105210001,1977,55.73758073,41.86577578
5605300001,1957,35.85339409,347.9292386
2.60005E+11,1950,27.5410738,0.393253423
5105800002,1988,60.47316181,5.354320216
5105800003,1988,69.60123694,3.38944744
5105800001,1988,27.65882683,0.343757894
5705000039,1964,26.0121619,0.221847961
5705000009,1989,5.769583024,3.499725273
5705000042,1972,8.560130801,1.867407877
5705000011,1995,4.181938505,1.977012917
2.60005E+11,1950,2.354173203,0.252147689
5105230002,1982,11.35747478,0.126601938
5105230002,1982,11.35747478,0.126601938
5105230001,1982,35.33645442,0.197890493
4005000016,1950,17.84077204,541.8291133
4005000016,1950,46.33338525,541.8291133
2.60005E+11,1963,0.532807795,2.322538206
2.60005E+11,1949,12.65105136,2.292033546
5605360001,1951,11.13115363,65.36153459
2.60005E+11,1955,13.57563946,1.187817277
5105240001,1975,1.705731256,3.515489104
5105630001,1984,3.079472355,2.576207667
5105630002,1980,7.60748105,8.316218466
5705000065,1968,23.39139013,0.226931875
5705000064,1968,2.8692583,0.138832263
5705000066,1968,1.706719118,0.61012052
2.60005E+11,1949,951.4759491,0.28155883
5105250001,1957,951.4759491,2.476390769
2.60005E+11,1949,2.407905191,0.8357869
5105660001,1966,11.84326296,85.04555235
5105260002,1968,5.188965216,3.529215167
5105260003,1968,10.026733,9.957414553
5105260001,1968,5.621110953,180.3565638
5105260005,1968,8.374437047,68.87288995
5105260006,1968,56.54305549,169.4123493
5105260004,1968,3.979677844,45.71371689
5105300001,1991,48.9899813,24.07656814
1705100118,1963,11.49035281,6.225253458
2.60005E+11,1948,5.712058332,0.554276228
1505000071,1969,44.12221639,0.102961206
2.60005E+11,1973,2.348099,0.885454444
2.60005E+11,1963,3.818581731,0.057751148
2.60005E+11,1950,4.578040324,0.882582342
5105890001,1995,29.67321681,1.974445298
5105070003,1967,13.34407883,11.49388069
5105070002,1967,11.81378143,80.97967113
5105070001,1967,14.82061078,91.60985295
2.60005E+11,1961,15.39118718,0.155285176
2.60005E+11,1961,2.536024657,0.231273863
2.60005E+11,1962,59.9205053,0.535672269
5705000021,1978,17.9343978,0.446828107
2.60005E+11,1963,5.125870409,4.058966276
2.60005E+11,1953,2.505460269,0.862036618
5105920003,1982,16.09670865,16.61699443
1705000168,1982,16.62706818,0.13312857
1705100168,1982,3.385089297,0.026218429
1705000172,1982,4.005111235,0.335405264
5105920001,1982,14.03720967,3.285711358
5105920002,1982,1.907867841,4.546117554
5105920005,1979,2.985685315,1.965515424
5105920004,1982,31.429112,0.215633544
5605470001,1964,18.58040116,43.2533165
5605470002,1964,7.23469676,6.640601388
5105580300,1955,8.967355749,0.345226667
5905000003,1956,50.92591239,260.9106027
5905000003,1956,10.6502824,260.9106027
5905000004,1967,129.5542475,964.5244361
5905000004,1967,7.390476352,964.5244361
5905000001,1967,402.0420089,19511.5368
5905000001,1967,13.12333774,19511.5368
5905000034,1955,12.33794463,3.988381728
4005000012,1950,64.17624587,4734.482035
4005000004,1988,12.22420455,29.05116146
4005000004,1988,12.22420455,29.05116146
4005000017,1950,70.13892191,8.232055145
5905000007,1959,39.16947593,709.172313
4005000019,1950,1.388425609,0.169767325
4005000018,1950,3.818857801,0.812024082
4005000014,1950,4.614104934,178.8645369
4005000007,1950,8.097641821,27.43351496
5905000048,1950,1.462894045,104.1093956
5905000012,1952,13.33142026,8.5971693
3705000001,1952,3.079955818,120.9465773
3705000001,1952,4.440330895,120.9465773
4005000003,1950,3.475310705,1262.750736
4005000003,1950,3.475310705,1262.750736
4005000003,1950,3.475310705,1262.750736
5905000057,1952,4.555805439,2.574149203
4005000029,1950,1.873949289,45.66134732
5905000023,1978,16.44942413,424.5738262
3705000022,1986,134.2934306,12.52624942
3705000022,1986,7.479110043,12.52624942
4005000009,1950,3.784763327,2.937267732
4005000023,1950,2.417569019,10.5890103
4005000006,1950,2.396845734,1012.402469
5905000021,1950,7.95344815,13992.41946
5905000021,1950,7.95344815,13992.41946
5905000021,1950,7.95344815,13992.41946
5905000021,1950,7.95344815,13992.41946
5905000021,1950,983.432659,13992.41946
5905000021,1950,983.432659,13992.41946
5905000021,1950,983.432659,13992.41946
5905000021,1950,983.432659,13992.41946
5905000021,1950,29.54574239,13992.41946
5905000021,1950,29.54574239,13992.41946
5905000021,1950,29.54574239,13992.41946
5905000021,1950,29.54574239,13992.41946
5905000021,1950,42.32832855,13992.41946
5905000021,1950,42.32832855,13992.41946
5905000021,1950,42.32832855,13992.41946
5905000021,1950,42.32832855,13992.41946
5905000051,1965,10.97337514,1.019412808
4005000024,1950,1.661979505,1.036424517
4005000025,1950,7.474509011,2.163190515
4005000022,1950,3.090257132,3.31439668
5905000038,1951,50.46761337,1.111627589
5905000038,1951,3.177368562,1.111627589
5905000020,1976,1.312284721,117.9182268
4005000011,1950,34.3663518,1803.715908
4005000011,1950,34.3663518,1803.715908
4005000011,1950,34.3663518,1803.715908
4005000011,1950,2.402392168,1803.715908
4005000011,1950,2.402392168,1803.715908
4005000011,1950,2.402392168,1803.715908
5905000032,1956,47.44371844,0.504193596
4005000010,1950,3.336505424,1491.90103
4405000516,1956,10.44023393,3607.431025
4405000516,1956,4.583277476,3607.431025
4405000516,1956,51.69621828,3607.431025
4405000516,1956,4.713551174,3607.431025
4405000516,1956,4.977633173,3607.431025
4405000516,1956,19.58838875,3607.431025
4405000516,1956,132.3874413,3607.431025
4405000516,1956,10.07303669,3607.431025
4405000516,1956,15.33749672,3607.431025
4405000516,1956,265.1300873,3607.431025
4405000516,1956,4.97926537,3607.431025
4405000516,1956,0.92842019,3607.431025
4405000516,1956,52.26927536,3607.431025
4405000516,1956,7.448218706,3607.431025
4405000516,1956,12.41323078,3607.431025
4405000516,1956,36.39696323,3607.431025
4405000516,1956,11.40798978,3607.431025
4405000516,1956,10.4709144,3607.431025
4405000516,1956,4.557996212,3607.431025
4405000516,1956,43.38950057,3607.431025
4405000516,1956,5.50850263,3607.431025
4405000516,1956,16.37902801,3607.431025
4405000516,1956,15.15053117,3607.431025
4405000516,1956,2.887967431,3607.431025
4405000516,1956,4.045571846,3607.431025
4405000516,1956,3.49143651,3607.431025
4405000516,1956,4.104354729,3607.431025
4405000516,1956,3.630340523,3607.431025
4405000516,1956,10.82948925,3607.431025
4405000516,1956,9.397010381,3607.431025
4405000516,1956,4.239781693,3607.431025
4405000516,1956,2.358374881,3607.431025
4405000516,1956,74.63617047,3607.431025
4405000516,1956,4.413143593,3607.431025
4005000015,1950,13.82646106,1559.441311
4005000015,1950,95.03313375,1559.441311
5905000024,1962,4.183886912,420.5080602
1405250001,1956,5.847083562,0.113296091
1405000057,1956,27.89390069,0.173265225
1405000056,1956,19.72955848,0.393999502
5905000029,1956,28.05889332,47.14731758
1805000534,1977,19.73019168,0.881946027
1805000535,1969,17.36374948,0.147981753
1805000546,1979,1.235434423,0.297691451
1805200568,1993,6.455949385,80.52461106
1805400528,1979,102.2767128,0.060375092
1805500528,1979,223.1644133,0.055280818
1805600528,1979,6.111339207,0.032902452
5705000003,1991,18.52538125,1.734843029
5705000016,1990,14.93237437,0.115128393
5705000049,1962,4.001741397,0.435038171
5705000015,1985,0.916132496,1.185870909
5705000017,1983,167.7533183,1.459656053
5705000026,1976,38.81198267,1.368428746
5705000036,1991,3.908658896,0.185371198
5705000037,1991,453.8345904,0.012123423
5705000038,1987,1.893133026,1.634205267
5705000030,1991,2.531452851,0.23082618
5705000029,1991,3.999052602,0.500661101
5705000032,1991,46.51790852,0.093311061
5705000031,1991,35.15767634,0.530839113
5705000034,1991,8.415955662,0.100375171
5705000033,1991,11.98413367,0.197139907
1805100568,1992,12.54662196,0.475290747
1805000503,1986,16.66013309,0.109024871
3605000096,1960,3.461927888,3.473299008
3605000220,1960,5.557682141,3.051276834
4705000114,1952,6.700127993,6.881795033
3605000092,1951,2.819181553,7.99722388
3605000040,1951,3.681241649,7.979264182
3605000039,1962,4.863778743,1.419360533
3605000047,1957,2.86051186,0.738185924
3605000050,1951,4.955695089,2.604132439
4705000155,1995,1.979405484,0.242987768
4705000140,1995,3.696437822,0.283341439
3605000121,1952,2.359344563,20.19301473
4705000096,1975,0.706904661,0.141725982
4705000153,1975,3.615331203,0.634450977
1805000022,1994,0.710888307,0.314888142
1805000023,1992,3.171879724,0.253369835
3605000129,1971,32.56546955,40.1375446
3605000127,1950,7.777319272,3.844470066
4705000068,1964,7.882368997,0.130599691
4705000069,1964,3.255729317,0.556685432
3605000066,1963,4.4109494,0.612085209
4705000154,1988,3.697653723,1.92108559
4705000061,1972,1.836023544,6.955064191
5605810001,1982,6.323509132,13.33338149
3605000051,1950,19.26958921,17.54488247
1805000508,1974,69.35034121,0.575249923
1805001316,1960,3.854787738,0.035874578
1805000009,1969,6.374716088,0.261509294
4705000024,1985,5.315447092,0.107348229
4705000117,1994,1.327278758,0.522345
3605000095,1970,7.291210785,1.401600284
3605000119,1953,6.63278756,8.672648377
4705000050,1948,9.744082869,2.868508888
4705000118,1992,2.513228301,0.194563581
1805000733,1960,16.06674801,0.618212845
3605000091,1965,0.835076023,1.54490745
3605000137,1952,45.49522521,2.649562775
3605000123,1952,1.3420162,2.69892197
3605000205,1952,8.952454044,3.68189517
3605000204,1952,17.77558779,3.054269293
4705000112,1959,14.20757789,2.54848612
3605000099,1980,3.046239435,3.183740835
1805001368,1983,6.90379664,0.227453153
4705000046,1957,49.33469342,0.211702211
4705000047,1957,36.79885957,2.836599528
4705000022,1963,14.63847219,1.003072598
4705000021,1963,11.01773508,0.96480441
4705000102,1953,3.966716407,0.97649406
4705000056,1966,69.10979904,1.032246912
4705000143,1949,4.260019321,0.041386506
4705000142,1949,4.805620346,0.107469566
1805000826,1950,4.335605201,0.281040314
4705000159,1950,4.920585042,3.021326694
4705000020,1970,5.93993382,0.040666009
4705000018,1970,13.11230263,0.814193737
1705000103,1949,3.178181883,0.292361104
3605000052,1949,2.744689337,0.674152047
4705000040,1951,5.208324152,52.38423907
4705000144,1951,6.434101383,0.551512728
4705000041,1951,3.207285966,159.8370237
4705000042,1951,1.385998614,21.06730861
4705000030,1949,1.28253177,284.2691275
4705000029,1964,1.788216771,41.21454396
4705000031,1966,4.408913193,57.74426158
4705000032,1966,22.57349258,11.22076541
4705000035,1987,9.250155839,2.392644101
4705000033,1987,20.69471156,95.76467257
4705000036,1950,8.607568361,19.3155314
4705000034,1987,3.699903372,12.2105321
4705000037,1950,3.089452525,39.07536633
3605000020,1985,2.223267309,8.340298604
3605000045,1978,10.26398172,34.65703442
4705000151,1968,1.791356111,1.221216377
4705000148,1968,3.480738858,0.491529371
4705000149,1968,8.193910033,1.210442967
4705000150,1968,40.100927,1.158987906
4705000147,1968,21.54786906,3.455985586
4705000152,1968,8.762698059,0.988898826
4705000146,1968,8.78852481,1.142911979
4705000122,1969,9.16801368,0.354827401
4705000008,1965,8.567587141,41.21611707
4705000011,1964,14.1497696,4.858142934
4705000012,1964,26.40730179,9.971377213
4705000010,1964,19.55454216,9.179129491
4705000009,1964,3.94033697,22.78405264
4705000004,1964,24.1043109,12.13329478
4705000001,1965,3.813128536,2.08078705
4705000014,1964,1.025633607,1.37573337
4705000007,1964,16.206134,5.181344092
4705000003,1962,3.516462237,8.473591507
4705000002,1962,13.99417568,10.32597316
4705000013,1964,3.590683545,0.41391283
4705000016,1964,4.221335804,1.223809379
4705000017,1964,3.058892824,50.5405742
4705000015,1964,2.783916243,287.8919457
4705000006,1964,13.73816155,36.61624217
4705000005,1964,19.95513003,38.48831819
1805000836,1978,2.017682104,0.120857336
3605000146,1972,6.889230494,83.10961865
4705000070,1966,7.091702244,0.04338088
4705000071,1966,3.806543279,0.047783798
1805000858,1980,4.308789592,0.187942808
4705000101,1950,7.528799472,9.269247513
4705000100,1950,12.78573392,3.761491296
4705000099,1950,20.56879991,2.717972121
3605000120,1963,0.971163109,6.07807138
4705000158,1959,19.16377722,1.588693059
4705000057,1972,65.29428296,0.057031145
1805000010,1969,11.73460943,0.214450723
1805001306,1982,0.18816035,0.017871874
3605000046,1981,0.12890324,108.5672071
3605000098,1966,3.19053376,32.99655927
3605000025,1957,4.248942384,15.46265907
3605000219,1957,1.810347776,0.012431072
3605000141,1972,3.6448766,39.76802279
3605000063,1959,0.391349189,17.81830994
3605000024,1955,50.99927855,70.26671511
3605000006,1964,3.614358865,31.32151861
3605000022,1968,3.358189516,53.45733972
3605000139,1950,4.178856715,22.32286878
3605000094,1954,9.134182982,19.33745101
3605000079,1950,11.25203363,35.92555116
3605000218,1962,21.76090859,0.886861713
3605000140,1962,17.86403809,26.39048788
3605000138,1953,3.05782472,6.048239027
3605000009,1952,5.975595923,14.84421063
3605000208,1952,1.279047724,9.238025078
3605000207,1952,1.589643282,1.288121736
1805001314,1990,1.90011935,0.509311208
4705000127,1969,1.853083389,1.668321013
4705000156,1969,2.822733502,0.586029879
4705000125,1969,2.200284357,2.660648821
4705000126,1969,1.083418023,0.932719502
4705000124,1969,3.259662452,1.195072606
4705000123,1969,1.757871073,1.630305752
4705000166,1969,2.755001739,0.687181663
4705000128,1969,0.796345075,1.982538127
3605000117,1955,0.656868831,0.055277665
4705000054,1968,1.669645338,4.759599518
4705000055,1968,1.105128366,14.70428663
3605000065,1954,1.95584595,11.77148514
1805000559,1973,1.426199774,0.955987392
1805000507,1973,10.00900638,1.696102493
4705000027,1981,8.787358937,4.561216694
3605000044,1967,4.451933456,24.53815823
4705000082,1951,1.903981453,25.32073486
3605000008,1970,6.942850424,3.28037261
3605000209,1962,0.460693829,0.705129945
3605000093,1962,6.697972725,2.463713666
4705000067,1964,1.028412676,0.197933645
4705000066,1964,13.41624707,1.985670442
4705000092,1960,5.461232042,6.71965435
4705000083,1952,4.437902985,11.44640256
4705000088,1952,2.580004984,1.371993232
4705000087,1952,2.092155518,1.705132314
4705000084,1952,1.052696376,1.65824328
4705000086,1952,7.253546642,0.941510327
4705000085,1952,2.713352276,0.550135165
4705000089,1949,19.57176735,27.40882127
4705000095,1950,9.829026659,8.420493292
4705000090,1971,12.16249796,8.976108117
4705000093,1971,4.620903875,18.13711862
4705000137,1978,2.046358808,0.218745906
4705000023,1962,0.661757324,3.217432642
1705000298,1952,10.17961288,2.452923125
4705000135,1991,7.182460386,1.334121029
4705000043,1957,9.807062496,0.922861429
3605000048,1961,1.747229152,58.18316627
4705000094,1970,1.51024952,20.24932014
4705000098,1959,10.12333991,0.108509373
4705000097,1959,5.999990141,0.100426243
4705000053,1990,8.14752713,2.620574809
3605000021,1953,8.439852991,0.463907403
4705000073,1993,9.880989675,3.37033014
4705000074,1993,2.733999358,0.004444983
4705000075,1993,7.569960984,0.010364662
4705000028,1981,6.0833627,1.693147948
4705000025,1966,5.174069058,4.361570236
4705000026,1966,15.26428802,5.015677994
4705000108,1961,5.893356991,14.21323064
4705000109,1961,4.727480974,0.626609562
4705000106,1961,49.7919452,6.166451565
4705000107,1961,29.8715431,3.517949855
4705000113,1961,0.406819245,3.166656413
4705000105,1961,55.58494565,0.298834357
3605000213,1961,1.076492584,0.182626182
3605000211,1961,4.060803568,0.572399823
3605000212,1961,4.71293595,0.602143637
3605000143,1961,5.022363048,0.065884023
3605000210,1961,21.77918509,0.226888653
3605000215,1961,3.917202811,1.224333455
3605000214,1961,3.943062694,1.386264217
1805000007,1986,2.382648891,0.100485613
3605000101,1952,2.282913361,0.809054455
4705000138,1980,27.60643179,0.288028439
1805001305,1960,1.786501585,0.002790721
4705000164,1993,12.44684125,75.59616675
4705000048,1969,11.43726034,2.442806824
4705000091,1967,2.085898171,1.67335515
4705000044,1959,5.484548485,1.587337206
4705000052,1964,3.116658915,1.490491087
1705000268,1972,1.093290712,0.377944092
4705000134,1988,5.696128822,4.45366491
1805000863,1961,9.430336668,11.37640947
1805001361,1950,7.478845206,0.012967585
1805001362,1950,4.915010334,0.021155525
1805001360,1950,8.683529225,0.141344517
1705100142,1955,5.51234515,0.929883877
1705000018,1959,12.45232195,2.462473184
1705000479,1955,4.493740988,0.684094747
1705000480,1955,9.947645401,14.67265295
5905000036,1964,5.49714294,1.101259676
3705000027,1956,3.484872912,2.857025811
5905000009,1967,32.60899911,123.4577473
5805003001,1980,12.90955802,2.895757328
5805003001,1980,12.90955802,2.895757328
3705000013,1961,0.82216963,0.513873311
5805000003,1970,4.052097264,2.624952735
2205000015,1949,1.95566198,0.416970848
2205000016,1949,1.717615366,6.155958761
3705000031,1958,3.986714316,5.469606624
5805000020,1980,0.234847956,2.921015114
3705000023,1949,2.529130876,72.48720752
5805000004,1977,2.312618424,3.275246832
5805000005,1977,1.411562778,3.565488743
3705000015,1948,0.522514446,56.20406785
5905000035,1967,0.883898614,35.16936409
5805000006,1954,1.68843424,0.066132587
5805000007,1962,3.253381909,0.149733341
5805000008,1964,3.857613824,0.857987203
3705000009,1948,21.71425591,1.427905132
2205000056,1980,34.33333826,6.27881999
2205000026,1980,13.22106115,1.607420684
2205000027,1980,2.172581414,6.139315666
5805000009,1995,5.626667214,17.66237545
5805000010,1995,6.084043477,90.70420744
5805000011,1995,4.025977323,27.33326805
5805000014,1987,25.36993709,0.256164929
5805000015,1994,3.326027104,8.875825095
2205000030,1983,2.130005338,4.805532011
3705000048,1969,6.580323274,0.060633985
5805000049,1954,3.934648884,10.79048194
5805000016,1954,9.452057939,16.85147239
5805000043,1954,8.355159825,8.206670361
5805000047,1954,8.039764191,9.021420609
5805000044,1954,9.696932203,0.520535734
5805000017,1965,8.060048849,0.221727826
3705000026,1956,3.00052261,0.441031023
5805000018,1949,8.649801572,7.816358321
5805000019,1982,2.563176542,3.721990841
2205000031,1978,6.858060707,0.328891413
2205000032,1978,1.730623899,36.03520117
3705000004,1950,5.89097734,1.224057247
3705000005,1948,2.768528962,12.18901809
5905000026,1949,4.521959118,185.5541145
3705000012,1965,44.47166521,22.95678937
3705000011,1949,1.612320677,34.92092441
5905000013,1956,5.471244099,579.5519208
5805000021,1991,3.968015629,0.38128368
3705000063,1952,0.69211342,34.53606123
3705000024,1951,6.813668429,19.13025125
2205000040,1952,2.249983306,3.80420449
2205000041,1990,63.47022799,0.860124473
2205000042,1990,12.4725377,0.096483612
3705000007,1948,1.406872917,11.67968007
3705000010,1964,2.801445184,5.829580022
3705000061,1965,5.054279429,0.758473341
1805001308,1949,35.46921083,0.055001112
3705000008,1950,16.12290933,59.81350125
1705000109,1983,11.03359748,1.098970891
5805000030,1959,21.54090905,3.93782265
3705000014,1951,5.220776178,76.72978726
1705000023,1959,15.80818793,0.490650984
1705700023,1959,48.20042311,0.387800759
5805000025,1959,13.74679313,149.6448795
5805000026,1959,5.043994849,18.98832953
5805000027,1959,5.243014786,151.6605517
5805000029,1985,3.961529708,5.061706658
5805000035,1959,2.964035617,50.63993321
5805000036,1959,63.18398706,16.67447469
3005000007,1967,3.085698453,0.885268241
3005000008,1961,18.54706339,1.242375491
3005000009,1968,6.752713604,0.6566972
3005000010,1955,4.088617947,3.349582647
3105000001,1962,0.980750534,7.128127463
3005000011,1959,2.664294677,0.680601506
3005000002,1959,9.615296438,28.88823651
3105000002,1981,5.27074415,111.0564358
3005000012,1984,2.794267935,5.29897203
3005000013,1984,6.907202669,3.819310656
3005000014,1984,4.450488601,52.14611903
3005000108,1967,5.016971216,5.583175323
3005000015,1955,71.22323103,1.399825845
3005000016,1970,4.488031425,2.241291393
3105000003,1982,7.643731421,167.2515792
3105000007,1955,41.74400325,12.11318737
3005000017,1962,6.715533493,0.096816303
3105000004,1987,1.700289195,96.88991699
3105000005,1982,3.955593359,4.814592392
3005000006,1959,5.741713461,38.5153937
3005000020,1955,1.707130858,3.301533559
3005000021,1965,2.902271614,2.938266947
2205000066,1969,34.07063779,56.77227907
2205000065,1969,3.688098346,52.8450515
2205000063,1969,122.499167,32.08578721
2205000062,1969,2.633026287,4.986674489
2205000064,1969,3.596720135,23.85791991
2205000058,1969,1.614895877,0.088410288
2205000059,1969,38.23841931,0.336502484
2205000061,1969,4.72841465,0.333211646
2205000074,1969,4.693080442,0.086586794
2205000075,1969,1.950195379,0.077930407
2205000071,1969,16.30565756,0.097104419
2205000060,1969,12.54030564,0.112733323
2205000070,1969,17.25612285,0.012732628
2205000069,1969,60.45214707,0.047397251
2205000073,1969,7.54564172,0.051498924
2205000072,1969,5.696995717,0.035743012
2205000076,1969,19.99832339,0.087267328
2205000077,1969,2.346964063,0.076478653
2205000080,1969,24.56501922,60.53561698
2205000003,1969,5.343119793,2.272506731
2205000004,1956,5.440422103,50.17967804
2205000008,1972,6.419225994,0.555550012
2205000006,1972,1.223026833,9.153985079
2205000007,1972,17.74742881,12.1993572
2205000009,1979,3.845904627,0.060561869
2205000010,1978,55.27639574,1.054079165
2205000011,1973,7.472164612,1.243968463
2205000012,1973,5.170383627,0.769585287
2205000054,1973,4.708848396,1.759884402
2205000055,1973,5.270725171,0.190923364
2205000013,1973,7.506421576,2.375412408
2205000014,1979,7.838108868,0.011442426
2205000020,1950,3.795607879,0.240382657
2205000021,1973,0.775868118,0.133461867
2205000028,1972,16.6396415,0.157525272
2205000029,1972,2.784427117,0.335475705
2205000033,1973,1.79382129,0.066713021
2205000034,1989,5.663467203,0.021471307
2205000035,1986,8.054416518,11.69343945
2205000036,1985,26.97753347,2.998229445
2205000037,1973,17.04695602,0.104194483
2205000038,1982,3.3591213,5.76204851
2205000039,1982,4.427200362,1.384325685
2205000053,1964,79.11735839,26.82895397
2205000050,1964,3.265089173,8.490229494
2205000051,1964,1.063422012,20.75788658
2205000052,1973,1.853970482,0.149334584
1805000835,1980,1.98497299,0.616907709
1805000724,1971,2.508478813,0.256473846
1805000725,1971,2.451059046,0.034383254
2205000057,1990,9.801586801,1.506065505
2205000025,1979,29.79909332,0.013970282
2205000024,1979,38.82179788,0.164172256
3805020006,1978,16.26102826,2.671546782
3805020008,1984,15.3210697,0.914121068
3805020009,1984,5.189585094,14.20528647
3805030008,1973,6.264828576,25.64906212
2205000043,1979,19.15135594,0.034689395
3805020015,1971,5.991663623,38.96038557
3805020027,1983,5.190064305,2.160319703
3805020026,1983,32.85839591,0.992484487
3805020021,1964,0.327301509,0.209963092
3805020019,1964,9.171728225,0.590860063
3805020017,1964,2.503480483,0.269420174
3805020022,1966,5.202928178,11.24541629
5205020051,1961,5.898949295,35.4426909
1805000719,1985,0.896513821,0.296031218
1805000720,1985,0.996206695,0.149934714
5205010371,1968,1.532828378,3.488549136
5205020211,1960,4.773324139,13.53664911
5205020212,1960,37.67373347,58.44848619
6005000065,1975,7.925761287,0.526594895
5505000031,1955,6.246633677,0.852431381
5505000032,1955,3.100261415,0.566730504
6005000001,1969,5.46305393,0.033269989
6005000479,1969,6.177505304,1.291994961
5505000326,1995,4.090669751,1.706892634
6005000420,1964,4.747507792,4.133387864
6005000421,1964,2.857367592,5.81807733
6005000425,1964,30.17308853,0.801411322
6005000235,1949,40.18000335,0.206557437
5505000049,1960,5.053360779,1.03713543
6005000477,1969,12.24694177,0.281999806
6005000002,1970,2.006227437,0.073547636
6005000430,1968,7.097056797,0.790527478
5005000028,1956,5.367730187,1.038061963
5505000058,1963,3.433121637,0.664978646
6005000255,1965,11.74843449,2.039005305
5505000005,1966,41.19025343,0.145262685
5505000004,1964,8.141970181,0.166551064
6005000040,1965,18.30369482,0.462379366
6005000041,1965,2.490670225,0.154484653
6005000042,1965,4.794287629,0.033280936
6005000043,1963,4.66938574,0.408610946
6005000265,1957,2.916433637,1.569118519
6005000005,1972,70.63100062,0.11557754
6005000030,1951,24.08032564,0.895183361
6005000031,1951,40.27029375,1.244107184
6005000435,1969,0.997904789,0.018952117
5505000007,1964,3.396355033,3.487034011
5505000008,1989,3.056341174,1.522209217
6005000280,1949,5.462929409,0.412438922
6005000547,1966,3.843640317,0.025942208
6005000555,1966,2.47602702,0.032910597
6005000090,1965,8.219462417,0.817687683
6005000540,1966,3.753401187,0.564136657
6005000550,1966,5.780011263,0.003673799
6005000295,1950,124.5464992,0.679704224
6005000445,1956,57.52502289,0.889849171
6005000499,1969,20.90977352,0.145321678
6005000100,1986,5.115996668,1.836038806
6005000300,1965,15.21945733,0.16195475
6005000450,1954,7.647036643,11.93306882
6005000130,1957,19.01428643,1.81909344
6005000180,1957,2.032586737,1.049534758
6005000018,1952,2.63088938,172.4388139
6005000019,1952,21.13914432,62.61611189
6005000020,1952,1.355510205,11.49342315
6005000320,1974,4.594089664,0.326453284
6005000325,1948,12.26167409,0.559418417
6005000465,1985,2.080364973,2.886227379
6005000215,1968,7.694221175,13.56566345
6005000150,1964,10.58576293,36.7631506
6005000225,1949,12.66749392,7.114150837
6005000008,1959,5.352121018,0.136209624
6005000570,1949,10.68413585,0.16809173
6005000575,1951,2.140495657,0.141066729
6005000576,1951,12.78450702,0.751961127
6005000705,1960,8.966799229,0.823872017
6005000706,1960,33.55036236,0.37987012
6005000350,1956,18.02467919,0.019207391
5505000010,1959,3.364442006,1.83615833
5505000043,1990,13.89865405,21.07751564
6005000155,1971,47.39480033,0.829804397
6005000029,1971,95.1805997,0.835952087
6005000079,1971,13.3919452,1.014185626
5505000153,1960,3.816962393,0.027861303
6005000475,1969,14.87946666,0.108213473
6005000009,1948,7.991293691,25.7486262
6005000035,1951,2.177545015,11.30084996
6005000036,1951,43.79441286,0.471598125
6005000037,1951,77.69124817,0.029746642
6005000038,1951,2.226302788,2.484602072
6005000585,1972,3.950627753,0.320639412
5505000189,1960,8.745606791,0.743995411
5505000012,1979,61.60740445,0.475882704
5505000013,1979,55.03909757,0.715071102
5505000201,1949,1.995379767,1.727369928
6005000595,1950,105.3695358,0.067179961
5505000014,1980,14.60825165,0.871723236
6005000610,1972,11.96696666,0.015320462
6005000021,1967,8.960814342,1.115343387
6005000022,1967,4.090738231,1.539134649
6005000023,1967,4.77679034,0.197066856
6005000024,1967,8.731661433,0.538114749
6005000028,1967,20.2788158,0.208157211
6005000625,1969,9.803952306,0.066135805
5505000015,1950,19.37588456,2.548983372
5505000016,1950,13.19241546,19.47541814
6005000190,1977,3.869646365,0.319854023
5505000024,1995,1.056859382,153.4155577
6005000630,1965,3.785722069,0.136374577
6005000200,1964,1.831239709,7.455880407
6005000495,1969,12.15551661,0.099762478
5505000018,1965,1.735478693,3.007987902
5505000019,1969,2.541353184,0.271068005
6005000640,1951,65.62005191,0.200163802
6005000395,1950,11.61689659,0.48028484
6005000700,1960,10.59627755,0.113071933
6005000210,1971,60.04099248,2.567072879
6005000505,1984,29.83070478,0.871289902
6005000015,1970,3.868147132,0.169490976
5505000020,1992,26.70958376,3.870331585
6005000400,1959,5.073016502,1.741212145
6005000025,1965,2.80069634,2.043279973
6005000026,1965,7.933515921,0.042853881
6005000027,1965,3.969342276,0.100189942
5505000297,1955,8.758175692,0.512538026
6005000013,1963,12.44209416,0.453272125
5505000021,1948,11.20521569,6.049168928
5505000022,1948,0.526042134,10.09695809
6005000497,1969,11.10213719,0.105490022
5305000001,1977,5.39281267,83.00439297
5305000002,1977,6.070343629,19.71714037
5205000393,1958,3.316727713,26.81075588
5205000392,1948,2.155824424,13.12906288
5205000391,1948,3.133757771,2.691691691
5205002130,1976,24.94549234,30.55044373
3805030024,1961,3.895965101,1.091433659
5205000401,1955,1.27075531,60.50208268
5205000412,1960,1.086576414,110.9590405
5205000411,1960,5.402274205,86.27364977
5205000421,1965,2.602536542,20.10879763
5205000424,1965,7.095177482,0.668874571
5205000423,1965,55.4035369,1.921108324
5205000422,1965,4.606514337,55.5906229
3805030002,1961,4.676463896,0.654399261
3805030003,1961,8.991644796,0.938396699
3805010070,1960,22.01927307,6.404601796
5205000431,1952,2.694020763,6.025827188
3805010021,1964,1.918651592,7.791386963
3805010025,1965,24.81217351,4.683075337
5305000006,1965,2.745540313,0.114988018
5305000007,1965,21.00899421,0.275596751
3805010020,1964,3.460938207,10.92932402
3805010029,1977,2.355958857,0.03172542
3805010043,1978,3.622937972,0.217045882
3805010057,1984,8.52976788,0.13585605
3805010030,1977,4.373467908,0.320795395
3805010042,1978,4.955203422,0.148238132
3805010058,1984,3.5844859,0.085842491
3805010063,1984,3.086303166,0.330258797
3805010080,1981,23.76101493,3.944261874
3805010083,1958,26.98014181,3.785573754
3805010082,1961,4.483537364,4.339577671
3805010079,1961,8.431984076,1.420936773
5305000011,1966,48.70683902,0.755693044
5305000012,1966,0.56239576,0.148589291
5305000013,1959,26.31161754,3.055742586
5205000521,1952,2.639133385,572.0437826
5205002131,1976,1.825665922,131.5178409
5205000662,1961,3.526274779,7.844135683
5205001411,1952,5.81663727,15.70926352
3805010026,1957,4.158563725,19.39461159
3805010033,1957,3.885902734,69.42523754
3805010044,1951,2.655239085,51.55652597
3805010047,1956,2.928587227,19.69997627
1905012031,1992,3.868275246,0.053116458
5305000019,1972,1.961997571,0.658090139
3805010081,1956,6.910476162,0.941954521
3805010071,1956,2.325833053,5.328083573
3805010072,1956,2.801234259,3.193724212
5205000631,1961,1.914266632,149.3696619
5205000632,1961,2.713980256,6.289598225
5205000633,1961,2.576914612,124.639075
5305000020,1964,4.642228284,2.11693379
3805010056,1960,6.46539882,20.34781244
5205000301,1976,3.073882679,4.422570121
5205000302,1976,1.023728564,1.08039139
5305000026,1949,10.831368,15.455164
5305000024,1949,20.36522778,10.3238136
5305000025,1949,1.994151112,6.954493642
5305000027,1966,38.41696736,0.024338335
5305000028,1966,4.255150532,0.022925024
5205000313,1971,3.907832584,0.553066642
5205000311,1971,2.350701983,0.38732837
5205000312,1971,4.614432885,0.226799089
5205000641,1950,1.584654567,81.17674929
5205000642,1950,5.033369919,78.76987371
3805010069,1961,9.110418131,1.585838617
5205001271,1963,4.927807872,103.0549848
5205000651,1957,5.12863546,66.94135111
5205000661,1961,13.91450902,45.28504848
5205001151,1971,1.025563927,150.3826604
5205000544,1964,2.745251086,136.2912311
5205000711,1961,7.144865417,41.19083408
5205000741,1977,3.900188765,47.56000282
5205000771,1955,4.583449325,38.87601427
5205000801,1955,35.76641577,37.52635289
5205000842,1952,50.20923691,12.07051223
5205000841,1962,52.4933154,106.9141985
5205001011,1962,0.457738378,27.17978688
5205000923,1976,7.858794643,216.4621997
5205000921,1952,9.603764592,25.09749796
5205000922,1952,11.91827562,139.7180825
5205000931,1959,28.53461284,266.2220799
5205000941,1952,1.895026729,49.90487529
5205001191,1972,0.751330836,12.11190631
5205001201,1967,1.200797309,41.98171814
5205001211,1968,0.831607727,42.44337871
5205000981,1958,3.984367753,26.73818258
5205001221,1982,6.579907833,13.77458412
5205000991,1961,6.771368248,46.34113835
5205001281,1965,4.000936064,69.74974326
5205001331,1968,11.92544916,1.514212284
5205001341,1968,18.10537871,8.01426698
5205001351,1968,30.07622906,3.302237075
5305000029,1969,7.237992173,2.361685084
5305000030,1969,8.291834901,1.282408998
5305000031,1962,2.296489945,0.187298039
5305000032,1962,2.572417444,0.071564327
3805010100,1957,21.7800555,2.104945554
3805010101,1957,22.89051746,0.751524052
3805010102,1957,64.35906068,1.425000114
3805010104,1957,60.2249355,1.762404146
3805010103,1959,6.823731982,0.221566952
3805010105,1959,7.215112384,0.333783781
3805010038,1958,2.847483349,5.610731523
3805010050,1958,10.02137542,6.714946185
1905031045,1985,2.059238491,1.701158464
5305000033,1966,3.178971467,0.181473897
5305000034,1966,1.039143388,0.008115204
5205000561,1959,10.85863465,1135.246094
5205000902,1955,9.383938909,131.4882313
3805010067,1962,17.37934287,1.103965321
3805010066,1962,2.965885767,0.011527196
3805010068,1962,7.28200834,0.011574336
3805010031,1968,16.59609074,64.68976614
3805010062,1961,16.38639191,20.00682782
3805010074,1959,50.56921448,13.80103969
3805010051,1961,12.70757986,0.792493245
3805010061,1961,9.173713991,15.85589389
3805010018,1963,2.82935604,1.11867247
3805010035,1963,2.553357466,35.71390329
3805010052,1961,6.612586889,1.02935999
3805010028,1965,1.386231984,6.540377734
3805010019,1961,2.810537677,15.16979558
3805010049,1967,42.86285422,0.07993044
3805010037,1967,90.78936073,0.044330143
5305000036,1963,4.574165204,0.335867031
5305000037,1963,13.2932269,0.454248581
5305000038,1959,13.40649336,0.489717518
5305000039,1959,5.61483304,0.135066653
5305000043,1990,101.0052462,0.756604203
5305000044,1990,2.396370814,1.207973805
3805010015,1995,3.465699288,43.80051239
3805030013,1956,15.17083582,1.612926795
3805030012,1979,7.486505121,1.637521682
3805010085,1961,35.00865374,5.666863145
3805010096,1963,4.624947894,17.87496935
3805010092,1963,0.356977198,8.645919906
3805010094,1960,7.405444985,1.595299571
3805010087,1974,8.58381495,3.162973814
3805010088,1974,15.92549388,0.745317224
3805010089,1983,5.175149468,2.242760914
3805010001,1979,5.143563262,0.507262321
3805010002,1979,11.56066876,2.094527586
5305000042,1981,9.802158229,1.453825763
3805010086,1948,16.08153524,3.270170192
5205000903,1964,10.76896469,65.44371538
3805010023,1972,39.17608775,41.08269781
5305000045,1990,20.29628348,3.260639543
5305000046,1990,8.382866513,1.000326857
5205000413,1960,19.27925134,10.40041736