systemId,COMID,areakm2,yearCons,Area_km2,pct_protected
6005000570,207,0.1810012347986098,1949.0,22021.671052200003,0.0008219232517349198
6005000280,3618,0.44411416750717225,1949.0,1461.88471812,0.030379561534667934
6005000235,1988,0.22242360963667412,1949.0,1062.94841957,0.020925155495941403
6005000225,1988,7.660516221566083,1949.0,1062.94841957,0.7206856024740158
5805000018,1527,8.41665702399653,1949.0,1520.30841472,0.5536151048369126
5505000201,1556,1.860031902767386,1949.0,6780.17735905,0.027433381226888775
5305000024,366,11.118503410759866,1949.0,471.32963878,2.358965466194582
5105590001,2019,0.1669254061570452,1949.0,2053.35070386,0.008129415293902292
4905000007,3164,4.526905292529596,1949.0,2693.35194226,0.16807700551495902
4705000142,3490,0.1157231841934642,1949.0,4530.64698461,0.0025542308766619936
3905000042,453,70.03088996973426,1949.0,1131.46548082,6.189396950844776
3905000041,1727,5.162587427907357,1949.0,626.8970926640001,0.823514335657378
3905000036,2493,0.7633815224828683,1949.0,190.47008945299999,0.40078813669651725
3905000032,2499,48.27247776087097,1949.0,694.101289896,6.954673397610862
3905000032,2499,48.27247776087097,1949.0,694.101289896,6.954673397610862
3905000011,1580,21.747971207439672,1949.0,974.875114909,2.230846892575542
3705000023,2752,78.06758050809783,1949.0,2457.78908323,3.176333601640962
3705000011,2710,37.567374281058974,1949.0,1894.64862007,1.982814854591402
3605000052,1729,0.7259269244925193,1949.0,1859.70558794,0.03903450789200619
2405000031,703,0.10210937035980387,1949.0,2201.92026914,0.00463728736189365
2405000019,706,0.197620254773,1949.0,2086.56742989,0.009471069659292928
2405000005,703,0.12972186678392278,1949.0,2201.92026914,0.005891306265807163
2405000004,703,0.2900249648183731,1949.0,2201.92026914,0.013171456245854335
2305570001,3524,0.14321753255426858,1949.0,3007.17338054,0.004762529938614678
2205000016,3329,6.628714224733621,1949.0,5516.42633489,0.12016319664795813
2205000015,3329,0.4489943504313587,1949.0,5516.42633489,0.008139224983239296
1705000103,1729,0.3148147430336093,1949.0,1859.70558794,0.016928203317511686
6005000595,1333,0.07233934375327934,1950.0,6447.45231074,0.0011219833861008685
6005000395,1334,0.5171704565396099,1950.0,2151.43646108,0.024038379282648927
6005000295,1988,0.7319056984338408,1950.0,1062.94841957,0.06885618200833513
5405000002,1560,10.5233119569432,1950.0,545.740695772,1.9282622751922533
5105640001,2485,46.19716818301411,1950.0,2286.14810077,2.0207425830135146
5105530001,2401,27.530830388857808,1950.0,1142.89894914,2.4088595417446133
4705000159,1984,3.2533652180250523,1950.0,1338.18338555,0.2431180399604127
4705000101,1561,9.981142541322694,1950.0,5038.36461018,0.19810282330809934
4705000100,1561,4.050379253853109,1950.0,5038.36461018,0.08039075309614016
4705000099,1561,2.9267116475434047,1950.0,5038.36461018,0.05808852423324014
4705000095,1921,9.067106749938818,1950.0,1603.16562323,0.5655751731795957
4705000037,2101,42.07634762465972,1950.0,2483.6167296,1.694156232851449
4705000036,2101,20.798970447636048,1950.0,2483.6167296,0.837446865281256
4305000016,482,4.546387667465669,1950.0,1636.99130818,0.27772827166201164
4305000015,482,2.0629841512913685,1950.0,1636.99130818,0.1260229141708141
4305000014,482,0.8817524233910423,1950.0,1636.99130818,0.0538642092346459
4005000029,622,49.16816746556304,1950.0,2121.86740132,2.3172120668320666
4005000025,393,2.329322712676634,1950.0,1363.61714364,0.17081940657176015
4005000024,393,1.1160224505267289,1950.0,1363.61714364,0.0818427999187258
4005000023,1157,11.734823078358932,1950.0,1306.61864996,0.8981061979115462
4005000022,1157,3.568945185033048,1950.0,1306.61864996,0.2731435974178315
4005000019,1493,0.18280546368697465,1950.0,1749.80791332,0.010447173218009314
4005000018,1493,0.8743864455509791,1950.0,1749.80791332,0.049970424690328495
4005000017,620,8.864279291430721,1950.0,1609.18771034,0.5508542747668521
4005000009,1157,3.1628487621826835,1950.0,1306.61864996,0.24206364743680253
4005000007,1157,29.540414906231195,1950.0,1306.61864996,2.260829118514076
3905270004,3653,1.4175400678688588,1950.0,1025.26794059,0.1382604499515631
3905270003,3653,2.160532138669561,1950.0,1025.26794059,0.21072853769584002
3905270002,3653,0.21100029009094398,1950.0,1025.26794059,0.0205800144272064
3905270001,3653,0.15969247578156462,1950.0,1025.26794059,0.015575682166524009
3905000027,191,13.479888678256598,1950.0,1001.87328388,1.3454684235168368
3905000022,455,1.2878144281691772,1950.0,1000.65229935,0.12869749352554438
3705000004,643,1.3180648582701415,1950.0,2091.87373527,0.06300881530500299
3605000139,2763,24.037271996257648,1950.0,1129.87969297,2.1274187106658506
3605000079,962,38.68463336684622,1950.0,1218.30134515,3.1752926745790693
3605000051,54,18.892327020522398,1950.0,1118.27116418,1.6894227112057982
3305000022,1082,8.34086623772741,1950.0,807.548790709,1.032862203954812
3305000019,1305,3.3364771794735644,1950.0,976.1446642760001,0.3418015076636419
2405000014,2391,1.0260399533074067,1950.0,886.5957826760001,0.11572804352965949
2405000014,2391,1.0260399533074067,1950.0,886.5957826760001,0.11572804352965949
2405000014,2391,1.0260399533074067,1950.0,886.5957826760001,0.11572804352965949
2305320001,2283,10.136648887974264,1950.0,3221.37299085,0.31466858748634324
2305010002,2665,0.24091442593381976,1950.0,3636.64790655,0.006624628837449635
2305010001,2665,0.25932450530206025,1950.0,3636.64790655,0.007130866445304989
2205000020,2760,0.25884413950125496,1950.0,2273.9373959000004,0.011383081168723521
1805001360,1520,0.15219910726172328,1950.0,6135.08686516,0.0024807979187064697
1805000826,3507,0.3026252099685676,1950.0,3275.82150657,0.009238147113987174
1205000211,2626,0.1850329621764696,1950.0,1063.9446124,0.01739122131170722
6005000640,207,0.21553649906448552,1951.0,22021.671052200003,0.0009787472465353762
6005000576,207,0.8097121231717916,1951.0,22021.671052200003,0.003676887740500964
6005000038,2060,2.6754210239205967,1951.0,8369.03645479,0.03196808901924814
6005000036,2060,0.5078171674108947,1951.0,8369.03645479,0.006067809241292605
6005000035,2060,12.168764347518973,1951.0,8369.03645479,0.1454022146187953
6005000031,1625,1.3396575700469178,1951.0,2262.42846118,0.05921325659721419
6005000030,1625,0.963933389373984,1951.0,2262.42846118,0.04260613786971331
5905000038,249,1.1970006090902492,1951.0,3526.39285686,0.033944051547225865
5905000038,249,1.1970006090902492,1951.0,3526.39285686,0.033944051547225865
5605360001,1814,70.38134432135817,1951.0,1546.31638202,4.551548773570961
5105620002,3417,0.13266495149068552,1951.0,1601.75610882,0.0082824688952439
5105620001,3417,0.17110271350348047,1951.0,1601.75610882,0.010682195158258542
4905000012,708,1.5483304759064005,1951.0,3425.60301889,0.04519877135115635
4905000011,708,2.043109293940645,1951.0,3425.60301889,0.05964232523950411
4705000144,3268,0.5938693674071994,1951.0,1424.6757605,0.04168452807807839
4705000042,3268,22.68528854730577,1951.0,1424.6757605,1.5923123826676329
4705000041,3268,172.11264053043797,1951.0,1424.6757605,12.080828866635159
4305000041,3483,0.11028368410979504,1951.0,1151.92388801,0.009573869007987588
3905000038,2238,1.1654578860939482,1951.0,940.807009022,0.12387852927514649
3905000031,2510,1.9152776108633265,1951.0,413.63122248699995,0.46303990287472113
3905000005,1833,1.8060982538627848,1951.0,971.1443359689999,0.18597629486874107
3705000024,642,20.59941896027464,1951.0,1467.72518164,1.403492916654694
3605000092,3682,8.611411977285025,1951.0,404.314930634,2.129877312168908
3605000050,1729,2.8041301899968296,1951.0,1859.70558794,0.15078355456806317
3605000040,3682,8.592073975453756,1951.0,404.314930634,2.125094406476817
3305000021,2797,1.0445154668338728,1951.0,1151.84846946,0.09068167337354312
2305340008,683,0.12490553908395888,1951.0,900.8586466510001,0.013865165145309229
2305340007,683,0.21541088593245256,1951.0,900.8586466510001,0.023911729851653907
2305340006,683,0.1980783947939943,1951.0,900.8586466510001,0.02198773309557093
2305340005,683,0.16708235760795806,1951.0,900.8586466510001,0.018547011590452894
2305340004,683,0.16929350717680502,1951.0,900.8586466510001,0.01879246070470262
2305340003,683,0.2320067785659189,1951.0,900.8586466510001,0.025753960338663454
2305340001,683,0.4186610833122411,1951.0,900.8586466510001,0.04647355996067092
2305280001,1092,3.966285262628252,1951.0,1018.5798942,0.389393633745677
6005000020,1956,12.374998538344213,1952.0,2863.95117664,0.43209530383344785
6005000019,2008,67.42541855296317,1952.0,1225.77784186,5.500623053411666
6005000018,1956,185.68188985807015,1952.0,2863.95117664,6.483416734635572
5905000057,9,2.7718444328074687,1952.0,1914.72459064,0.14476465421489024
5905000012,669,9.2574386827481,1952.0,1570.54979163,0.5894393627049695
5205000941,2143,53.737587117424745,1952.0,2591.42975633,2.0736655888959254
5205000922,466,150.4483314580205,1952.0,1575.8626175000002,9.547046156643821
5205000842,465,12.997534406405507,1952.0,1667.95103457,0.7792515569712926
5205000431,465,6.488611215864915,1952.0,1667.95103457,0.3890168884686527
4905000010,708,5.498735770628632,1952.0,3425.60301889,0.16051876823749386
4905000008,708,2.229386211120517,1952.0,3425.60301889,0.06508010994931065
4705000114,1704,7.410472976769238,1952.0,1406.31322504,0.5269432758522528
4705000088,2017,1.4773628644993009,1952.0,1060.73222126,0.13927764565729914
4705000087,2017,1.8360873670061029,1952.0,1060.73222126,0.1730962188388216
4705000086,2017,1.0138182113157486,1952.0,1060.73222126,0.09557720516036326
4705000085,2017,0.5923857310557663,1952.0,1060.73222126,0.05584686871792164
4705000084,2017,1.7855967937787367,1952.0,1060.73222126,0.1683362452832535
4705000083,2017,12.325504327319805,1952.0,1060.73222126,1.1619807601091676
4505000014,717,0.08879889302322094,1952.0,1507.97391975,0.0058886225988538645
3705000063,969,48.18260669014499,1952.0,1810.73465696,2.660942424940253
3605000207,1934,1.3870498995661458,1952.0,1436.45005665,0.09656095547108248
3605000205,1070,3.9646822373303343,1952.0,1611.02189307,0.24609735313870537
3605000204,2880,3.288831311197318,1952.0,1048.11228233,0.3137861626701006
3605000137,3207,2.8530499372068143,1952.0,1213.98832352,0.23501461109068167
3605000123,2880,2.906200001237813,1952.0,1048.11228233,0.27727945280606786
3605000101,3391,0.8711831991582163,1952.0,1441.78274439,0.06042402730563978
3605000009,1934,15.984248739748676,1952.0,1436.45005665,1.1127604935340496
3405000007,2641,185.8474445556247,1952.0,1337.01595897,13.900166509515444
2305320003,2283,1.2830723745455173,1952.0,3221.37299085,0.03982998486018108
2205000040,3324,0.27792919110583864,1952.0,6213.20081886,0.004473204700903795
1705000298,1934,2.6413087134150404,1952.0,1436.45005665,0.183877518134876
4705000102,3593,1.0514891795210295,1953.0,1997.17674084,0.052648779550616025
3905000017,1775,1.1474302844195068,1953.0,470.42831495800004,0.24391182416856638
3905000009,2444,0.26127885666492306,1953.0,515.048721127,0.05072895940663782
3605000138,3059,6.5109830144309315,1953.0,1031.32760446,0.6313205412396639
3605000119,3682,9.338709550451737,1953.0,404.314930634,2.3097612387966606
3605000021,1640,0.4995356495615863,1953.0,1491.57311305,0.03349052387650816
3305000002,1938,0.1593165363288884,1953.0,121.854865617,0.13074285997707596
3305000001,1938,1.5521392348995249,1953.0,121.854865617,1.2737605733184492
6005000450,2021,0.2805290531986138,1954.0,1901.23750782,0.014755076735271992
5805000049,2881,11.619310331753391,1954.0,3294.54400605,0.35268341568411427
5805000047,2881,9.714260397634208,1954.0,3294.54400605,0.29485902691829996
5805000044,2881,0.5605130949418411,1954.0,3294.54400605,0.017013374048503584
5805000043,2881,8.83689909352655,1954.0,3294.54400605,0.26822829129915216
5805000016,2881,18.145846076921114,1954.0,3294.54400605,0.5507847533254567
5105590150,2485,4.271841142975088,1954.0,2286.14810077,0.1868575855403368
5105580006,3266,0.2417198541505185,1954.0,1495.48378472,0.016163321636802355
5105580004,3266,0.4107672383371742,1954.0,1495.48378472,0.027467181024238407
5105580003,3266,0.3864958928528953,1954.0,1495.48378472,0.025844204852094675
5105580002,3266,0.1707974467323949,1954.0,1495.48378472,0.011420882558373802
5105580001,3266,2.182874729970382,1954.0,1495.48378472,0.1459644532607943
4905000046,1088,0.07306038872435934,1954.0,1634.0224471,0.004471198596691503
4805000005,506,0.11078260816945408,1954.0,494.379018487,0.022408436447908676
3905000030,1581,9.58296602497984,1954.0,386.045442606,2.4823414467193348
3605000094,3059,20.822567490407586,1954.0,1031.32760446,2.0190061237922765
2305580001,2154,0.916822218128992,1954.0,2944.62381343,0.031135461648700236
2305380003,2048,0.08927440858941915,1954.0,1624.44100452,0.005495700264953513
5905000034,254,4.29469529655792,1955.0,1636.18408078,0.26248240323366046
5505000297,594,0.5519015706622716,1955.0,3216.8831520999997,0.017156407135956654
5505000032,594,0.6102557696526056,1955.0,3216.8831520999997,0.018970405227626223
5505000031,594,0.9178980836217996,1955.0,3216.8831520999997,0.028533771362587123
5205000801,468,40.40836519813011,1955.0,644.032484476,6.274274384002123
5205000771,468,41.861695039538496,1955.0,644.032484476,6.4999353368950255
5205000401,468,65.14866671611288,1955.0,644.032484476,10.115742340096302
5105580300,3474,0.3717401921551188,1955.0,1871.48228037,0.019863409664857966
4905000037,1997,0.1895482173214405,1955.0,2801.75150258,0.006765347217513564
4905000032,514,0.1395152383658422,1955.0,2799.76417411,0.004983106779348366
3905000023,2202,2.9044397832224877,1955.0,425.415079504,0.682730801787476
3605000024,2808,75.66331084584587,1955.0,1075.59461495,7.034556495000967
3405000041,2376,402.85426847441704,1955.0,3922.30106866,10.27086553078004
3105000007,3203,13.04345526418184,1955.0,2249.56339044,0.5798216364834522
3005000020,841,3.5550923564947627,1955.0,1027.86316622,0.34587214264800725
3005000010,841,3.606831677999788,1955.0,1027.86316622,0.3509058205932243
2305320002,2283,5.7643210461056285,1955.0,3221.37299085,0.1789398825432084
2305170006,2665,2.138438395823833,1955.0,3636.64790655,0.05880245904400787
2305170005,2665,0.470542661373341,1955.0,3636.64790655,0.012938911697386
2305170004,2665,0.6129508116185169,1955.0,3636.64790655,0.01685482970497434
2305170002,2665,0.1873885321076928,1955.0,3636.64790655,0.005152781817843449
2305170001,2665,1.7740489483031427,1955.0,3636.64790655,0.04878253253794207
1705100142,2881,1.001304219703751,1955.0,3294.54400605,0.030392801488308745
1705000480,3547,15.798710233067553,1955.0,2613.43330691,0.604519357402206
1105100066,998,0.1667870211392743,1955.0,1500.54457126,0.011115099433482607
6005000445,2009,0.958188978569918,1956.0,5491.29347213,0.017449240027564022
5905000032,1131,0.5429156997511417,1956.0,1602.417966,0.03388102924896573
5905000029,672,50.76825513877,1956.0,2419.30741231,2.098462348374964
5905000013,227,624.0618457660079,1956.0,3364.17119403,18.550240453680157
5005000028,70,1.1177864494666805,1956.0,3021.16287584,0.03699854974405816
4305000007,997,0.13351121857418866,1956.0,990.728647767,0.013476063185929784
3805030013,462,1.7367997707223304,1956.0,572.078836236,0.3035944804652496
3805010081,462,1.0142963050168337,1956.0,572.078836236,0.177300092359719
3805010072,462,3.438981829250593,1956.0,572.078836236,0.6011377473561892
3805010071,462,5.737287733517535,1956.0,572.078836236,1.00288410794325
3705000027,969,3.0764463830429998,1956.0,1810.73465696,0.16990045290279987
3705000026,2999,0.47490234236699996,1956.0,1661.17483588,0.028588341943876276
3405000043,2376,108.43517443224844,1956.0,3922.30106866,2.764580600369207
3405000042,2376,89.39034729232687,1956.0,3922.30106866,2.279028196141655
3405000036,2376,22.320281735790335,1956.0,3922.30106866,0.5690608993311099
3305000016,3291,1.586618585527927,1956.0,638.713394128,0.24840853505100663
6005000265,1803,1.6896270468476862,1957.0,1563.48046307,0.1080683185212298
6005000180,1380,1.13015629362103,1957.0,10923.640951899999,0.010345967050706265
6005000130,1380,1.9587994443620835,1957.0,10923.640951899999,0.017931745038007502
5205000651,468,72.08246929068748,1957.0,644.032484476,11.192365451773053
5105950070,1809,0.07258355764716684,1957.0,1521.57951019,0.004770277015501038
5105250001,2098,2.66657840273982,1957.0,1682.48345608,0.15849061654089916
4705000047,3614,3.0544506424834843,1957.0,7553.83430849,0.04043576437797276
4705000046,3614,0.2279610845814445,1957.0,7553.83430849,0.0030178194976454758
4705000043,1180,0.9937300752349274,1957.0,13498.781115900001,0.007361628184817579
4105000002,2025,0.2697583208594721,1957.0,1051.68968772,0.025649992008982415
3605000047,2886,0.7948788494591894,1957.0,1865.90561132,0.04260016394381639
3605000025,2987,16.650193917695173,1957.0,1105.06127402,1.5067213293182355
3405000046,2376,484.04329558097885,1957.0,3922.30106866,12.340799115309768
3405000030,3254,8.161230295025067,1957.0,2556.18545293,0.3192737946955431
5205000981,467,28.79167527817292,1958.0,2063.35401142,1.3953822329479222
5105870002,2170,0.4021078195583406,1958.0,1240.28416839,0.03242062019386352
5105870001,2170,0.6028495358586463,1958.0,1240.28416839,0.04860575916575627
4505000028,2523,0.22764222258816216,1958.0,1701.6498215,0.013377736107156061
4305000036,3535,0.11138193763792448,1958.0,1986.14171261,0.005607955209377122
4305000032,1188,0.8724961719196493,1958.0,1232.95602463,0.07076458158201371
4305000017,3535,0.0921929918772355,1958.0,1986.14171261,0.0046418133858174785
3805010083,462,4.076275566700219,1958.0,572.078836236,0.7125373827006302
3805010038,1122,6.041638180698513,1958.0,824.415421423,0.7328390546443458
3705000031,642,5.8895099686691985,1958.0,1467.72518164,0.40126789690208936
2405000030,3621,0.0749504358291885,1958.0,2678.7157267,0.0027979988724493167
2405000024,3621,0.5772691530343372,1958.0,2678.7157267,0.021550220774844763
6105011001,1024,6.505501244030622,1959.0,601.2710990319999,1.0819580808896314
6005000400,258,1.874934001557268,1959.0,3815.9251670999997,0.049134454148171025
6005000008,1872,0.14667061868239295,1959.0,2789.05387436,0.005258794748668999
5805000036,3547,17.955075814888318,1959.0,2613.43330691,0.6870301900344857
5805000035,3547,54.52909858943142,1959.0,2613.43330691,2.086492830915362
5805000030,3547,4.240252814555741,1959.0,2613.43330691,0.1622483651426795
5805000027,3547,163.30815027675249,1959.0,2613.43330691,6.24879731367013
5805000026,3547,20.44661528023275,1959.0,2613.43330691,0.7823660632996163
5805000025,3547,161.13763143539146,1959.0,2613.43330691,6.165744922946321
5505000010,3702,1.977179533870999,1959.0,4967.48720073,0.03980240821919866
5305000039,366,0.14543991622793698,1959.0,471.32963878,0.03085736695964991
5305000038,366,0.5273280003029635,1959.0,471.32963878,0.11188093362172404
5305000013,459,3.2904261539515747,1959.0,9351.92860761,0.03518446613540267
5205000931,466,286.66803068995665,1959.0,1575.8626175000002,18.19118161104273
4905000066,2150,0.08162914576249937,1959.0,1700.83505451,0.004799356971509281
4905000034,2150,0.31060520856372154,1959.0,1700.83505451,0.018261924208353347
4905000033,2150,0.5995062638595824,1959.0,1700.83505451,0.03524776034395037
4905000004,2048,0.1147643228039552,1959.0,1624.44100452,0.007064850153660488
4705000158,3350,1.7107049966454,1959.0,3157.74331566,0.05417492258353006
4705000112,1375,2.744209930695264,1959.0,8180.37688095,0.03354625307161367
4705000098,3641,0.1168429365456262,1959.0,3022.21857505,0.003866131242466245
4705000097,3641,0.10813868624493572,1959.0,3022.21857505,0.0035781226128936312
4705000044,3383,1.709246312287603,1959.0,6172.52133899,0.027691217549800876
3405000064,3254,37.94893480947941,1959.0,2556.18545293,1.4845923939509498
3305000023,1343,0.2497385412232002,1959.0,1024.94677639,0.02436600094522106
3305000003,1938,1.130816933910216,1959.0,121.854865617,0.9280031028588287
3005000011,841,0.7328719396009691,1959.0,1027.86316622,0.07130053529363536
2305430001,1997,0.13194351241823887,1959.0,2801.75150258,0.004709322446931441
2305020001,1275,0.9659487376505272,1959.0,439.920398156,0.21957352777899436
6005000700,211,0.12175607545316222,1960.0,2217.54923342,0.005490569211191076
5505000049,594,1.1167840391519592,1960.0,3216.8831520999997,0.03471633834206617
5205000413,2143,11.19918633383651,1960.0,2591.42975633,0.4321624503415779
5205000412,2143,119.48072445709444,1960.0,2591.42975633,4.610610191738472
5205000411,2143,92.89971267471924,1960.0,2591.42975633,3.5848825324242792
5105590140,2485,1.263801783606724,1960.0,2286.14810077,0.05528083605699305
4905000063,514,0.0983117978253478,1960.0,2799.76417411,0.0035114313817734143
4905000044,1088,0.09337441853483512,1960.0,1634.0224471,0.005714390197059559
4805000016,2270,0.27233778818791216,1960.0,1003.30885878,0.02714396327757621
4805000001,2149,0.3394318489582863,1960.0,901.624459473,0.03764669928727138
4705000092,1934,7.235730674777644,1960.0,1436.45005665,0.5037230943937144
4305000030,2135,0.1563532483561338,1960.0,587.250087964,0.026624644518694167
3905000002,454,229.22526955496573,1960.0,1357.5084612,16.88573413032998
3805010094,354,1.7178179436385361,1960.0,7126.480715899999,0.02410471608806695
3605000220,3177,3.28561593726865,1960.0,2206.50434476,0.14890593553877748
3605000096,3177,3.74004856994682,1960.0,2206.50434476,0.16950107434996337
1805000733,1223,0.6656920452365068,1960.0,2922.09949638,0.02278129290468
1305000136,2149,0.14287697413329842,1960.0,901.624459473,0.015846616918180113
1205000032,2732,0.30599257231584265,1960.0,1630.13237814,0.01877102598655109
1205000023,2732,0.23998759733741504,1960.0,1630.13237814,0.014721969856904731
5205020051,47,38.16468360375969,1961.0,6694.13370687,0.5701213222644829
5205000711,468,44.354304952653536,1961.0,644.032484476,6.886967043089642
5205000662,465,8.446578414763112,1961.0,1667.95103457,0.5064044591057585
5205000661,465,48.762813785027205,1961.0,1667.95103457,2.923515905105591
5205000633,2285,134.21131321377234,1961.0,4343.70319218,3.089790146237292
5205000632,2285,6.772640894272325,1961.0,4343.70319218,0.15591859283721685
4705000113,3480,3.4098563423916977,1961.0,2107.66894656,0.16178329846141365
4705000109,3480,0.6747331061045102,1961.0,2107.66894656,0.03201323942290679
4705000108,3480,15.304806333650696,1961.0,2107.66894656,0.7261484949346624
4705000106,3480,6.640038634838848,1961.0,2107.66894656,0.31504182123460545
4705000105,3480,0.3217850551736788,1961.0,2107.66894656,0.015267343369976361
4505000034,2259,0.2834204283600258,1961.0,2450.98431981,0.011563534946726892
4505000033,2259,0.4585114965402495,1961.0,2450.98431981,0.0187072390808193
4505000032,2259,0.3075426147912064,1961.0,2450.98431981,0.01254771857598204
4505000030,2259,0.8240057761672382,1961.0,2450.98431981,0.033619381793153005
4305000034,1191,0.2885872454046506,1961.0,415.90857778,0.06938718286240839
3805030024,354,1.1752571011401842,1961.0,7126.480715899999,0.016491409266260276
3805030003,2420,1.010462803053524,1961.0,115.949530007,0.8714677868832424
3805030002,3400,0.7046576444459993,1961.0,378.193925945,0.1863217772959358
3805010085,369,6.1020349530166165,1961.0,2447.8292578,0.24928352063660086
3805010082,462,4.672857624094064,1961.0,572.078836236,0.8168205722902092
3805010079,462,1.5300622289712775,1961.0,572.078836236,0.26745653431935035
3805010069,359,1.7076314470403309,1961.0,50977.8149267,0.0033497541028302226
3805010061,364,17.073623842896723,1961.0,327.155628406,5.218807919058131
3805010019,361,16.33483815932675,1961.0,15514.250629600001,0.105289250182417
3705000013,2683,0.5533395779680474,1961.0,1768.34909882,0.031291308844915565
3605000215,2976,1.3183604474702737,1961.0,1439.43022449,0.09158904857214444
3605000214,2976,1.4925490363682374,1961.0,1439.43022449,0.10369026653563966
3605000213,2976,0.19665201564221785,1961.0,1439.43022449,0.013661795639444281
3605000212,2976,0.6483886888012416,1961.0,1439.43022449,0.04504481549503173
3605000211,2976,0.6163605717523013,1961.0,1439.43022449,0.04281976029582692
3605000210,2976,0.24431414362750745,1961.0,1439.43022449,0.016972975797702846
3605000143,2976,0.0709441479208759,1961.0,1439.43022449,0.004928627085485293
3605000048,2882,62.651635618852694,1961.0,1868.18047944,3.3536179351168984
3405000034,3254,31.163594148811683,1961.0,2556.18545293,1.2191444917695917
3005000008,841,1.3377903481861264,1961.0,1027.86316622,0.130152572069091
2705000001,2629,0.9285376464613904,1961.0,1860.63718477,0.0499042830091655
2305550001,2048,0.5659972775878284,1961.0,1624.44100452,0.03484258745087962
2305130003,2732,3.016854801539316,1961.0,1630.13237814,0.18506808661647361
2305130002,2732,1.3658841608390713,1961.0,1630.13237814,0.08378976941722739
2305130001,2732,4.426985884822716,1961.0,1630.13237814,0.2715721707137649
1805000863,1498,12.645563094684984,1961.0,5562.99351777,0.22731579776771207
1105300081,2259,0.3096384299583948,1961.0,2450.98431981,0.012633227697776455
1105200081,2259,0.2765900616547786,1961.0,2450.98431981,0.011284856431730246
1105100081,2259,0.08012339500443738,1961.0,2450.98431981,0.0032690292776189006
6105009004,731,5.728606740753712,1962.0,2230.06147704,0.25688111290803484
6105009003,731,4.658529126590707,1962.0,2230.06147704,0.20889689250962062
6105009002,731,5.598521545671043,1962.0,2230.06147704,0.25104785690043213
6105009001,2533,0.3380390113163189,1962.0,971.266942912,0.03480392427470337
5805000007,2840,0.1612328237525132,1962.0,2745.56695364,0.005872478306848608
5705000049,1225,0.4684492561742183,1962.0,4578.68578808,0.01023108546547928
5305000032,658,0.0770605918384489,1962.0,1312.48252435,0.005871361363581793
5305000031,658,0.20168231620950666,1962.0,1312.48252435,0.015366476312466619
5205000841,465,115.12524827202516,1962.0,1667.95103457,6.902195920979455
4905000077,678,0.14039200600668886,1962.0,2229.69887642,0.006296455879822749
4905000062,3620,0.13778434210153126,1962.0,2327.64052862,0.005919485436319505
4805000015,2447,0.4449199500722458,1962.0,370.235832481,0.12017203928933014
4805000010,2447,0.43407736659835466,1962.0,370.235832481,0.11724347794473161
4805000009,2447,0.2080132935387456,1962.0,370.235832481,0.05618399822211173
4705000023,1653,3.464531725729838,1962.0,1100.90352885,0.3146989390931353
4705000002,1942,11.119008394986585,1962.0,1810.1834422000002,0.6142476025232634
3605000218,962,0.9550336374529076,1962.0,1218.30134515,0.0783905920530131
3605000209,2832,0.7592843066109036,1962.0,1494.65424217,0.050799996761026395
3605000140,962,28.417829308433763,1962.0,1218.30134515,2.3325780129492424
3605000093,2832,2.6529261264231967,1962.0,1494.65424217,0.17749430280086517
3605000039,2976,1.528367899455798,1962.0,1439.43022449,0.10617867218935947
3405000065,3254,8.530989441320191,1962.0,2556.18545293,0.3337390654321124
3405000033,3254,52.12356253054619,1962.0,2556.18545293,2.0391150599343297
3105000001,891,7.675569685116482,1962.0,3580.97296444,0.21434313415200004
3005000017,841,0.10425184979498807,1962.0,1027.86316622,0.010142580571145244
6005000043,87,0.4399925421444125,1963.0,5640.89235327,0.007800052094405787
6005000013,583,0.4880835755114442,1963.0,4559.20487351,0.01070545389059656
5205001271,2266,110.96964467347038,1963.0,2847.31901201,3.897337959160884
5105080001,389,22.264548680781843,1963.0,1168.41556471,1.9055333866857458
5105040001,2819,2.8289779307078478,1963.0,1323.06647586,0.21381978776757968
4705000022,1798,1.0801112099683772,1963.0,1991.30213999,0.054241452779928284
4705000021,1798,1.0389038981652834,1963.0,1991.30213999,0.05217208766573719
4305000042,1390,0.1224673978282552,1963.0,1807.72235748,0.006774679602844384
4305000039,495,0.08120645194358203,1963.0,444.137598762,0.0182840750636602
3605000066,3218,0.6590935378799573,1963.0,1859.64863376,0.03544183164038598
3405000117,805,118.9016503659852,1963.0,3901.17138019,3.0478448337277175
2305530004,2038,0.06973204163873205,1963.0,1204.33026702,0.005790109536255143
2305530001,2038,0.1403698245803749,1963.0,1204.33026702,0.011655426125568245
1705100118,2661,7.0411669987104215,1963.0,1149.95006817,0.6123019767210891
1105000055,2269,0.07677769761696639,1963.0,466.638861332,0.016453344112363006
6005000425,2009,0.8629599929386599,1964.0,5491.29347213,0.015715058707360056
6005000421,2009,6.264892500091322,1964.0,5491.29347213,0.11408773783239913
6005000420,2009,4.450836630737077,1964.0,5491.29347213,0.08105260906790794
6005000200,1380,8.028545961432862,1964.0,10923.640951899999,0.07349697776396083
6005000150,1380,39.58653805423014,1964.0,10923.640951899999,0.3623932554039564
5905000036,224,1.1858334628653882,1964.0,1041.93036229,0.11381120138001465
5805000008,2939,0.9238809305724404,1964.0,2469.8968870999997,0.03740564779840685
5705000039,3114,0.23888593759832424,1964.0,1532.56354027,0.01558734312289841
5605470002,3450,7.150601024554617,1964.0,338.553643491,2.112102812074656
5505000007,1301,3.754838792846852,1964.0,4592.746856399999,0.08175584046428509
5505000004,1556,0.17934245520537118,1964.0,6780.17735905,0.0026450997622649154
5305000020,459,2.279516128849878,1964.0,9351.92860761,0.02437482389455961
5205000544,466,146.75845218778358,1964.0,1575.8626175000002,9.312896350102267
4805000003,1087,0.7729703687748027,1964.0,976.932331277,0.07912220161292156
4705000069,1736,0.5994389603428034,1964.0,1078.70537302,0.05557022105717178
4705000068,1736,0.1406298108867747,1964.0,1078.70537302,0.01303690649959962
4705000067,108,0.21313466798611694,1964.0,1488.25434054,0.014321118519888402
4705000066,108,2.1381704063693823,1964.0,1488.25434054,0.1436696905982862
4705000052,1705,1.6049549568976609,1964.0,1488.37659592,0.10783258493161142
4705000029,1984,44.37983585894361,1964.0,1338.18338555,3.3164240669976093
4705000016,1942,1.3177983560512527,1964.0,1810.1834422000002,0.07279916086568945
4705000014,1942,1.4813901518620498,1964.0,1810.1834422000002,0.0818364657043624
4705000013,1942,0.4457014954305151,1964.0,1810.1834422000002,0.02462189660119934
4705000012,1942,10.737178461383513,1964.0,1810.1834422000002,0.5931541638859607
4705000011,1942,5.231249810424637,1964.0,1810.1834422000002,0.2889900376100477
4705000010,1942,9.884084903207736,1964.0,1810.1834422000002,0.546026699437442
4705000007,1942,5.5792728548653265,1964.0,1810.1834422000002,0.30821588159510377
4705000004,1942,13.065133977566838,1964.0,1810.1834422000002,0.7217574568955383
4505000011,2598,1.684844141936373,1964.0,1253.42680778,0.13441902881592865
3905000037,2370,0.5440809166729532,1964.0,1062.97454779,0.05118475487528241
3805020021,739,0.2260883901112623,1964.0,18860.620776599997,0.0011987324955484273
3805020019,739,0.6362392577881576,1964.0,18860.620776599997,0.0033733738953997056
3805020017,739,0.2901117021706554,1964.0,18860.620776599997,0.0015381874520831852
3705000010,2748,6.269466066112575,1964.0,2151.52224835,0.29139675738517795
3605000006,2808,33.72684717033605,1964.0,1075.59461495,3.1356467112754998
3405000122,2916,2.2476341625966287,1964.0,1756.65374673,0.12794975485525167
3405000119,2916,7.012095794081488,1964.0,1756.65374673,0.3991734744046435
3405000118,3282,5.74883941354678,1964.0,1583.8613570999999,0.3629635502991703
3405000057,797,13.50603702286874,1964.0,2306.41263234,0.5855863271597684
2305490002,519,0.1927070890291566,1964.0,2988.81834094,0.006447601260655713
2305490001,519,0.06968120605912623,1964.0,2988.81834094,0.0023313964955531926
2305180002,1279,0.18948021380293806,1964.0,1703.73440201,0.011121464330320303
2305100001,959,1.8263581189183613,1964.0,1108.06491561,0.16482410851470142
2305050002,815,0.06806012945918392,1964.0,1243.85749412,0.005471698307958892
2205000053,2657,2.9118658768428323,1964.0,17216.0051738,0.01691371399721827
2205000051,2657,22.352096841892617,1964.0,17216.0051738,0.12983323724779616
2205000050,2657,9.142292117638744,1964.0,17216.0051738,0.05310344662042649
6005000300,3618,0.17439302470052553,1965.0,1461.88471812,0.011929328115885698
6005000255,1988,2.1956136025684216,1965.0,1062.94841957,0.20655880964164045
6005000090,1380,0.8804862303338884,1965.0,10923.640951899999,0.008060373223643362
6005000041,87,0.1663490817280482,1965.0,5640.89235327,0.0029489852191846274
6005000040,87,0.4978902536078347,1965.0,5640.89235327,0.008826444867702713
6005000027,433,0.10788455062037514,1965.0,25719.6781028,0.00041946306710825495
6005000025,433,2.200204909509921,1965.0,25719.6781028,0.008554558500755082
5905000051,502,1.0977102618232115,1965.0,1262.67110883,0.08693556494219287
5805000017,1518,0.2387566010506464,1965.0,1308.59547457,0.018245256512834953
5505000018,1621,3.2389867774701564,1965.0,4753.27866397,0.06814216052641257
5305000007,663,0.2967629332455239,1965.0,1408.79783869,0.02106497647110781
5305000006,663,0.12381915564270092,1965.0,1408.79783869,0.008788993867128357
5205000424,2285,0.7202443879539743,1965.0,4343.70319218,0.016581344444773192
5205000423,2285,2.0686500515801933,1965.0,4343.70319218,0.04762411150247096
5205000422,2285,59.85999596072558,1965.0,4343.70319218,1.378086699581407
5205000421,2285,21.653160489973985,1965.0,4343.70319218,0.49849539740552085
4705000001,2024,2.240592059703308,1965.0,2273.35276841,0.09855892542671216
4505000024,2519,0.19030759299306116,1965.0,532.548984985,0.035735227811657826
4305000061,2406,1.7785188727397574,1965.0,733.5522852610001,0.24245291146587528
4305000004,482,0.26336397264362565,1965.0,1636.99130818,0.016088293891824788
3805010028,361,7.042672103446318,1965.0,15514.250629600001,0.045394858389160214
3705000061,624,0.8408469281563575,1965.0,751.52664368,0.11188517868627823
3705000012,2683,24.713399632913863,1965.0,1768.34909882,1.3975407711862347
3605000091,2887,1.6635569148337457,1965.0,1605.14468018,0.10363906352960003
3005000021,841,3.163926706289496,1965.0,1027.86316622,0.30781594382109617
2305140001,1275,0.19349483143702126,1965.0,439.920398156,0.04398405535367018
1505000046,2042,0.15961849996202945,1965.0,507.074017545,0.03147834328700626
6005000540,2330,0.6086018426179087,1966.0,3276.10922133,0.01857697047019803
5505000005,1556,0.15641966045350075,1966.0,6780.17735905,0.002307014288419992
5305000033,2282,0.1954094550532094,1966.0,146.85983891200001,0.13305847023998224
5305000012,2159,0.16000107815427764,1966.0,8307.72767397,0.0019259307049218455
5305000011,2159,0.8137302593308705,1966.0,8307.72767397,0.009794859572497453
5105660001,287,91.57706768748467,1966.0,993.719112538,9.215588845181113
5105590250,44,0.21248151456592845,1966.0,1395.4542838,0.015226691195308398
5105130001,44,65.98322459735921,1966.0,1395.4542838,4.728440434299178
4905000058,514,0.14601379089578054,1966.0,2799.76417411,0.005215217490315804
4705000056,1704,1.111485371549175,1966.0,1406.31322504,0.07903540632049172
4705000032,1994,12.082566002896455,1966.0,1141.06205528,1.058887721924253
4705000026,2024,5.400881798083688,1966.0,2273.35276841,0.23757341461180728
4705000025,2024,4.696526895312488,1966.0,2273.35276841,0.20659032599666763
4505000027,2584,0.31226782229534306,1966.0,66.4340996621,0.47004147551274605
3405000106,797,0.5277754298051083,1966.0,2306.41263234,0.022882957819635553
1505000422,287,1.1283661108065506,1966.0,993.719112538,0.11354980462483573
1505000285,287,2.1434830752975715,1966.0,993.719112538,0.21570311451724286
6005000028,151,0.22414375876764933,1967.0,2973.45895423,0.007538148742520412
6005000024,151,0.5794421448364285,1967.0,2973.45895423,0.019487141196690223
6005000023,151,0.21220165967209548,1967.0,2973.45895423,0.007136525606658213
6005000022,151,1.6573406693489396,1967.0,2973.45895423,0.055737802164419675
6005000021,151,1.2010015370539981,1967.0,2973.45895423,0.04039072190135568
5905000035,224,37.87033658778716,1967.0,1041.93036229,3.6346322132847804
5905000009,227,132.93932264742574,1967.0,3364.17119403,3.9516218105469054
5205001201,1487,45.20592740781478,1967.0,3920.93405499,1.1529377126423024
5105950077,2385,0.29221743653873355,1967.0,2108.94040785,0.013856125827502175
5105160001,2503,78.42163113400619,1967.0,1024.02297152,7.6581906182828785
5105070003,1639,12.37661215261468,1967.0,1113.13965954,1.1118651686284595
5105070002,1639,87.1989467022144,1967.0,1113.13965954,7.8336034436369815
4905000035,514,0.472458305931693,1967.0,2799.76417411,0.01687493219252582
4705000091,2110,1.8018694351500064,1967.0,879.68153565,0.20483201728436853
4305000055,1193,0.17160963002246404,1967.0,390.63376913400003,0.04393107907770165
4305000054,1193,0.21971396373867666,1967.0,390.63376913400003,0.05624551206255485
4305000024,1193,0.18834661500683786,1967.0,390.63376913400003,0.048215651049417815
4305000023,1193,0.5460496950379388,1967.0,390.63376913400003,0.13978558388551043
3605000044,2976,26.422687164557985,1967.0,1439.43022449,1.8356351502845318
3005000108,895,6.011965058703322,1967.0,2812.76039261,0.21373896882573548
3005000007,841,0.9532571260327016,1967.0,1027.86316622,0.09274163695721635
2705000019,2646,0.11927774889718445,1967.0,1682.42232422,0.007089643734517353
2705000007,2556,0.16170943893521153,1967.0,1647.86142803,0.009813291104734053
2305410001,523,0.59725381171,1967.0,1241.25256537,0.0481170253639691
2305110001,2154,4.115226496682532,1967.0,2944.62381343,0.13975389582579562
6005000430,145,0.8512399998201935,1968.0,11834.368836299998,0.0071929480278589385
6005000215,1380,14.60750941006216,1968.0,10923.640951899999,0.13372381492931998
5705000066,2071,0.6569768462950681,1968.0,2233.09296692,0.029420040098071032
5705000065,2071,0.24436008667172035,1968.0,2233.09296692,0.01094267414261551
5705000064,2071,0.1494944042206804,1968.0,2233.09296692,0.006694499800734718
5205010371,1459,3.756438333118597,1968.0,14297.655370700002,0.026273107273354877
5205001341,1487,8.629764974279903,1968.0,3920.93405499,0.22009462167049665
5205001331,1487,1.6305036588251838,1968.0,3920.93405499,0.04158457234826772
5105260005,2144,74.16234988213078,1968.0,2198.75582602,3.3729234053411536
5105260003,2144,10.722157295349165,1968.0,2198.75582602,0.48764656668391865
5105260002,2144,3.80026003040124,1968.0,2198.75582602,0.1728368373345096
5105060001,2859,49.85868833912085,1968.0,1325.74999326,3.7607911440768
4705000152,1623,1.0648477843207942,1968.0,2192.15575077,0.04857537079410365
4705000151,1623,1.315015857697249,1968.0,2192.15575077,0.05998733699625798
4705000150,1623,1.2479952188378047,1968.0,2192.15575077,0.056930043332890166
4705000149,1623,1.3034098836042682,1968.0,2192.15575077,0.05945790499358645
4705000148,1623,0.5292789376072516,1968.0,2192.15575077,0.024144221386703073
4705000147,1623,3.7214099123868833,1968.0,2192.15575077,0.16976028783902464
4705000146,1623,1.2306818572712317,1968.0,2192.15575077,0.05614025631340071
4705000055,1670,15.833551565860288,1968.0,1490.2494535,1.062476589316883
4705000054,1670,5.1251370864538295,1968.0,1490.2494535,0.34391135486860486
3905000035,2238,3.917290537779858,1968.0,940.807009022,0.41637556908212353
3005000009,841,0.7071317740851609,1968.0,1027.86316622,0.0687962948108804
2305420001,2146,0.2734450386887504,1968.0,2633.96384996,0.010381503098188041
6005000625,1872,0.07121570541351918,1969.0,2789.05387436,0.002553400135731008
6005000499,143,0.1564825481385405,1969.0,6876.0689827,0.0022757559374730865
6005000497,143,0.11359169776413545,1969.0,6876.0689827,0.0016519860119194416
6005000495,143,0.10742429432265167,1969.0,6876.0689827,0.0015622922718333432
6005000479,143,1.3912205898026886,1969.0,6876.0689827,0.020232789887695446
6005000477,143,0.3036574577688586,1969.0,6876.0689827,0.004416149089441255
5505000019,1621,0.2918866312597633,1969.0,4753.27866397,0.006140743093231058
5305000030,459,1.3808987115108289,1969.0,9351.92860761,0.014765924436026406
5305000029,459,2.543062549922116,1969.0,9351.92860761,0.027192920911016518
5105950071,3668,1.1631454345447618,1969.0,1532.07513696,0.07591960775844962
5105590225,389,0.2296166626434103,1969.0,1168.41556471,0.01965196883528345
5105590220,389,0.12550675949180032,1969.0,1168.41556471,0.01074161995804558
4705000166,1671,0.7399574694739016,1969.0,156.46813096399998,0.4729125764556811
4705000156,1671,0.6310373789172615,1969.0,156.46813096399998,0.4033008990581283
4705000127,1671,1.796448489431304,1969.0,156.46813096399998,1.1481242080181995
4705000126,1671,1.0043539493695897,1969.0,156.46813096399998,0.6418904240638436
4705000125,1671,2.864987487399421,1969.0,156.46813096399998,1.831035796074406
4705000124,1671,1.2868545318180054,1969.0,156.46813096399998,0.8224387444840658
4705000122,2110,0.3820782972750732,1969.0,879.68153565,0.04343370660755703
4705000048,1385,2.630420404686641,1969.0,7022.81499189,0.037455356687087306
4305000051,3483,2.690249329797484,1969.0,1151.92388801,0.23354401777751221
4305000051,3483,2.690249329797484,1969.0,1151.92388801,0.23354401777751221
2305270002,2038,0.14990041432309265,1969.0,1204.33026702,0.012446786270182088
2305270001,2038,0.3170303023651335,1969.0,1204.33026702,0.02632419951958815
2205000077,747,0.08235227993112419,1969.0,2416.50078607,0.0034079144689646568
2205000076,747,0.09396948154327957,1969.0,2416.50078607,0.0038886592582534968
2205000075,747,0.08391555465502873,1969.0,2416.50078607,0.0034726061393715564
2205000074,747,0.093236692483287,1969.0,2416.50078607,0.0038583348708493316
2205000071,747,0.10456202409374513,1969.0,2416.50078607,0.004327001451706386
2205000066,747,5.591242786497425,1969.0,2416.50078607,0.2313776522949354
2205000065,747,3.307334147792776,1969.0,2416.50078607,0.1368646005355353
2205000064,747,3.3549389826949767,1969.0,2416.50078607,0.13883459099349918
2205000063,747,1.4799173382830648,1969.0,2416.50078607,0.0612421625026608
2205000062,747,0.3831515504528323,1969.0,2416.50078607,0.015855635250007875
2205000061,747,0.3588024171458027,1969.0,2416.50078607,0.014848015743016982
2205000060,747,0.12139128176570906,1969.0,2416.50078607,0.005023432330975151
2205000059,747,0.3623460176213699,1969.0,2416.50078607,0.014994657552363556
2205000058,747,0.09520022997036752,1969.0,2416.50078607,0.003939590275291962
1805000535,1076,0.15934681292817446,1969.0,2904.21250298,0.005486747707499688
1805000010,3552,0.2309207104227855,1969.0,4483.70280372,0.005150223387491187
1805000009,3552,0.2815932271807566,1969.0,4483.70280372,0.006280372261674586
1505000071,217,0.11086865136125504,1969.0,1601.29241531,0.0069236980267462
1305000004,1089,0.2076010193599886,1969.0,1916.11467936,0.010834477789676411
6005000015,145,0.18250796574650294,1970.0,11834.368836299998,0.0015421858847823762
6005000002,1625,0.07919605308794568,1970.0,2262.42846118,0.0035004887202771447
5805000003,2935,2.8265496670567853,1970.0,1687.46793944,0.167502421882741
5105550003,3668,1.7315084735864392,1970.0,1532.07513696,0.11301720338743712
5105550002,3668,3.265020576401884,1970.0,1532.07513696,0.21311099551425775
5105550001,3668,11.22224674712862,1970.0,1532.07513696,0.7324867088043877
4905000023,677,0.10752682406586256,1970.0,1150.54821263,0.009345703455578846
4905000019,677,0.20240473652918747,1970.0,1150.54821263,0.01759202563676295
4705000094,1736,21.804476051927303,1970.0,1078.70537302,2.0213560252214515
4705000018,1911,0.8767228436254559,1970.0,1119.23534569,0.0783323049081302
3905110001,3409,1.9024529308521947,1970.0,549.174212994,0.34642065957182516
3605000095,1892,1.5092437383108437,1970.0,1491.37740751,0.10119797515443614
3605000008,3601,3.5323060503623136,1970.0,1181.76617213,0.29890058910687306
3005000016,841,2.413423333121975,1970.0,1027.86316622,0.23480006020620597
6005000210,1380,2.7642229312403166,1971.0,10923.640951899999,0.025304959613850382
6005000155,1380,0.8935348099407153,1971.0,10923.640951899999,0.008179825882919546
6005000079,2008,1.0921151886310645,1971.0,1225.77784186,0.08909568694551409
6005000029,2008,0.9001523786348374,1971.0,1225.77784186,0.07343519746359117
5205000313,3591,0.595542334321823,1971.0,10886.3317305,0.005470551045705368
5205000312,3591,0.24421733199594994,1971.0,10886.3317305,0.0022433390607759225
5205000311,3591,0.4170753264938457,1971.0,10886.3317305,0.0038311833298753403
5105190002,2227,29.90212210812059,1971.0,2256.70555471,1.3250342759918978
5105190001,2227,55.071731550917214,1971.0,2256.70555471,2.440359640006038
4705000093,1671,19.53005710321732,1971.0,156.46813096399998,12.481811460834011
4705000090,1671,9.665491951177314,1971.0,156.46813096399998,6.177291114572807
4605000001,2762,0.3910644568533725,1971.0,89.2593150975,0.4381217315259521
4505000006,3451,1.2506211041888786,1971.0,1755.21273775,0.07125182476695358
4305000003,490,0.08595285345832332,1971.0,2796.81699223,0.003073238388393447
3905000034,1481,21.01869787405484,1971.0,589.118001611,3.5678247509967758
3905000016,1481,2.398659799323956,1971.0,589.118001611,0.4071611787052152
3905000006,1879,26.831922965373348,1971.0,969.31639683,2.7681284514656945
3805020015,2361,41.94935046525813,1971.0,25795.829209599997,0.16262067066891012
3605000129,962,43.22011191775169,1971.0,1218.30134515,3.547571550323646
3405000020,3415,11.242228042030606,1971.0,1379.82944036,0.8147549047147078
2305220001,2640,0.8385372159686597,1971.0,211.339566376,0.39677246922935167
2305040001,2665,4.386402344674643,1971.0,3636.64790655,0.1206166353573645
2305040001,2665,4.386402344674643,1971.0,3636.64790655,0.1206166353573645
1805000724,577,0.27617014497690234,1971.0,4402.37441108,0.006273208936564569
1505000045,2042,0.19696378640197615,1971.0,507.074017545,0.03884320229136897
6005000585,208,0.3452646533541011,1972.0,1242.64367419,0.027784686835440345
6005000005,211,0.12445379964100188,1972.0,2217.54923342,0.00561222261789714
5705000042,2019,2.010825119025597,1972.0,2053.35070386,0.09792896631079819
5305000019,460,0.7086320202122874,1972.0,2629.2659955,0.026951705206894782
5205001191,1487,13.042099311888926,1972.0,3920.93405499,0.33262735687408007
4905000017,708,0.33707399867623183,1972.0,3425.60301889,0.009839844162253631
4905000015,708,0.14864307725299486,1972.0,3425.60301889,0.0043391798884261775
4805000008,1328,0.3488440744793572,1972.0,3800.83651968,0.0091780867888716
4705000061,1703,7.489238352072319,1972.0,1772.94116062,0.4224188889299249
3805010023,361,44.2378548974708,1972.0,15514.250629600001,0.2851433559611855
3605000146,963,89.4924267407271,1972.0,1985.71654732,4.506807724471528
3605000141,2987,42.82221880950209,1972.0,1105.06127402,3.8750990389630715
2405000013,3009,0.7857155549164979,1972.0,1068.02614474,0.07356707125440007
2405000012,3009,2.3523456316972338,1972.0,1068.02614474,0.2202516898376011
2205000029,2610,0.36124062145600294,1972.0,10974.8118896,0.0032915427169947524
2205000028,2610,0.16962324785754576,1972.0,10974.8118896,0.0015455686125999562
2205000008,747,0.5982164529249065,1972.0,2416.50078607,0.02475548348145986
2205000007,747,2.498760888679968,1972.0,2416.50078607,0.10340409997315785
1705000268,1703,0.40697036990740176,1972.0,1772.94116062,0.0229545333453189
1505000935,1481,2.7904258003954587,1972.0,589.118001611,0.4736616081608048
1505000042,128,0.06726525471424523,1972.0,1303.17818697,0.005161631416701553
5105090001,2097,5.150895854608901,1973.0,1596.81551462,0.32257300905763553
4305000037,1189,0.08199529071770426,1973.0,1010.38764446,0.00811523093807491
4305000035,1189,0.5977784082713206,1973.0,1010.38764446,0.05916327377407729
4305000033,1189,0.987577653840082,1973.0,1010.38764446,0.09774245154867181
3805030008,359,27.618891108660325,1973.0,50977.8149267,0.05417825606761096
2205000055,2997,0.20558627637319907,1973.0,1844.21213759,0.011147647940429313
2205000054,2997,1.8949373169462715,1973.0,1844.21213759,0.10275050675149329
2205000052,2610,0.1608051545426753,1973.0,10974.8118896,0.0014652201437280051
2205000037,2610,0.1121967601294048,1973.0,10974.8118896,0.0010223114642696081
2205000033,2610,0.07183681542515766,1973.0,10974.8118896,0.00065456079017839
2205000021,2610,0.14371112759530064,1973.0,10974.8118896,0.0013094632422035845
2205000013,2997,2.557837210524489,1973.0,1844.21213759,0.13869538966742992
2205000012,2997,0.8286898771344294,1973.0,1844.21213759,0.04493462873622304
2205000011,2997,1.3395230074412563,1973.0,1844.21213759,0.07263388956932758
1805000559,1579,1.0294216046044609,1973.0,10404.742442499999,0.009893773058712222
1805000507,1579,1.8263997715450355,1973.0,10404.742442499999,0.01755353178263005
1505000852,1080,0.2213264685865955,1973.0,1146.4191813,0.019305893707711595
1505000057,1080,0.7684848596640853,1973.0,1146.4191813,0.06703349631612496
6005000320,1803,0.3515244790014587,1974.0,1563.48046307,0.022483458367699494
4505000017,1327,0.18853859565566009,1974.0,3005.92943133,0.006272222950098981
4505000016,1327,0.1176618514754256,1974.0,3005.92943133,0.0039143251418036476
4505000013,715,0.2361726254595805,1974.0,3257.31521089,0.007250530273213896
3805010088,369,0.8025579289838906,1974.0,2447.8292578,0.03278651590696297
3805010087,369,3.405891761950236,1974.0,2447.8292578,0.13913927007357121
2305020003,1275,0.2339055180152091,1974.0,439.920398156,0.05316996415616626
2305020002,1275,0.7256531805790516,1974.0,439.920398156,0.1649510192345589
1805000508,1579,0.6074390310416588,1974.0,10404.742442499999,0.005838097717445338
6005000065,1380,0.5670368152704612,1975.0,10923.640951899999,0.005190914071299953
5105780003,93,0.29444497066218506,1975.0,1484.54377803,0.019834037568963816
5105780002,93,1.1311506307755501,1975.0,1484.54377803,0.07619516834165678
5105780001,93,4.244638625960564,1975.0,1484.54377803,0.28592209194350804
5105590100,287,60.807928837534554,1975.0,993.719112538,6.119227060273459
5105240001,389,3.7854797457963913,1975.0,1168.41556471,0.3239840224771351
4705000153,1822,0.6831767473739935,1975.0,6671.53132626,0.010240178962885513
4705000096,1822,0.152611263934033,1975.0,6671.53132626,0.002287499772853281
4305000050,495,1.1160655290316257,1975.0,444.137598762,0.2512882341289218
2705000022,2646,0.09998837049242447,1975.0,1682.42232422,0.0059431195754479065
2705000020,2646,0.14590971845840886,1975.0,1682.42232422,0.008672597620579906
5705000026,1076,1.473524541090114,1976.0,2904.21250298,0.0507374904411484
5205002131,2286,141.61851685739356,1976.0,2002.89484391,7.070691568656172
5205002130,2286,32.89709539130489,1976.0,2002.89484391,1.6424774116989598
5205000302,377,1.163371731015156,1976.0,6768.33044087,0.01718845941667139
5205000301,377,4.76222487581276,1976.0,6768.33044087,0.07036040745080148
5105050001,236,8.762315204771296,1976.0,1839.46168146,0.47635214655934316
2305470001,513,0.5680880601790208,1976.0,2303.01196313,0.024667177994461574
2305120002,2626,11.199428444166152,1976.0,1063.9446124,1.0526326571552411
2305120001,2626,7.655662221258331,1976.0,1063.9446124,0.7195545832023172
1105000072,1188,0.20693338856944327,1976.0,1232.95602463,0.01678351737090885
6005000190,1380,0.3444189444566646,1977.0,10923.640951899999,0.003152968373578392
5805000005,3061,3.839316366381509,1977.0,2846.35183032,0.13488551645247157
5805000004,3061,3.5267872237034084,1977.0,2846.35183032,0.12390552658091149
5305000002,380,21.231492086577088,1977.0,1496.065975,1.419154799411643
5205000741,467,51.2126282335102,1977.0,2063.35401142,2.4820088045999276
5105050002,236,0.1155071468567862,1977.0,1839.46168146,0.006279399458058129
4305000046,134,0.18533618425438128,1977.0,17682.465657099998,0.0010481354119297479
3905000021,2370,1.931094878716228,1977.0,1062.97454779,0.1816689668375515
2405000007,2538,0.9222011675366826,1977.0,1273.01612646,0.07244222193014453
2305500001,2154,0.7311347869100513,1977.0,2944.62381343,0.02482948020645123
2305500001,2154,0.7311347869100513,1977.0,2944.62381343,0.02482948020645123
2305500001,2154,0.7311347869100513,1977.0,2944.62381343,0.02482948020645123
2305500001,2154,0.7311347869100513,1977.0,2944.62381343,0.02482948020645123
2305500001,2154,0.7311347869100513,1977.0,2944.62381343,0.02482948020645123
2305500001,2154,0.7311347869100513,1977.0,2944.62381343,0.02482948020645123
2305500001,2154,0.7311347869100513,1977.0,2944.62381343,0.02482948020645123
2305500001,2154,0.7311347869100513,1977.0,2944.62381343,0.02482948020645123
2305440001,2665,7.13495280874001,1977.0,3636.64790655,0.19619586476571407
1805000534,1076,0.9496795557833564,1977.0,2904.21250298,0.032700071183113986
5705000021,1840,0.4811444297079727,1978.0,1519.75149918,0.03165941471139064
4705000137,1501,0.2355456002029924,1978.0,7212.53220149,0.0032657823025640316
4505000021,654,7.1249385259331275,1978.0,245.209843552,2.905649472600471
4505000015,1327,0.33760790151400505,1978.0,3005.92943133,0.011231398115844239
3805020006,745,2.876722441159793,1978.0,429.73847776699995,0.6694123496010344
3805010043,3400,0.2337148409466009,1978.0,378.193925945,0.06179761887042829
3805010042,3400,0.15962287578026554,1978.0,378.193925945,0.04220662068577991
2205000032,1582,38.80270047215871,1978.0,3991.83071403,0.9720527560394712
2205000031,1582,0.3541503451109884,1978.0,3991.83071403,0.008871877854595986
2205000010,2997,1.1350509568044884,1978.0,1844.21213759,0.061546659067528035
1805000836,1364,0.13013920219243388,1978.0,12991.822646600001,0.00100170088318202
5505000013,586,0.7699906854149351,1979.0,13762.0846001,0.005595014910817654
5505000012,586,0.5124302577372281,1979.0,13762.0846001,0.0037234930072549076
5105920005,92,2.116400484361989,1979.0,1483.09512201,0.14270160106073887
5105120001,2511,47.37834903305674,1979.0,1804.20032115,2.6260026936952165
4905000031,2217,2.4837203438966307,1979.0,171.570727154,1.4476364267357045
4905000030,2217,2.3703718191240917,1979.0,171.570727154,1.381571237963264
4905000029,2217,1.7383346082272,1979.0,171.570727154,1.0131883434094733
4305000052,484,0.07849960967411405,1979.0,657.184822778,0.011944829970705452
3805030012,462,1.7632838438297955,1979.0,572.078836236,0.3082239251204159
3805010002,3080,2.2554054734731332,1979.0,1619.80699957,0.13923914849558383
2205000024,2658,0.17677915297295838,1979.0,17950.539806,0.0009848124618172744
1805500528,3589,0.08784521274909607,1979.0,2236.95965635,0.003926991374195422
1805000546,1225,0.32055438064525105,1979.0,4578.68578808,0.007001012855692605
1305000617,2154,1.478905816686274,1979.0,2944.62381343,0.050223930470887315
5805000020,2939,3.1453500463226325,1980.0,2469.8968870999997,0.12734742339854146
5505000014,586,0.9386731949158136,1980.0,13762.0846001,0.006820719550793873
5105700001,1809,6.5539056910787235,1980.0,1521.57951019,0.43073041186394107
5105630002,2474,8.95490522130714,1980.0,405.458582551,2.208586920263492
4705000138,1099,0.3101478034100906,1980.0,9020.11272782,0.003438402742501509
3605000099,2882,3.4282534602458568,1980.0,1868.18047944,0.18350761599187138
2205000056,1538,6.761036142862414,1980.0,4258.82774445,0.1587534539680134
2205000027,1538,6.610815952239514,1980.0,4258.82774445,0.15522618778969324
2205000026,1538,1.7304924007016107,1980.0,4258.82774445,0.04063306864093637
1805000858,1180,0.20237659326522744,1980.0,13498.781115900001,0.001499221237292686
1805000835,1245,0.6642870242756693,1980.0,2520.27156327,0.0263577558052423
4705000028,2024,1.823182885987749,1981.0,2273.35276841,0.08019797504911202
4705000027,1562,4.9114991737308875,1981.0,1209.76893883,0.40598654966963615
3905000004,2510,0.7422513356322116,1981.0,413.63122248699995,0.17944760822680397
3605000046,963,116.90516121820556,1981.0,1985.71654732,5.887303571901302
3105000002,1436,119.58581382574472,1981.0,3320.84678601,3.6010638711046097
2405000029,2559,0.09865995823858636,1981.0,528.399739399,0.018671462319569242
2405000028,2559,0.29628705424579954,1981.0,528.399739399,0.056072520887840586
2405000022,2559,0.1174735521902491,1981.0,528.399739399,0.022231947412363052
2305400001,2044,1.2151786879829012,1981.0,342.51107974,0.35478522005925844
5805000019,1069,4.007841365656413,1982.0,1551.04985053,0.25839539356436014
5605810001,53,14.357427548002105,1982.0,1275.3427006,1.1257701589735438
5205001221,2266,14.832465394262927,1982.0,2847.31901201,0.5209274173950845
5105920004,92,0.23219427674902754,1982.0,1483.09512201,0.01565606098375812
5105920003,92,17.893177457120427,1982.0,1483.09512201,1.2064753764998075
5105920002,92,4.895260186158011,1982.0,1483.09512201,0.330070547297303
5105920001,92,3.5380599951626497,1982.0,1483.09512201,0.2385592092277675
5105230002,2059,0.13632516099336126,1982.0,1163.34178506,0.01171841007897178
5105230002,2059,0.1363251609933724,1982.0,1163.34178506,0.01171841007897274
5105230002,2059,0.13632516099336126,1982.0,1163.34178506,0.01171841007897178
5105230002,2059,0.1363251609933724,1982.0,1163.34178506,0.01171841007897274
5105230002,2059,0.13632516099336126,1982.0,1163.34178506,0.01171841007897178
5105230002,2059,0.1363251609933724,1982.0,1163.34178506,0.01171841007897274
5105230002,2059,0.13632516099336126,1982.0,1163.34178506,0.01171841007897178
5105230002,2059,0.1363251609933724,1982.0,1163.34178506,0.01171841007897274
5105230001,2059,0.21308854991469264,1982.0,1163.34178506,0.018316934253651218
4905000064,2130,0.14920666913881994,1982.0,808.3377538289999,0.018458456063946745
3105000005,3135,5.184354525750532,1982.0,2794.50554437,0.18551956485451546
3105000003,899,180.09685542787741,1982.0,2552.68402796,7.055195764741922
2405000003,2559,0.1533115659830639,1982.0,528.399739399,0.02901431521473495
2305350001,2283,1.3191495952579158,1982.0,3221.37299085,0.040949917907824804
2205000039,1037,1.4906389584942838,1982.0,9985.92171247,0.01492740481464857
2205000038,1037,6.204575294760794,1982.0,9985.92171247,0.062133225889531865
1705000172,92,0.3611643738602238,1982.0,1483.09512201,0.024352070780918434
6105001001,808,0.6248053346191701,1983.0,1312.82707222,0.04759235605666021
5705000017,1197,1.6196050730454454,1983.0,4695.82927273,0.03449028870046334
5105100001,389,11.224125987380537,1983.0,1168.41556471,0.9606279072605781
5105100001,389,11.224125987380537,1983.0,1168.41556471,0.9606279072605781
5105100001,389,11.224125987380537,1983.0,1168.41556471,0.9606279072605781
5105100001,389,11.224125987380537,1983.0,1168.41556471,0.9606279072605781
5105100001,389,11.224125987380537,1983.0,1168.41556471,0.9606279072605781
5105100001,389,11.224125987380537,1983.0,1168.41556471,0.9606279072605781
5105100001,389,11.224125987380537,1983.0,1168.41556471,0.9606279072605781
5105100001,389,11.224125987380537,1983.0,1168.41556471,0.9606279072605781
4305000047,132,0.10543572880576996,1983.0,10604.103212200002,0.0009942918009744222
3805010089,369,2.414943687116739,1983.0,2447.8292578,0.09865654148145868
3305000005,2879,6.0074557988023445,1983.0,714.191519482,0.8411547371998377
2205000030,1538,5.174598592516159,1983.0,4258.82774445,0.12150288537167463
1805001368,3057,0.2449223820576792,1983.0,5392.84659409,0.00454161596819922
1705000109,3555,1.1833709420249168,1983.0,3746.9049748999996,0.031582624858440655
6005000505,145,0.9382050657825538,1984.0,11834.368836299998,0.007927799773358108
5105630001,2474,2.774061048901691,1984.0,405.458582551,0.6841786481490398
5105030001,1639,1.0686975828975434,1984.0,1113.13965954,0.09600750217984129
4305000022,482,0.5273791811334129,1984.0,1636.99130818,0.03221637027014827
3805020008,1354,0.9843258465877864,1984.0,1629.63429767,0.06040164029409203
3805010063,462,0.355622319342264,1984.0,572.078836236,0.0621631664758105
3805010058,462,0.09243512445101863,1984.0,572.078836236,0.016157759839394988
3005000014,2834,56.15095946579342,1984.0,2091.68917339,2.6844791367729637
3005000013,2834,4.112634949300627,1984.0,2091.68917339,0.1966178819310558
3005000012,2834,5.70593476869637,1984.0,2091.68917339,0.2727907588415139
2305150002,1618,0.12451957317089693,1984.0,67.378684601,0.1848055863783498
2305150001,1619,0.20730970297668366,1984.0,39.9013106421,0.519556123948346
6005000465,152,3.1078846826518007,1985.0,5797.99994586,0.05360270285740435
5805000029,3547,5.450446819107238,1985.0,2613.43330691,0.20855503772359854
5705000015,266,1.2769510290550206,1985.0,2270.77775282,0.056234082242052064
4905000057,2150,0.09795223310239697,1985.0,1700.83505451,0.005759067161901622
4705000024,1994,0.11559200057289234,1985.0,1141.06205528,0.010130211589984714
4305000049,1390,0.16087824537630008,1985.0,1807.72235748,0.008899499677625688
4305000049,1390,0.16087824537630008,1985.0,1807.72235748,0.008899499677625688
1905031045,361,1.8318087170402384,1985.0,15514.250629600001,0.011807265209092909
1805000720,2696,0.16144966817292514,1985.0,10602.667497499999,0.00152272688180586
1805000719,2696,0.3187714116750964,1985.0,10602.667497499999,0.0030065208755274036
1405000036,2010,0.4903941362876454,1985.0,1342.87572431,0.03651820696510252
6005000100,1380,1.977046993873522,1986.0,10923.640951899999,0.018098791443064092
3705000022,448,13.487460234923324,1986.0,1661.03410011,0.8119917727173772
3705000022,448,13.487460234923324,1986.0,1661.03410011,0.8119917727173772
2305330002,523,8.834287169223,1986.0,1241.25256537,0.7117235779157985
2305330001,523,19.51927397663796,1986.0,1241.25256537,1.5725465164150167
1805000503,82,0.11739797804564807,1986.0,1774.94520986,0.0066141747583807345
1805000007,3592,0.10820312079990604,1986.0,11157.910759299999,0.00096974355803769
6105005002,858,0.09079749711074836,1987.0,1392.23037519,0.006521729358071007
6105005001,858,0.2740785039458438,1987.0,1392.23037519,0.019686289627780882
5805000014,1527,0.27583849617953715,1987.0,1520.30841472,0.01814358807126245
5705000038,3182,1.7597126783215455,1987.0,4950.83307979,0.03554376909827442
5705000001,3478,4.867239317540869,1987.0,2995.68805582,0.16247483806215515
4905000041,3510,0.5103960422451463,1987.0,2549.05964515,0.02002291485082578
4905000005,677,0.15333673411634388,1987.0,1150.54821263,0.013327275852772526
4705000035,2101,2.5764013979055176,1987.0,2483.6167296,0.10373586903324095
4705000034,2101,13.148317428667779,1987.0,2483.6167296,0.5294020318016375
3105000004,900,104.3310902134683,1987.0,1085.55218385,9.61087746546182
1505000946,1939,0.7820909535950411,1987.0,1176.40135299,0.06648164349753934
5105800003,389,3.649758071804081,1988.0,1168.41556471,0.3123681489736016
5105800002,389,5.765532800598308,1988.0,1168.41556471,0.4934488186169712
5105800001,389,0.3701586163284517,1988.0,1168.41556471,0.03168039073669178
5105020001,103,1.9568295521105519,1988.0,1212.58430892,0.16137678326494437
4705000154,1703,2.0685886933210167,1988.0,1772.94116062,0.11667554114416455
4705000134,16,4.795707459702332,1988.0,3350.92635167,0.14311587174431029
4505000009,2256,0.8724604403024444,1988.0,35.084924349,2.4867103363935614
4505000007,2256,0.6876473006723929,1988.0,35.084924349,1.9599509288723675
3305000020,2457,1.7576907242770332,1988.0,2042.61948334,0.08605081556369648
1505000242,2267,0.0755260766268642,1988.0,1170.00376971,0.006455199426031275
5505000008,1301,1.6391149847263975,1989.0,4592.746856399999,0.03568920813569963
5705000016,264,0.12398021004347265,1990.0,2858.32243038,0.004337516605045502
5505000043,1467,22.69626928323544,1990.0,487.589189386,4.654793374688203
5305000046,658,1.0771594213257096,1990.0,1312.48252435,0.08207038199302251
5305000045,658,3.5110528930953397,1990.0,1312.48252435,0.2675123537232749
5305000044,658,1.3007467791712908,1990.0,1312.48252435,0.09910583608078734
5305000043,658,0.81470463086789,1990.0,1312.48252435,0.06207356027626869
4705000053,1704,2.8218358092119264,1990.0,1406.31322504,0.20065485831804397
2205000057,751,1.621731617547954,1990.0,13018.4171867,0.012457210383492418
2205000042,3324,0.1038936010847602,1990.0,6213.20081886,0.0016721429761193945
2205000041,3324,0.926182082885278,1990.0,6213.20081886,0.014906681916249638
1805001314,3094,0.5484296282371273,1990.0,708.8411738,0.07736988884224537
5805000021,2911,0.4105665312561369,1991.0,1716.69706395,0.023916073480748666
5705000036,3700,0.19960769602024456,1991.0,5324.68327121,0.0037487243062794416
5705000034,3700,0.10808399529224563,1991.0,5324.68327121,0.0020298671261189255
5705000033,3700,0.21228038401782687,1991.0,5324.68327121,0.003986723213483973
5705000032,3700,0.1004773635470964,1991.0,5324.68327121,0.0018870110845910194
5705000031,3700,0.5716077425511169,1991.0,5324.68327121,0.010735056217178955
5705000030,3700,0.2485537530600563,1991.0,5324.68327121,0.004667953761756313
5705000029,3700,0.5391120636830644,1991.0,5324.68327121,0.010124772427272555
5705000003,1197,1.8680781684145609,1991.0,4695.82927273,0.039781645794982695
5105300001,2227,25.925662424911287,1991.0,2256.70555471,1.1488278730382657
4705000135,1984,1.4365818719760481,1991.0,1338.18338555,0.10735313915032699
4205000005,311,0.21131782509616676,1991.0,935.330828085,0.022592842954702957
4205000004,311,0.7122877633112079,1991.0,935.330828085,0.07615356427089533
3405000001,991,156.29689175078883,1991.0,3353.7925596,4.6603028951030305
3305000013,2549,0.3455106119011182,1991.0,1097.54499646,0.03148031406598557
5505000020,1467,4.167574229346205,1992.0,487.589189386,0.8547306462217203
4705000118,80,0.20950482391098554,1992.0,6820.61053277,0.003071643262790157
1805100568,1225,0.5117932973906172,1992.0,4578.68578808,0.011177733547975775
1805000023,1501,0.27282054657263244,1992.0,7212.53220149,0.0037825903434617852
6105004001,3253,0.20388971469438605,1993.0,110.97416111700001,0.18372719617085026
5105150001,2661,0.1534484634406947,1993.0,1149.95006817,0.013343924026622177
4705000073,1680,3.6291681212117166,1993.0,3098.83459889,0.117113966731612
1805200568,1225,86.70714220840263,1993.0,4578.68578808,1.89371243674622
5805000015,3180,9.557459741078725,1994.0,1400.40845893,0.6824765788962189
4705000117,1579,0.5624615493814664,1994.0,10404.742442499999,0.005405819053088651
4605000007,3406,1.7699080002573953,1994.0,161.967926377,1.0927521515202459
3905100003,2469,2.8943850540227682,1994.0,613.222642325,0.47199578982420903
3905100002,2469,0.2321188178545784,1994.0,613.222642325,0.037852290804937114
3905100001,2469,45.95879496807539,1994.0,613.222642325,7.494634378441269
2305200001,520,5.855119698023148,1994.0,2323.47950678,0.25199790576752196
1805000022,1501,0.3390726682284233,1994.0,7212.53220149,0.004701159852823617
5805000011,1516,29.43201890821888,1995.0,2332.74416561,1.2616908164261798
5805000010,1516,97.67021080665016,1995.0,2332.74416561,4.186923377476756
5805000009,1516,19.01886554574211,1995.0,2332.74416561,0.8153001013194595
5705000011,1840,2.1288469779599155,1995.0,1519.75149918,0.14007862332154697
5105890001,1702,2.1260833586625005,1995.0,1870.18029755,0.1136833363846118
5105550005,3668,0.7265063255515205,1995.0,1532.07513696,0.04741975821062413
4705000155,2110,0.26164932769518945,1995.0,879.68153565,0.029743642112694316
4705000140,2110,0.3051024710114898,1995.0,879.68153565,0.03468328692224379
4605000002,3406,0.7250774462399184,1995.0,161.967926377,0.4476673020757287
4205000006,2414,2.9659557380796424,1995.0,1004.34899341,0.2953112670536492
